dimension,signal_type,horizon,events,effective_n,stocks,dates,median,mean,positive_rate,result_negative_n,result_positive_n,result_neutral_n,result_unknown_n,path_direct_failure_n,path_immediate_continuation_n,path_spike_then_fade_n,path_deep_drawdown_recovery_n,path_delayed_start_n,path_unknown_n,weekly_base_pattern,weekly_weekday_path,weekly_eligibility_state,industry_code,market_context,half
signal_type,sv_legacy,1,121350,121350,4826,,-0.0005084536971053,0.0005768872915642527,0.4763988463123197,52125.0,51872.0,12777.0,4576.0,64501,53244,2859,746.0,,,,,,,,
signal_type,sv_legacy,2,121350,121350,4826,,-0.001421717127055,0.0005739537155249838,0.47356407086938607,53667.0,54036.0,8779.0,4868.0,59083,41028,7236,2378.0,11625.0,,,,,,,
signal_type,sv_legacy,3,121350,121350,4826,,-0.0018418629446544,0.0002390079876663091,0.4728800988875155,54616.0,54715.0,7084.0,4935.0,54423,37531,11637,4149.0,13610.0,,,,,,,
signal_type,sv_legacy,5,121350,121350,4826,,-0.00153677307344145,0.0023346005631470104,0.48252987227029254,55159.0,55413.0,5566.0,5212.0,46832,34538,17459,8040.0,14481.0,,,,,,,
signal_type,sv_legacy,10,121350,121350,4826,,-0.0023765071517091,0.004788345859625203,0.48329625051503916,55700.0,55666.0,3741.0,6243.0,36289,29036,27450,15493.0,13082.0,,,,,,,
signal_type,sv_legacy,15,121350,120941,4826,,-0.0049342105263158,0.006794899573009119,0.47489271628314633,55364.0,55774.0,2936.0,7276.0,30439,24905,33867,19893.0,11837.0,409.0,,,,,,
signal_type,sv_legacy,20,121350,120129,4826,,-0.0037348272642391,0.010755820742667274,0.4837965853374289,55775.0,55195.0,2586.0,7794.0,26697,22876,36029,23681.0,10846.0,1221.0,,,,,,
signal_type,td_legacy,1,74236,74236,4807,,-0.00133958532970125,0.0005000331013144767,0.46247103831025377,32672.0,31431.0,7331.0,2802.0,40461,31507,1820,448.0,,,,,,,,
signal_type,td_legacy,2,74236,74236,4807,,-0.0018058694425692,0.0008687445199185773,0.464545503529285,33667.0,32453.0,5226.0,2890.0,36800,23882,4620,1363.0,7571.0,,,,,,,
signal_type,td_legacy,3,74236,74236,4807,,-0.0013947001394699,0.0016308500768685151,0.4766690015625842,33991.0,33000.0,4283.0,2962.0,33285,22309,6920,2579.0,9143.0,,,,,,,
signal_type,td_legacy,5,74236,74236,4807,,-0.0008262758802202,0.003560250162740869,0.48702785710436985,34003.0,33671.0,3336.0,3226.0,28283,20631,10745,4729.0,9848.0,,,,,,,
signal_type,td_legacy,10,74236,74236,4807,,-0.001763668430335,0.006484909584489184,0.4864216822027049,34667.0,33866.0,2290.0,3413.0,21665,17296,17129,9007.0,9139.0,,,,,,,
signal_type,td_legacy,15,74236,74017,4807,,-0.0025996533795494,0.00965406044492651,0.48579380412607914,34433.0,34012.0,1874.0,3917.0,18058,15115,20490,12193.0,8161.0,219.0,,,,,,
signal_type,td_legacy,20,74236,73595,4807,,-0.0043841336116909,0.01117477946837604,0.48092941096541886,34272.0,34023.0,1526.0,4415.0,15888,13653,22734,13923.0,7397.0,641.0,,,,,,
weekly_base_pattern,,1,36792,36792,4641,,-0.0019907574503018003,0.0002101025634500043,0.4500978473581213,16242.0,15652.0,3530.0,1368.0,20415,15169,972,236.0,,,double_positive_efficiency_improved,,,,,
weekly_base_pattern,,2,36792,36792,4641,,-0.0020782099709736497,0.0009104212297156098,0.46376929767340724,16562.0,16117.0,2576.0,1537.0,18227,11691,2316,773.0,3785.0,,double_positive_efficiency_improved,,,,,
weekly_base_pattern,,3,36792,36792,4641,,-0.0032894736842105,0.0006786342960661194,0.4573276799304197,16838.0,16412.0,1984.0,1558.0,16942,10650,3664,1304.0,4232.0,,double_positive_efficiency_improved,,,,,
weekly_base_pattern,,5,36792,36792,4641,,-0.00173725204075245,0.003510580521189727,0.48081104587953905,16983.0,16626.0,1582.0,1601.0,14146,9865,5395,2573.0,4813.0,,double_positive_efficiency_improved,,,,,
weekly_base_pattern,,10,36792,36792,4641,,-0.0015735650968157502,0.007802968584546986,0.48749728201782994,17258.0,16755.0,1104.0,1675.0,10790,8289,8376,4905.0,4432.0,,double_positive_efficiency_improved,,,,,
weekly_base_pattern,,15,36792,36571,4641,,-0.0004065040650407,0.011819589378043876,0.49484564272237563,17028.0,17012.0,868.0,1884.0,8833,7353,9889,6487.0,4009.0,221.0,double_positive_efficiency_improved,,,,,
weekly_base_pattern,,20,36792,36486,4641,,-0.00116482275970045,0.013887074935263375,0.4936962122457929,16752.0,17094.0,731.0,2215.0,7782,6719,10906,7390.0,3689.0,306.0,double_positive_efficiency_improved,,,,,
weekly_base_pattern,,1,67180,67180,4787,,0.0,0.001124617906166828,0.4812295325989878,28655.0,28433.0,7461.0,2631.0,35824,29797,1272,287.0,,,negative_to_positive,,,,,
weekly_base_pattern,,2,67180,67180,4787,,-0.0014044943820223,0.0006379989417317816,0.47058648407264064,29909.0,29281.0,5155.0,2835.0,33656,22908,3430,936.0,6250.0,,negative_to_positive,,,,,
weekly_base_pattern,,3,67180,67180,4787,,-0.0011658409617593501,0.0005211952143083976,0.47838642453111047,30124.0,29949.0,4230.0,2877.0,30820,21295,5486,1868.0,7711.0,,negative_to_positive,,,,,
weekly_base_pattern,,5,67180,67180,4787,,0.0,0.0028833508338538274,0.49556415599880915,30581.0,30370.0,3213.0,3016.0,26333,19930,8446,3968.0,8503.0,,negative_to_positive,,,,,
weekly_base_pattern,,10,67180,67180,4787,,0.0014884644924967,0.007143469544300251,0.5056713307532004,30940.0,30859.0,2194.0,3187.0,20064,17270,13746,8060.0,8040.0,,negative_to_positive,,,,,
weekly_base_pattern,,15,67180,66907,4787,,-0.0022988505747127,0.008843285590656167,0.48616736664325105,31148.0,30861.0,1774.0,3397.0,16931,14776,17881,10241.0,7078.0,273.0,negative_to_positive,,,,,
weekly_base_pattern,,20,67180,66640,4787,,-0.0014925406383172,0.0131048719255399,0.49179171668667465,31385.0,30581.0,1505.0,3709.0,14911,13434,19374,12475.0,6446.0,540.0,negative_to_positive,,,,,
weekly_base_pattern,,1,90319,90319,4808,,-0.0011061946902656,0.00012645795580925207,0.46964647527098397,39366.0,38606.0,9015.0,3332.0,48244,38989,2421,665.0,,,none,,,,,
weekly_base_pattern,,2,90319,90319,4808,,-0.0016638935108153,0.0004237253045131086,0.4701557811756109,40306.0,40475.0,6199.0,3339.0,43546,29639,6071,1975.0,9088.0,,none,,,,,
weekly_base_pattern,,3,90319,90319,4808,,-0.0016438356164384,0.0007322575679026758,0.47590208040390175,41092.0,40714.0,5098.0,3415.0,39535,27243,9329,3499.0,10713.0,,none,,,,,
weekly_base_pattern,,5,90319,90319,4808,,-0.0024154589371979,0.0021400399526073886,0.47554778064416126,41042.0,41437.0,4066.0,3774.0,34259,24761,14216,6166.0,10917.0,,none,,,,,
weekly_base_pattern,,10,90319,90319,4808,,-0.0053821313240043,0.00299144051495994,0.4666349273131899,41503.0,41363.0,2706.0,4747.0,26785,20273,22172,11409.0,9680.0,,none,,,,,
weekly_base_pattern,,15,90319,90185,4808,,-0.0070821529745043,0.005515094362725802,0.46712867993568774,40967.0,41351.0,2136.0,5865.0,22463,17467,26192,15204.0,8859.0,134.0,none,,,,,
weekly_base_pattern,,20,90319,89303,4808,,-0.0070948469006721,0.008002567582922008,0.4711935769235076,41315.0,40920.0,1846.0,6238.0,19662,15987,28059,17534.0,8061.0,1016.0,none,,,,,
weekly_base_pattern,,1,1295,1295,1127,,0.0088079859072225,0.00959247071739588,0.6455598455598456,534.0,612.0,102.0,47.0,479,796,14,6.0,,,unknown,,,,,
weekly_base_pattern,,2,1295,1295,1127,,0.0121145374449338,0.015068701924382262,0.6270270270270271,557.0,616.0,75.0,47.0,454,672,39,57.0,73.0,,unknown,,,,,
weekly_base_pattern,,3,1295,1295,1127,,0.0163487738419618,0.018496082483562225,0.6355212355212355,553.0,640.0,55.0,47.0,411,652,78,57.0,97.0,,unknown,,,,,
weekly_base_pattern,,5,1295,1295,1127,,0.0165837479270314,0.02428683659124448,0.6,556.0,651.0,41.0,47.0,377,613,147,62.0,96.0,,unknown,,,,,
weekly_base_pattern,,10,1295,1295,1127,,0.0093549975381586,0.019544786069688867,0.5444015444015444,666.0,555.0,27.0,47.0,315,500,285,126.0,69.0,,unknown,,,,,
weekly_base_pattern,,15,1295,1295,1127,,-0.0021413276231263,0.01161069030928192,0.49266409266409267,654.0,562.0,32.0,47.0,270,424,395,154.0,52.0,,unknown,,,,,
weekly_base_pattern,,20,1295,1295,1127,,0.0,0.015326726569366159,0.4996138996138996,595.0,623.0,30.0,47.0,230,389,424,205.0,47.0,,unknown,,,,,
weekly_weekday_path,,1,38476,38476,4717,,0.00316832130416885,0.004506435632591324,0.556866618151575,17165.0,16199.0,3580.0,1532.0,17525,19837,762,352.0,,,,completed_week,,,,
weekly_weekday_path,,2,38476,38476,4717,,0.001142421934501,0.0031624821209595634,0.5093304917351076,17481.0,16857.0,2606.0,1532.0,17263,15051,2427,801.0,2934.0,,,completed_week,,,,
weekly_weekday_path,,3,38476,38476,4717,,0.0,0.0031318751532571493,0.49968811726790724,17720.0,16847.0,2238.0,1671.0,16019,13801,3956,1246.0,3454.0,,,completed_week,,,,
weekly_weekday_path,,5,38476,38476,4717,,-0.00098522263119475,0.002439392862826526,0.4853415115916415,17427.0,17602.0,1776.0,1671.0,14133,12325,6220,2187.0,3611.0,,,completed_week,,,,
weekly_weekday_path,,10,38476,38476,4717,,-0.0036190908886254997,0.004715154720614539,0.4749974009772326,17704.0,17662.0,1205.0,1905.0,10935,10296,9604,4302.0,3339.0,,,completed_week,,,,
weekly_weekday_path,,15,38476,38332,4717,,-0.00627406564463715,0.005635927672637136,0.471746843368465,17486.0,17657.0,968.0,2365.0,9059,8862,11421,5886.0,3104.0,144.0,,completed_week,,,,
weekly_weekday_path,,20,38476,38092,4717,,-0.00503814690183325,0.01283823126212922,0.47876194476530504,17430.0,17530.0,797.0,2719.0,7919,8070,12144,7194.0,2765.0,384.0,,completed_week,,,,
weekly_weekday_path,,1,75729,75729,4799,,-0.0023612750885479,-0.0009377240292214114,0.4456416960477492,33048.0,32203.0,7793.0,2685.0,42200,31033,2135,361.0,,,,midweek_partial,,,,
weekly_weekday_path,,2,75729,75729,4799,,-0.0015037593984962,0.00033334020457449596,0.4728307517595637,34077.0,33688.0,5279.0,2685.0,36842,24468,4592,1433.0,8394.0,,,midweek_partial,,,,
weekly_weekday_path,,3,75729,75729,4799,,0.0,0.0024530028368797674,0.4903273514769771,34924.0,33904.0,4216.0,2685.0,33087,22651,6786,2993.0,10212.0,,,midweek_partial,,,,
weekly_weekday_path,,5,75729,75729,4799,,-0.0027972027972028,0.0031776442514281906,0.47243460233199963,34646.0,34463.0,3394.0,3226.0,29540,19918,11306,5069.0,9896.0,,,midweek_partial,,,,
weekly_weekday_path,,10,75729,75729,4799,,-0.0031674208144796,0.00570895026177034,0.4785088935546488,35416.0,34236.0,2302.0,3775.0,22456,16637,17691,9778.0,9167.0,,,midweek_partial,,,,
weekly_weekday_path,,15,75729,75727,4799,,-0.0041580041580042,0.009410828773233551,0.47878563788344974,35007.0,34464.0,1806.0,4452.0,18816,14589,21173,12791.0,8358.0,2.0,,midweek_partial,,,,
weekly_weekday_path,,20,75729,75174,4799,,-0.00358982342723605,0.010904476466276793,0.48475536754729026,35009.0,34406.0,1603.0,4711.0,16387,13382,22800,14831.0,7774.0,555.0,,midweek_partial,,,,
weekly_weekday_path,,1,43972,43972,4750,,-0.002127659574468,-0.00046638755769960787,0.447762212316929,18695.0,18972.0,4759.0,1546.0,24731,18075,917,249.0,,,,monday,,,,
weekly_weekday_path,,2,43972,43972,4750,,-0.0031092115073452003,7.618109714530632e-05,0.44360047302829075,19312.0,19413.0,3321.0,1926.0,23087,13693,2362,847.0,3983.0,,,monday,,,,
weekly_weekday_path,,3,43972,43972,4750,,-0.0044723076950552,-0.001435036562154663,0.44291822068589104,19422.0,19965.0,2659.0,1926.0,21190,12707,4067,1326.0,4682.0,,,monday,,,,
weekly_weekday_path,,5,43972,43972,4750,,0.00042626930448725004,0.0036723761507524546,0.5005685436186664,20013.0,19991.0,2042.0,1926.0,17036,12626,5438,2973.0,5899.0,,,monday,,,,
weekly_weekday_path,,10,43972,43972,4750,,0.001192626623238,0.008046124394599723,0.5031611025197853,20228.0,20349.0,1389.0,2006.0,13021,10652,9191,5757.0,5351.0,,,monday,,,,
weekly_weekday_path,,15,43972,43591,4750,,0.0,0.0112367515065597,0.49744213255029707,20254.0,20306.0,1096.0,2316.0,10747,9331,11441,7405.0,4667.0,381.0,,monday,,,,
weekly_weekday_path,,20,43972,43510,4750,,0.0,0.013286613034507252,0.49726499655251666,20342.0,20144.0,916.0,2570.0,9448,8359,12692,8672.0,4339.0,462.0,,monday,,,,
weekly_weekday_path,,1,17699,17699,4297,,0.0,0.0023788520991922944,0.48403864625120063,7493.0,7393.0,2030.0,783.0,9405,7896,326,72.0,,,,tuesday_A,,,,
weekly_weekday_path,,2,17699,17699,4297,,-0.0010653409090909,0.0007091122371125537,0.4730775750042375,7804.0,7709.0,1403.0,783.0,8729,5958,1020,217.0,1775.0,,,tuesday_A,,,,
weekly_weekday_path,,3,17699,17699,4297,,-0.0015797788309636,-0.0008748310381013916,0.47013955590711337,7825.0,7977.0,1114.0,783.0,8180,5490,1585,424.0,2020.0,,,tuesday_A,,,,
weekly_weekday_path,,5,17699,17699,4297,,0.0018545994065282,0.003974583334912367,0.5125148313464037,8157.0,7915.0,844.0,783.0,6648,5408,2228,1081.0,2334.0,,,tuesday_A,,,,
weekly_weekday_path,,10,17699,17699,4297,,0.001610305958132,0.00611592298433863,0.5068082942539126,8172.0,8119.0,587.0,821.0,5291,4670,3604,2001.0,2133.0,,,tuesday_A,,,,
weekly_weekday_path,,15,17699,17648,4297,,-0.00076997916701225,0.007682868123760321,0.49444696282864914,8165.0,8183.0,485.0,866.0,4484,4025,4560,2637.0,1942.0,51.0,,tuesday_A,,,,
weekly_weekday_path,,20,17699,17610,4297,,0.0,0.013613724191762863,0.49630891538898353,8227.0,8198.0,390.0,884.0,3983,3714,4990,3202.0,1721.0,89.0,,tuesday_A,,,,
weekly_weekday_path,,1,3097,3097,2110,,-0.001186943620178,0.00022435082585182365,0.45075879883758474,1181.0,1422.0,362.0,132.0,1775,1267,47,8.0,,,,tuesday_B,,,,
weekly_weekday_path,,2,3097,3097,2110,,-0.0035906642728905,-0.0018090049268526997,0.4291249596383597,1275.0,1434.0,256.0,132.0,1721,916,121,38.0,301.0,,,tuesday_B,,,,
weekly_weekday_path,,3,3097,3097,2110,,-0.0058163689239717,-0.007027699473094014,0.41588634162092347,1278.0,1474.0,213.0,132.0,1650,825,217,75.0,330.0,,,tuesday_B,,,,
weekly_weekday_path,,5,3097,3097,2110,,-0.0021474588403722,-0.003167956586627776,0.4727155311591863,1338.0,1481.0,146.0,132.0,1363,821,312,198.0,403.0,,,tuesday_B,,,,
weekly_weekday_path,,10,3097,3097,2110,,-0.0043196544276458,-0.004280519102509289,0.47077817242492737,1337.0,1478.0,114.0,168.0,1130,693,541,368.0,365.0,,,tuesday_B,,,,
weekly_weekday_path,,15,3097,3096,2110,,-0.024502042726459,-0.011325414272863588,0.3814599483204134,1339.0,1495.0,87.0,176.0,1017,462,920,427.0,270.0,1.0,,tuesday_B,,,,
weekly_weekday_path,,20,3097,3059,2110,,-0.0201680672268907,-0.00327781711887354,0.40666884602811376,1351.0,1470.0,98.0,178.0,938,440,897,549.0,235.0,38.0,,tuesday_B,,,,
weekly_weekday_path,,1,184,184,180,,-0.00309582642293515,-0.0018106981579931042,0.44565217391304346,81.0,75.0,22.0,6.0,109,72,1,2.0,,,,tuesday_C,,,,
weekly_weekday_path,,2,184,184,180,,-0.007749716107617001,-0.00820824825396718,0.3858695652173913,83.0,83.0,12.0,6.0,106,48,9,2.0,19.0,,,tuesday_C,,,,
weekly_weekday_path,,3,184,184,180,,-0.00710488242843895,-0.012746540481927693,0.40217391304347827,75.0,89.0,14.0,6.0,102,50,11,6.0,15.0,,,tuesday_C,,,,
weekly_weekday_path,,5,184,184,180,,-0.0042672320069579,-0.011135355727647104,0.4782608695652174,79.0,91.0,8.0,6.0,80,52,17,18.0,17.0,,,tuesday_C,,,,
weekly_weekday_path,,10,184,184,180,,-0.00803519080374325,-0.01142269647850862,0.47282608695652173,81.0,89.0,8.0,6.0,60,45,38,25.0,16.0,,,tuesday_C,,,,
weekly_weekday_path,,15,184,184,180,,-0.03735272459499255,-0.021123345632195777,0.32065217391304346,92.0,80.0,6.0,6.0,61,25,65,21.0,12.0,,,tuesday_C,,,,
weekly_weekday_path,,20,184,184,180,,-0.025066726891964,-0.014880893079602798,0.3858695652173913,97.0,80.0,1.0,6.0,58,27,55,32.0,12.0,,,tuesday_C,,,,
weekly_weekday_path,,1,16429,16429,4349,,-0.0025870178739416,-0.0010474124969993036,0.44037981617870836,7134.0,7039.0,1562.0,694.0,9217,6571,491,150.0,,,,tuesday_gate_failed,,,,
weekly_weekday_path,,2,16429,16429,4349,,-0.003512880562061,-0.0013128849978553544,0.44251019538620734,7302.0,7305.0,1128.0,694.0,8135,4776,1325,403.0,1790.0,,,tuesday_gate_failed,,,,
weekly_weekday_path,,3,16429,16429,4349,,-0.0045351473922903,-0.0032563676212675175,0.4414754397711364,7363.0,7459.0,913.0,694.0,7480,4316,1935,658.0,2040.0,,,tuesday_gate_failed,,,,
weekly_weekday_path,,5,16429,16429,4349,,-0.0036630036630036,-0.0004177490675163195,0.46411832734798225,7502.0,7541.0,692.0,694.0,6315,4019,2683,1243.0,2169.0,,,tuesday_gate_failed,,,,
weekly_weekday_path,,10,16429,16429,4349,,-0.0066050198150594,0.00012385243222684324,0.46290096780084,7429.0,7599.0,426.0,975.0,5061,3339,3910,2269.0,1850.0,,,tuesday_gate_failed,,,,
weekly_weekday_path,,15,16429,16380,4349,,-0.0107104585756864,0.00129414027886331,0.45183150183150184,7454.0,7601.0,362.0,1012.0,4313,2726,4777,2919.0,1645.0,49.0,,tuesday_gate_failed,,,,
weekly_weekday_path,,20,16429,16095,4349,,-0.0160599571734475,4.060743106682224e-05,0.44380242311276796,7591.0,7390.0,307.0,1141.0,3852,2537,5185,3124.0,1397.0,334.0,,tuesday_gate_failed,,,,
weekly_eligibility_state,,1,99975,99975,4811,,-0.0008064516129031,0.0008260668967705579,0.4704876219054764,43274.0,42328.0,10542.0,3831.0,54018,43289,2166,502.0,,,,,eligible,,,
weekly_eligibility_state,,2,99975,99975,4811,,-0.0015491866769945,0.0008549161197615154,0.4696474118529632,44770.0,43579.0,7422.0,4204.0,49712,33401,5551,1652.0,9659.0,,,,eligible,,,
weekly_eligibility_state,,3,99975,99975,4811,,-0.0016711229946524,0.0008857615826893011,0.4732683170792698,45285.0,44481.0,5942.0,4267.0,45675,30896,8812,3050.0,11542.0,,,,eligible,,,
weekly_eligibility_state,,5,99975,99975,4811,,0.0,0.0032779262476407603,0.4903925981495374,45815.0,45100.0,4611.0,4449.0,38827,28687,13402,6238.0,12821.0,,,,eligible,,,
weekly_eligibility_state,,10,99975,99975,4811,,0.0,0.0077525742399293905,0.4998649662415604,46415.0,45753.0,3149.0,4658.0,29506,24616,21369,12467.0,12017.0,,,,eligible,,,
weekly_eligibility_state,,15,99975,99483,4811,,-0.0010131712259373,0.010569888259663433,0.4924157896323995,46402.0,45974.0,2534.0,5065.0,24547,21451,26600,16137.0,10748.0,492.0,,,eligible,,,
weekly_eligibility_state,,20,99975,99168,4811,,-0.0006493509231534,0.01384779268785072,0.4950185543723782,46352.0,45807.0,2113.0,5703.0,21576,19505,29111,19135.0,9841.0,807.0,,,eligible,,,
weekly_eligibility_state,,1,8494,8494,3569,,-0.00262010532289445,-0.0012623828131615945,0.4451377442900871,3855.0,3646.0,731.0,262.0,4573,3468,342,111.0,,,,,excluded,,,
weekly_eligibility_state,,2,8494,8494,3569,,-0.00194521242514285,0.0006326650032606504,0.4683305862962091,3919.0,3800.0,511.0,264.0,3906,2649,756,308.0,875.0,,,,excluded,,,
weekly_eligibility_state,,3,8494,8494,3569,,-0.0013179893605471,0.0020112468439512244,0.4811631740051801,3931.0,3895.0,397.0,271.0,3454,2450,1095,484.0,1011.0,,,,excluded,,,
weekly_eligibility_state,,5,8494,8494,3569,,-0.00324678747246035,0.0032452868715115196,0.4711561101954321,4026.0,3848.0,334.0,286.0,2957,2171,1642,762.0,962.0,,,,excluded,,,
weekly_eligibility_state,,10,8494,8494,3569,,-0.0023228803716608,0.008770104911288393,0.4850482693666117,4121.0,3803.0,255.0,315.0,2181,1816,2265,1321.0,911.0,,,,excluded,,,
weekly_eligibility_state,,15,8494,8485,3569,,-0.0050237610319077,0.01062423566008186,0.4776664702416028,4082.0,3848.0,170.0,394.0,1800,1560,2680,1644.0,801.0,9.0,,,excluded,,,
weekly_eligibility_state,,20,8494,8462,3569,,-0.0057758801790573,0.01241542786649908,0.4800283620893406,4107.0,3803.0,167.0,417.0,1564,1433,2885,1831.0,749.0,32.0,,,excluded,,,
weekly_eligibility_state,,1,69393,69393,4790,,-0.0003316199635218,0.0005771196242421503,0.47921260069459454,30000.0,29678.0,7171.0,2544.0,36675,30627,1666,425.0,,,,,observation,,,
weekly_eligibility_state,,2,69393,69393,4790,,-0.001312866087659,0.0006535633938072919,0.47468764861009033,30786.0,31189.0,4869.0,2549.0,33676,23412,4185,1321.0,6799.0,,,,observation,,,
weekly_eligibility_state,,3,69393,69393,4790,,-0.0012549675800042,0.0010661060556745507,0.47976020636087213,31475.0,31240.0,4060.0,2618.0,30688,21526,6637,2479.0,8063.0,,,,observation,,,
weekly_eligibility_state,,5,69393,69393,4790,,-0.0018488308863513,0.002417219491435462,0.4795728675803035,31263.0,31944.0,3224.0,2962.0,26639,19679,10330,4464.0,8281.0,,,,observation,,,
weekly_eligibility_state,,10,69393,69393,4790,,-0.0052966101694914,0.0026742952121529716,0.46624299280907294,31736.0,31822.0,2174.0,3661.0,20891,16061,16750,8317.0,7374.0,,,,observation,,,
weekly_eligibility_state,,15,69393,69315,4790,,-0.0073671965878246,0.005171201704987787,0.46616172545625045,31205.0,31801.0,1712.0,4675.0,17567,13859,19905,11232.0,6752.0,78.0,,,observation,,,
weekly_eligibility_state,,20,69393,68704,4790,,-0.0060881624652449,0.008961267780414044,0.47406264555193295,31402.0,31595.0,1495.0,4901.0,15363,12665,21158,13309.0,6209.0,689.0,,,observation,,,
weekly_eligibility_state,,1,17724,17724,4426,,-0.00185444697588435,-0.0002700118671955483,0.45537124802527645,7668.0,7651.0,1664.0,741.0,9696,7367,505,156.0,,,,,unknown,,,
weekly_eligibility_state,,2,17724,17724,4426,,-0.0026542800265427,-0.00011596810187827738,0.45599187542315506,7859.0,7921.0,1203.0,741.0,8589,5448,1364,460.0,1863.0,,,,unknown,,,
weekly_eligibility_state,,3,17724,17724,4426,,-0.0034904276479363503,-0.0016670298371468614,0.45565335138794855,7916.0,8099.0,968.0,741.0,7891,4968,2013,715.0,2137.0,,,,unknown,,,
weekly_eligibility_state,,5,17724,17724,4426,,-0.00258564976451875,0.0013872858246127275,0.47404649063416837,8058.0,8192.0,733.0,741.0,6692,4632,2830,1305.0,2265.0,,,,unknown,,,
weekly_eligibility_state,,10,17724,17724,4426,,-0.0054366449822796006,0.00154283849973493,0.46885578876100203,8095.0,8154.0,453.0,1022.0,5376,3839,4195,2395.0,1919.0,,,,unknown,,,
weekly_eligibility_state,,15,17724,17675,4426,,-0.01,0.0020500063206959607,0.45482319660537485,8108.0,8163.0,394.0,1059.0,4583,3150,5172,3073.0,1697.0,49.0,,,unknown,,,
weekly_eligibility_state,,20,17724,17390,4426,,-0.0148042444026899,0.001178935452004006,0.4479585968947671,8186.0,8013.0,337.0,1188.0,4082,2926,5609,3329.0,1444.0,334.0,,,unknown,,,
industry_code,,1,3534,3534,97,,0.0,0.00046924143570769287,0.4855687606112054,1604.0,1506.0,424.0,,1893,1567,59,15.0,,,,,,801010,,
industry_code,,2,3534,3534,97,,-0.00158670216448575,-0.0003575566718209673,0.46236559139784944,1711.0,1497.0,324.0,2.0,1803,1165,170,45.0,351.0,,,,,801010,,
industry_code,,3,3534,3534,97,,0.0,-0.00017418960501978703,0.48500282965478214,1698.0,1591.0,243.0,2.0,1626,1117,274,72.0,445.0,,,,,801010,,
industry_code,,5,3534,3534,97,,-0.0016743480625500502,-0.0005870281831803036,0.4722693831352575,1725.0,1595.0,208.0,6.0,1463,994,452,134.0,491.0,,,,,801010,,
industry_code,,10,3534,3534,97,,-0.0041265474552957,-0.0019537739869399016,0.4654782116581777,1758.0,1629.0,134.0,13.0,1171,853,746,306.0,458.0,,,,,801010,,
industry_code,,15,3534,3532,97,,-0.00593477035784725,-0.0007709844006106403,0.4634767836919592,1728.0,1662.0,116.0,28.0,972,742,947,469.0,402.0,2.0,,,,801010,,
industry_code,,20,3534,3525,97,,-0.0060422960725076,-0.0008867456606518914,0.46808510638297873,1703.0,1704.0,91.0,36.0,841,675,1067,562.0,380.0,9.0,,,,801010,,
industry_code,,1,16941,16941,381,,0.0,0.0010127529091887614,0.47901540641048346,7575.0,7513.0,1847.0,6.0,9071,7429,338,103.0,,,,,,801030,,
industry_code,,2,16941,16941,381,,-0.0006993006993006,0.0018455144942224934,0.48291128032583674,7689.0,7908.0,1292.0,52.0,8206,5783,939,299.0,1714.0,,,,,801030,,
industry_code,,3,16941,16941,381,,0.0,0.002627924890458408,0.49489404403518095,7766.0,8053.0,1062.0,60.0,7391,5407,1510,531.0,2102.0,,,,,801030,,
industry_code,,5,16941,16941,381,,0.0008460236886631,0.005206492059451404,0.5032760757924561,7856.0,8176.0,799.0,110.0,6283,5011,2346,1038.0,2263.0,,,,,801030,,
industry_code,,10,16941,16941,381,,0.0018903591682419,0.008169572851146098,0.5089428014875155,7878.0,8304.0,539.0,220.0,4641,4174,3837,2119.0,2170.0,,,,,801030,,
industry_code,,15,16941,16881,381,,0.000780031201248,0.01071079068416989,0.5015105740181269,7851.0,8286.0,448.0,356.0,3823,3665,4724,2712.0,1957.0,60.0,,,,801030,,
industry_code,,20,16941,16770,381,,0.00435229403754395,0.01730040872643295,0.5153846153846153,7803.0,8345.0,341.0,452.0,3240,3405,4990,3329.0,1806.0,171.0,,,,801030,,
industry_code,,1,1593,1593,42,,-0.0018126888217523,-6.722085767145156e-05,0.44005021971123665,720.0,703.0,166.0,4.0,910,663,19,1.0,,,,,,801040,,
industry_code,,2,1593,1593,42,,-0.0020080321285141,0.0005916514822328691,0.4500941619585687,794.0,663.0,130.0,6.0,841,508,58,8.0,178.0,,,,,801040,,
industry_code,,3,1593,1593,42,,-0.0028776978417266,-8.90061163009383e-05,0.4538606403013183,828.0,638.0,119.0,8.0,786,482,95,18.0,212.0,,,,,801040,,
industry_code,,5,1593,1593,42,,-0.0019607843137255,0.001320858344346404,0.46767106089139987,842.0,649.0,92.0,10.0,674,420,186,64.0,249.0,,,,,801040,,
industry_code,,10,1593,1593,42,,-0.0056179775280899,-0.0011979212945582576,0.45825486503452606,839.0,673.0,68.0,13.0,520,356,351,147.0,219.0,,,,,801040,,
industry_code,,15,1593,1588,42,,-0.0048435268485411,-0.001158317457060102,0.4659949622166247,892.0,624.0,60.0,17.0,442,316,419,215.0,196.0,5.0,,,,801040,,
industry_code,,20,1593,1585,42,,-0.0059701492537312,0.0003424251104305489,0.4694006309148265,910.0,610.0,52.0,21.0,387,293,462,274.0,169.0,8.0,,,,801040,,
industry_code,,1,6383,6383,127,,0.0,0.0018393193834910424,0.48488171706094313,2737.0,3028.0,614.0,4.0,3274,2892,176,41.0,,,,,,801050,,
industry_code,,2,6383,6383,127,,0.0006810442678772,0.004291034874096477,0.503368322105593,2767.0,3197.0,405.0,14.0,2845,2214,466,132.0,726.0,,,,,801050,,
industry_code,,3,6383,6383,127,,0.0024813895781636,0.005542179545387588,0.5215415948613504,2813.0,3220.0,327.0,23.0,2456,2095,706,255.0,871.0,,,,,801050,,
industry_code,,5,6383,6383,127,,0.0058495081095453,0.011157153590064021,0.5395582014726618,2782.0,3330.0,223.0,48.0,1957,1954,1050,513.0,909.0,,,,,801050,,
industry_code,,10,6383,6383,127,,0.0091348737238043,0.019277983074217037,0.543161522794924,2694.0,3447.0,161.0,81.0,1423,1655,1541,951.0,813.0,,,,,801050,,
industry_code,,15,6383,6358,127,,0.0144111456664467,0.027312885335439557,0.5498584460522177,2599.0,3499.0,140.0,145.0,1131,1500,1776,1215.0,736.0,25.0,,,,801050,,
industry_code,,20,6383,6313,127,,0.0187637969094922,0.035919341424484816,0.5583716141295739,2616.0,3480.0,112.0,175.0,951,1380,1862,1442.0,678.0,70.0,,,,801050,,
industry_code,,1,18583,18583,455,,-0.0017391304347825,0.0006633739654211562,0.46865414626271323,8479.0,8358.0,1738.0,8.0,9695,7987,708,193.0,,,,,,801080,,
industry_code,,2,18583,18583,455,,-0.0020855057351407,0.001388742120159014,0.4743582844535328,8609.0,8639.0,1210.0,125.0,8531,6137,1590,593.0,1732.0,,,,,801080,,
industry_code,,3,18583,18583,455,,-0.0019981555487241,0.0020025212713966124,0.4794704837754937,8606.0,8850.0,999.0,128.0,7633,5588,2315,1048.0,1999.0,,,,,801080,,
industry_code,,5,18583,18583,455,,-0.0001545356204606,0.0062123012487419,0.4955066458591185,8719.0,8901.0,738.0,225.0,6301,5147,3257,1906.0,1972.0,,,,,801080,,
industry_code,,10,18583,18583,455,,0.0018115942028986,0.012591996206855145,0.506861109616316,8747.0,8793.0,531.0,512.0,4574,4299,4731,3223.0,1756.0,,,,,801080,,
industry_code,,15,18583,18455,455,,-0.0004112969564025,0.019775782883326064,0.4968843131942563,8584.0,8694.0,412.0,893.0,3762,3685,5634,3846.0,1528.0,128.0,,,,801080,,
industry_code,,20,18583,18196,455,,0.0028050791297215497,0.02790381466423025,0.5072543416135414,8672.0,8503.0,369.0,1039.0,3219,3317,5839,4416.0,1405.0,387.0,,,,801080,,
industry_code,,1,3707,3707,87,,-0.0008481764206956,0.00039771924964429904,0.4758564877259239,1700.0,1602.0,401.0,4.0,2007,1615,70,15.0,,,,,,801110,,
industry_code,,2,3707,3707,87,,-0.0016877637130801,0.0005659461762035359,0.46830321014297277,1707.0,1713.0,283.0,4.0,1880,1243,171,70.0,343.0,,,,,801110,,
industry_code,,3,3707,3707,87,,-0.001953125,0.00013124914759585018,0.4696520097113569,1792.0,1679.0,226.0,10.0,1750,1118,312,111.0,416.0,,,,,801110,,
industry_code,,5,3707,3707,87,,-0.0025940337224383,0.0006368987424834526,0.46830321014297277,1792.0,1697.0,202.0,16.0,1515,1040,524,202.0,426.0,,,,,801110,,
industry_code,,10,3707,3707,87,,-0.0029806259314455,0.0029028138999612567,0.47801456703533857,1855.0,1706.0,114.0,32.0,1189,895,794,429.0,400.0,,,,,801110,,
industry_code,,15,3707,3697,87,,-0.005301524188204,0.004437290453594372,0.47497971328103866,1866.0,1692.0,101.0,48.0,1003,790,969,579.0,356.0,10.0,,,,801110,,
industry_code,,20,3707,3683,87,,-0.004980079681275,0.008004614185233162,0.4781428183546022,1840.0,1704.0,98.0,65.0,903,724,1037,686.0,333.0,24.0,,,,801110,,
industry_code,,1,3170,3170,88,,-0.000738557673351,8.046558075140572e-05,0.4665615141955836,1374.0,1366.0,426.0,4.0,1783,1326,48,13.0,,,,,,801120,,
industry_code,,2,3170,3170,88,,-0.0025062656641604,-0.0009519190739492294,0.45078864353312303,1455.0,1430.0,278.0,7.0,1669,995,148,36.0,322.0,,,,,801120,,
industry_code,,3,3170,3170,88,,-0.0035006024957621,-0.0016753045285597186,0.45078864353312303,1526.0,1437.0,199.0,8.0,1582,942,222,61.0,363.0,,,,,801120,,
industry_code,,5,3170,3170,88,,-0.004553369937985351,-0.003146249247321538,0.4517350157728707,1558.0,1410.0,191.0,11.0,1429,836,379,132.0,394.0,,,,,801120,,
industry_code,,10,3170,3170,88,,-0.0052863436123347,-0.0010706020911003505,0.4533123028391167,1573.0,1468.0,109.0,20.0,1113,676,656,310.0,415.0,,,,,801120,,
industry_code,,15,3170,3162,88,,-0.008718408843801699,-0.0024167392071221577,0.441808981657179,1624.0,1425.0,91.0,30.0,975,620,824,385.0,358.0,8.0,,,,801120,,
industry_code,,20,3170,3155,88,,-0.0099403578528827,-0.0036457910768915047,0.4421553090332805,1594.0,1459.0,76.0,41.0,863,565,919,473.0,335.0,15.0,,,,801120,,
industry_code,,1,4231,4231,104,,0.0,0.0008698367505863756,0.4852280784684472,1886.0,1930.0,409.0,6.0,2234,1892,79,26.0,,,,,,801130,,
industry_code,,2,4231,4231,104,,-0.0007521624670928,0.0006370783124074945,0.4783739068778067,1962.0,1959.0,300.0,10.0,2069,1461,243,61.0,397.0,,,,,801130,,
industry_code,,3,4231,4231,104,,-0.0010434782608695,0.0006153484269316537,0.47766485464429215,1943.0,2014.0,257.0,17.0,1908,1361,374,117.0,471.0,,,,,801130,,
industry_code,,5,4231,4231,104,,-0.0033085194375516,0.0007257656880642373,0.4630111084849917,1986.0,2017.0,203.0,25.0,1705,1209,620,213.0,484.0,,,,,801130,,
industry_code,,10,4231,4231,104,,-0.0049828178694157,0.0027831782803094023,0.468683526353108,2005.0,2036.0,141.0,49.0,1332,1007,953,462.0,477.0,,,,,801130,,
industry_code,,15,4231,4214,104,,-0.00781356522022255,0.000838746036528411,0.4584717607973422,1953.0,2082.0,127.0,69.0,1124,853,1192,611.0,434.0,17.0,,,,801130,,
industry_code,,20,4231,4194,104,,-0.0068807701412451,-0.0005001645772481798,0.47019551740581783,1958.0,2074.0,105.0,94.0,1020,783,1225,766.0,400.0,37.0,,,,801130,,
industry_code,,1,5823,5823,140,,-0.0007945967421533,-0.0001583881531467388,0.4691739653099777,2659.0,2486.0,675.0,3.0,3158,2500,141,24.0,,,,,,801140,,
industry_code,,2,5823,5823,140,,-0.001602564102564,-0.00026482125417849573,0.47054782758028507,2666.0,2657.0,492.0,8.0,2864,1921,352,87.0,599.0,,,,,801140,,
industry_code,,3,5823,5823,140,,-0.0007485029940119,0.00021352077399979267,0.48342778636441697,2627.0,2795.0,387.0,14.0,2582,1826,525,176.0,714.0,,,,,801140,,
industry_code,,5,5823,5823,140,,-0.0016260162601625,0.000977947853316378,0.47930619955349474,2639.0,2833.0,331.0,20.0,2274,1625,842,328.0,754.0,,,,,801140,,
industry_code,,10,5823,5823,140,,-0.0040485829959513,0.001963910118377684,0.4691739653099777,2680.0,2918.0,180.0,45.0,1786,1385,1348,651.0,653.0,,,,,801140,,
industry_code,,15,5823,5809,140,,-0.0066666666666667,0.0028931538849970243,0.46496815286624205,2597.0,2974.0,178.0,74.0,1508,1145,1643,943.0,570.0,14.0,,,,801140,,
industry_code,,20,5823,5790,140,,-0.005027653357329799,0.005467307002119081,0.47478411053540587,2638.0,2957.0,129.0,99.0,1328,1056,1743,1139.0,524.0,33.0,,,,801140,,
industry_code,,1,13675,13675,407,,-0.0009337068160597,0.0007653500474119385,0.47005484460694696,6023.0,6098.0,1541.0,13.0,7435,5852,300,88.0,,,,,,801150,,
industry_code,,2,13675,13675,407,,-0.0015298317185108,0.0012141879079615582,0.4716636197440585,6187.0,6420.0,1046.0,22.0,6794,4571,758,248.0,1304.0,,,,,801150,,
industry_code,,3,13675,13675,407,,-0.0026082420448617,0.00045344798046190887,0.46383912248628884,6233.0,6542.0,873.0,27.0,6378,4122,1225,417.0,1533.0,,,,,801150,,
industry_code,,5,13675,13675,407,,-0.0034299968818209,0.0013986209454707342,0.4652285191956124,6391.0,6517.0,710.0,57.0,5575,3734,1929,749.0,1688.0,,,,,801150,,
industry_code,,10,13675,13675,407,,-0.0074922873512561,0.002532760083818146,0.45345521023765994,6515.0,6593.0,468.0,99.0,4484,3032,3163,1472.0,1524.0,,,,,801150,,
industry_code,,15,13675,13648,407,,-0.011835217426439549,0.0039449814912778875,0.44731828839390386,6527.0,6626.0,333.0,189.0,3847,2590,3782,2049.0,1380.0,27.0,,,,801150,,
industry_code,,20,13675,13592,407,,-0.011018762131975949,0.006080771007926267,0.45504708652148323,6585.0,6560.0,308.0,222.0,3416,2422,4076,2414.0,1264.0,83.0,,,,801150,,
industry_code,,1,5516,5516,129,,0.0,0.0011809052404843075,0.48350253807106597,2416.0,2514.0,577.0,9.0,2948,2479,69,20.0,,,,,,801160,,
industry_code,,2,5516,5516,129,,-0.00136990414424145,0.0004737200145288536,0.46519216823785353,2596.0,2484.0,424.0,12.0,2793,1856,283,67.0,517.0,,,,,801160,,
industry_code,,3,5516,5516,129,,0.0,0.0011748373373078793,0.47715736040609136,2760.0,2436.0,297.0,23.0,2560,1724,406,129.0,697.0,,,,,801160,,
industry_code,,5,5516,5516,129,,0.0,0.004579769648978673,0.4894851341551849,2624.0,2605.0,239.0,48.0,2244,1640,624,229.0,779.0,,,,,801160,,
industry_code,,10,5516,5516,129,,-0.0024860248015349997,0.007559741444458031,0.4780638143582306,2692.0,2555.0,158.0,111.0,1793,1414,1123,451.0,735.0,,,,,801160,,
industry_code,,15,5516,5493,129,,-0.0019480519480519,0.013791101500381925,0.488803932277444,2613.0,2609.0,138.0,156.0,1466,1296,1361,659.0,711.0,23.0,,,,801160,,
industry_code,,20,5516,5435,129,,-0.0020876826722338,0.01581754643884176,0.49070837166513337,2664.0,2533.0,109.0,210.0,1267,1168,1549,796.0,655.0,81.0,,,,801160,,
industry_code,,1,5445,5445,116,,-0.0009980039920159,-0.0005488474045599811,0.4585858585858586,2412.0,2439.0,591.0,3.0,3068,2308,47,22.0,,,,,,801170,,
industry_code,,2,5445,5445,116,,-0.0010695187165775,-0.000721101388024796,0.4598714416896235,2489.0,2518.0,433.0,5.0,2890,1755,173,46.0,581.0,,,,,801170,,
industry_code,,3,5445,5445,116,,-0.0016977928692699,-0.0012128516697601443,0.46097337006427913,2493.0,2621.0,319.0,12.0,2712,1626,316,85.0,706.0,,,,,801170,,
industry_code,,5,5445,5445,116,,-0.0017543859649122,-0.00045542735670966083,0.4716253443526171,2575.0,2566.0,283.0,21.0,2446,1538,513,168.0,780.0,,,,,801170,,
industry_code,,10,5445,5445,116,,-0.0038709677419355,-0.00046885891160528356,0.46538108356290175,2718.0,2508.0,182.0,37.0,2031,1300,927,423.0,764.0,,,,,801170,,
industry_code,,15,5445,5433,116,,-0.0039603960396039,-0.0012409163807870858,0.4649364991717283,2792.0,2456.0,147.0,50.0,1738,1136,1219,606.0,734.0,12.0,,,,801170,,
industry_code,,20,5445,5414,116,,-0.00636285120509565,-0.0007905079346458077,0.4540081270779461,2763.0,2477.0,142.0,63.0,1565,1015,1423,732.0,679.0,31.0,,,,801170,,
industry_code,,1,2700,2700,80,,0.0,0.00031163974712320765,0.4688888888888889,,,,2700.0,1432,1195,54,19.0,,,,,,801180,,
industry_code,,2,2700,2700,80,,-0.00213392423506555,-0.0011501454121887172,0.45666666666666667,,,,2700.0,1327,891,178,48.0,256.0,,,,,801180,,
industry_code,,3,2700,2700,80,,-0.0023956993155828,-0.0010796431484862757,0.46296296296296297,,,,2700.0,1218,829,262,85.0,306.0,,,,,801180,,
industry_code,,5,2700,2700,80,,-0.00301115877160255,0.0001815542139011483,0.4640740740740741,,,,2700.0,1063,750,405,156.0,326.0,,,,,801180,,
industry_code,,10,2700,2700,80,,-0.01038968048359225,0.0011229931713565454,0.43222222222222223,,,,2700.0,859,583,692,297.0,269.0,,,,,801180,,
industry_code,,15,2700,2696,80,,-0.016672984584281,0.0006210704292216846,0.41543026706231456,,,,2700.0,733,494,853,387.0,229.0,4.0,,,,801180,,
industry_code,,20,2700,2682,80,,-0.0177148057490742,0.0012790486310741772,0.4235645041014168,,,,2700.0,647,460,911,445.0,219.0,18.0,,,,801180,,
industry_code,,1,3426,3426,90,,-0.0005374247800261499,3.490898524742869e-05,0.4696438995913602,1562.0,1572.0,290.0,2.0,1852,1490,57,27.0,,,,,,801200,,
industry_code,,2,3426,3426,90,,-0.0026679415211892,-0.001059166261780999,0.45183887915936954,1645.0,1584.0,194.0,3.0,1755,1116,189,45.0,321.0,,,,,801200,,
industry_code,,3,3426,3426,90,,-0.00448934347760365,-0.0025556934270652264,0.4340338587273789,1707.0,1539.0,177.0,3.0,1645,984,342,93.0,362.0,,,,,801200,,
industry_code,,5,3426,3426,90,,-0.00679997861460185,-0.0030689848627273152,0.439871570344425,1744.0,1567.0,109.0,6.0,1451,896,506,196.0,377.0,,,,,801200,,
industry_code,,10,3426,3426,90,,-0.0084459519707815,-0.0026261060647135414,0.4404553415061296,1761.0,1572.0,76.0,17.0,1128,761,812,402.0,323.0,,,,,801200,,
industry_code,,15,3426,3423,90,,-0.0151057401812688,-0.0053491514196284985,0.42302074203914697,1759.0,1580.0,60.0,27.0,963,619,1032,518.0,291.0,3.0,,,,801200,,
industry_code,,20,3426,3413,90,,-0.020268872802482,-0.005588936864144212,0.4184002343978904,1809.0,1523.0,59.0,35.0,884,570,1121,586.0,252.0,13.0,,,,801200,,
industry_code,,1,2713,2713,68,,-0.0006535947712418,-0.00021711723337555688,0.4706966457795798,1195.0,1217.0,299.0,2.0,1479,1159,60,15.0,,,,,,801210,,
industry_code,,2,2713,2713,68,,-0.0018796992481203,-0.00033458664683895696,0.4659049023221526,1243.0,1273.0,192.0,5.0,1361,872,158,53.0,269.0,,,,,801210,,
industry_code,,3,2713,2713,68,,-0.0023041474654377,-0.0005929944227632905,0.4699594544784372,1278.0,1270.0,159.0,6.0,1236,812,252,83.0,330.0,,,,,801210,,
industry_code,,5,2713,2713,68,,-0.0016538037486218,0.0004026133588459025,0.48101732399557684,1282.0,1291.0,128.0,12.0,1061,774,374,160.0,344.0,,,,,801210,,
industry_code,,10,2713,2713,68,,-0.0009810333551341,0.001492798153549639,0.4898636196092886,1341.0,1264.0,84.0,24.0,810,658,604,314.0,327.0,,,,,801210,,
industry_code,,15,2713,2707,68,,-0.0019801980198019,0.004315105648511999,0.4887329146656816,1283.0,1332.0,63.0,35.0,669,586,734,412.0,306.0,6.0,,,,801210,,
industry_code,,20,2713,2693,68,,-0.0050590219224283,0.002339605259918659,0.47382101745265504,1302.0,1313.0,53.0,45.0,595,532,842,443.0,281.0,20.0,,,,801210,,
industry_code,,1,704,704,15,,0.0010149607008245,0.0012777200418510022,0.515625,,,,704.0,366,325,11,2.0,,,,,,801230,,
industry_code,,2,704,704,15,,0.0,0.0019833368474605263,0.4971590909090909,,,,704.0,341,263,28,4.0,68.0,,,,,801230,,
industry_code,,3,704,704,15,,0.0,2.388107428453313e-05,0.4872159090909091,,,,704.0,330,224,55,16.0,79.0,,,,,801230,,
industry_code,,5,704,704,15,,0.0013173476708705,0.0027192511298822844,0.5056818181818182,,,,704.0,265,221,95,24.0,99.0,,,,,801230,,
industry_code,,10,704,704,15,,0.00057903879559925,0.00986125261002249,0.5,,,,704.0,218,189,135,67.0,95.0,,,,,801230,,
industry_code,,15,704,703,15,,-0.0053097345132744,0.01300263992852724,0.4779516358463727,,,,704.0,184,156,191,89.0,83.0,1.0,,,,801230,,
industry_code,,20,704,699,15,,-0.0034782608695651,0.014843573964899532,0.4864091559370529,,,,704.0,155,147,205,110.0,82.0,5.0,,,,801230,,
industry_code,,1,2575,2575,63,,-0.0001417635384179,0.00013448472108616307,0.4741747572815534,1174.0,1116.0,283.0,2.0,1368,1126,67,14.0,,,,,,801710,,
industry_code,,2,2575,2575,63,,-0.0008333333333333,0.001135404548910621,0.4741747572815534,1222.0,1137.0,205.0,11.0,1262,853,145,54.0,261.0,,,,,801710,,
industry_code,,3,2575,2575,63,,0.0,0.0021593412917425667,0.4850485436893204,1198.0,1194.0,170.0,13.0,1141,812,222,98.0,302.0,,,,,801710,,
industry_code,,5,2575,2575,63,,0.0,0.005302759344992899,0.4966990291262136,1254.0,1165.0,132.0,24.0,970,762,363,165.0,315.0,,,,,801710,,
industry_code,,10,2575,2575,63,,0.0,0.011315578738262225,0.4955339805825243,1264.0,1160.0,103.0,48.0,753,620,563,347.0,292.0,,,,,801710,,
industry_code,,15,2575,2562,63,,-0.00155462453974525,0.014803731963207082,0.4929742388758782,1295.0,1109.0,89.0,82.0,610,525,703,442.0,282.0,13.0,,,,801710,,
industry_code,,20,2575,2536,63,,0.0018674543336797,0.02010221958907961,0.5074921135646687,1301.0,1103.0,72.0,99.0,522,473,749,557.0,235.0,39.0,,,,801710,,
industry_code,,1,5049,5049,140,,0.0,0.0004816079319784019,0.477124183006536,2271.0,2173.0,599.0,6.0,2681,2240,100,28.0,,,,,,801720,,
industry_code,,2,5049,5049,140,,-0.0022014309301047,-0.00040974046325992095,0.45870469399881164,2450.0,2198.0,392.0,9.0,2537,1684,292,68.0,468.0,,,,,801720,,
industry_code,,3,5049,5049,140,,-0.0012771392081736,0.0003779598520327629,0.4713804713804714,2480.0,2228.0,328.0,13.0,2327,1567,433,147.0,575.0,,,,,801720,,
industry_code,,5,5049,5049,140,,-0.0019646365422396,0.002179859445016988,0.4763319469201822,2501.0,2262.0,262.0,24.0,2004,1440,695,283.0,627.0,,,,,801720,,
industry_code,,10,5049,5049,140,,-0.0055710306406684,0.003580027861025881,0.46108140225787286,2577.0,2254.0,162.0,56.0,1620,1140,1148,547.0,594.0,,,,,801720,,
industry_code,,15,5049,5036,140,,-0.00791609224213555,0.005512194265645541,0.45591739475774423,2558.0,2248.0,143.0,100.0,1340,971,1425,786.0,514.0,13.0,,,,801720,,
industry_code,,20,5049,5011,140,,-0.0070377479206654,0.006889029318607097,0.46817002594292556,2518.0,2282.0,112.0,137.0,1199,913,1501,926.0,472.0,38.0,,,,801720,,
industry_code,,1,12537,12537,344,,-0.0005390835579515,0.0012868531828019985,0.48297040759352317,5544.0,5783.0,1207.0,3.0,6404,5612,422,99.0,,,,,,801730,,
industry_code,,2,12537,12537,344,,-0.0012468827930174,0.0012796194943443732,0.48001914333572626,5780.0,5896.0,823.0,38.0,5843,4312,903,288.0,1191.0,,,,,801730,,
industry_code,,3,12537,12537,344,,-0.0009746588693957,0.001807031460320885,0.48504426896386693,5839.0,5993.0,645.0,60.0,5232,3947,1410,535.0,1413.0,,,,,801730,,
industry_code,,5,12537,12537,344,,0.0005737234652898,0.004813987640596395,0.5010768126346016,5779.0,6097.0,526.0,135.0,4349,3666,2049,1050.0,1423.0,,,,,801730,,
industry_code,,10,12537,12537,344,,0.0023492560689115,0.008793519799499895,0.5103294249022893,5769.0,6147.0,380.0,241.0,3190,3123,3050,1946.0,1228.0,,,,,801730,,
industry_code,,15,12537,12477,344,,0.003372681281619,0.013248267580485988,0.5114210146669873,5652.0,6229.0,280.0,376.0,2629,2708,3543,2483.0,1114.0,60.0,,,,801730,,
industry_code,,20,12537,12339,344,,0.0052798310454065,0.018524957596075513,0.5158440716427587,5504.0,6301.0,234.0,498.0,2236,2423,3809,2881.0,990.0,198.0,,,,801730,,
industry_code,,1,4846,4846,129,,-0.002520207852194,0.0003373100083235954,0.45604622368964093,2211.0,2159.0,474.0,2.0,2634,2036,138,38.0,,,,,,801740,,
industry_code,,2,4846,4846,129,,-0.0032583750032927,0.0005392476670615579,0.46306231943871234,2249.0,2225.0,367.0,5.0,2360,1594,335,136.0,421.0,,,,,801740,,
industry_code,,3,4846,4846,129,,-0.003973446763273349,0.00017328096055757602,0.4634750309533636,2270.0,2309.0,259.0,8.0,2130,1449,543,233.0,491.0,,,,,801740,,
industry_code,,5,4846,4846,129,,-0.0014330883258736999,0.004319405218721244,0.488856789104416,2279.0,2342.0,212.0,13.0,1761,1348,765,450.0,522.0,,,,,801740,,
industry_code,,10,4846,4846,129,,-0.0027940195866618996,0.005729500138901385,0.48555509698720595,2399.0,2264.0,148.0,35.0,1274,1076,1257,814.0,425.0,,,,,801740,,
industry_code,,15,4846,4838,129,,-0.0062484661892332,0.01010695350663875,0.4764365440264572,2409.0,2252.0,115.0,70.0,1056,914,1503,993.0,372.0,8.0,,,,801740,,
industry_code,,20,4846,4815,129,,-0.0098338419803324,0.010989184329476836,0.46458982346832817,2436.0,2214.0,109.0,87.0,935,825,1671,1048.0,336.0,31.0,,,,801740,,
industry_code,,1,10980,10980,319,,-0.00170891497770765,-0.0004487853902699345,0.4636612021857924,5032.0,4771.0,1176.0,1.0,5893,4661,346,80.0,,,,,,801750,,
industry_code,,2,10980,10980,319,,-0.0038424595678432996,-0.001724705024789373,0.4500910746812386,5217.0,4960.0,792.0,11.0,5428,3498,810,249.0,995.0,,,,,801750,,
industry_code,,3,10980,10980,319,,-0.0057219251336898,-0.0026130760881870954,0.4419854280510018,5380.0,4939.0,648.0,13.0,5029,3165,1258,452.0,1076.0,,,,,801750,,
industry_code,,5,10980,10980,319,,-0.00531916565805815,-0.0016203383441246904,0.45500910746812384,5409.0,5016.0,521.0,34.0,4277,2927,1846,822.0,1108.0,,,,,801750,,
industry_code,,10,10980,10980,319,,-0.00913226251324465,-0.0011357237964543943,0.4539162112932605,5527.0,5003.0,364.0,86.0,3301,2392,2798,1497.0,992.0,,,,,801750,,
industry_code,,15,10980,10967,319,,-0.0136986301369862,-0.0007410296073274478,0.44807148718883927,5516.0,5075.0,250.0,139.0,2795,2012,3331,1963.0,866.0,13.0,,,,801750,,
industry_code,,20,10980,10916,319,,-0.018770515599278198,-0.002038548882488064,0.43679003297911323,5542.0,5039.0,226.0,173.0,2489,1796,3706,2177.0,748.0,64.0,,,,801750,,
industry_code,,1,4132,4132,122,,-0.0024662749820579,-0.0011518991602134808,0.43901258470474347,1934.0,1752.0,446.0,,2345,1681,92,14.0,,,,,,801760,,
industry_code,,2,4132,4132,122,,-0.0028390658687461497,-0.0018256417880863636,0.44240077444336884,1978.0,1846.0,306.0,2.0,2112,1249,266,79.0,426.0,,,,,801760,,
industry_code,,3,4132,4132,122,,-0.00361666313774945,-0.0019189534206324927,0.4494191674733785,2049.0,1882.0,199.0,2.0,1948,1159,405,139.0,481.0,,,,,801760,,
industry_code,,5,4132,4132,122,,-0.0047890784982935,-0.0009246044066490264,0.45764762826718297,2004.0,1950.0,171.0,7.0,1667,1057,616,270.0,522.0,,,,,801760,,
industry_code,,10,4132,4132,122,,-0.00595422965238125,-0.001296450693708331,0.4632139399806389,1998.0,1991.0,128.0,15.0,1296,925,953,467.0,491.0,,,,,801760,,
industry_code,,15,4132,4130,122,,-0.0130499245604337,-0.002904251291823331,0.44092009685230027,2059.0,1962.0,83.0,28.0,1117,774,1219,584.0,436.0,2.0,,,,801760,,
industry_code,,20,4132,4121,122,,-0.0171890798786653,-0.004342776739990315,0.4375151662217908,2058.0,1949.0,88.0,37.0,970,710,1381,674.0,386.0,11.0,,,,801760,,
industry_code,,1,4819,4819,120,,-0.0013698630136985,0.00034912098799610525,0.473542228678149,2314.0,2060.0,442.0,3.0,2517,2097,154,51.0,,,,,,801770,,
industry_code,,2,4819,4819,120,,-0.0017825311942958,0.0005481792088735819,0.473542228678149,2363.0,2129.0,306.0,21.0,2279,1629,351,147.0,413.0,,,,,801770,,
industry_code,,3,4819,4819,120,,-0.0038797284190107,-0.0002086606397733861,0.46524175140070556,2442.0,2059.0,295.0,23.0,2094,1456,565,247.0,457.0,,,,,801770,,
industry_code,,5,4819,4819,120,,-0.003472222222222,0.0032411961525447095,0.47582485992944595,2427.0,2145.0,210.0,37.0,1762,1292,821,463.0,481.0,,,,,801770,,
industry_code,,10,4819,4819,120,,-0.0037425149700598,0.006111691421881033,0.4803901224320398,2422.0,2146.0,167.0,84.0,1365,1073,1180,784.0,417.0,,,,,801770,,
industry_code,,15,4819,4796,120,,-0.00362922026094035,0.011879756271980672,0.48185988323603,2413.0,2152.0,126.0,128.0,1092,921,1418,1008.0,357.0,23.0,,,,801770,,
industry_code,,20,4819,4754,120,,-0.0043343653250772,0.01762644262406597,0.48590660496424065,2419.0,2131.0,102.0,167.0,974,819,1491,1137.0,333.0,65.0,,,,801770,,
industry_code,,1,3406,3406,41,,0.0,0.0002767717416288732,0.4682912507339988,1343.0,1556.0,504.0,3.0,1955,1448,3,,,,,,,801780,,
industry_code,,2,3406,3406,41,,0.00017556179775275,0.0011756149065359073,0.5,1376.0,1680.0,343.0,7.0,1775,1140,20,1.0,470.0,,,,,801780,,
industry_code,,3,3406,3406,41,,0.0,0.0015308876127653952,0.4873752201996477,1437.0,1686.0,270.0,13.0,1775,1080,45,5.0,501.0,,,,,801780,,
industry_code,,5,3406,3406,41,,0.0020402959756059998,0.003249551351337786,0.5167351732237229,1466.0,1678.0,244.0,18.0,1589,1054,113,21.0,629.0,,,,,801780,,
industry_code,,10,3406,3406,41,,0.00305601659751025,0.006638364872311369,0.5255431591309454,1476.0,1760.0,143.0,27.0,1391,968,273,133.0,641.0,,,,,801780,,
industry_code,,15,3406,3393,41,,0.0041911148365465,0.007634678956227223,0.5296198054818745,1421.0,1817.0,129.0,39.0,1189,908,453,206.0,637.0,13.0,,,,801780,,
industry_code,,20,3406,3384,41,,0.0041695702503047,0.008307083498870937,0.5212765957446809,1422.0,1812.0,115.0,57.0,1071,850,574,277.0,612.0,22.0,,,,801780,,
industry_code,,1,3619,3619,79,,-0.0020325203252031,-0.0018566092372787274,0.42608455374412824,1466.0,1580.0,573.0,,2205,1377,34,3.0,,,,,,801790,,
industry_code,,2,3619,3619,79,,-0.0025542784163473,-0.002726380006371003,0.42967670627245097,1592.0,1683.0,342.0,2.0,2056,997,108,15.0,443.0,,,,,801790,,
industry_code,,3,3619,3619,79,,-0.0039164490861619,-0.004041702583709016,0.42166344294003866,1666.0,1625.0,325.0,3.0,1980,885,209,30.0,515.0,,,,,801790,,
industry_code,,5,3619,3619,79,,-0.0039893617021277,-0.004021894855239855,0.44072948328267475,1625.0,1720.0,268.0,6.0,1731,857,358,77.0,596.0,,,,,801790,,
industry_code,,10,3619,3619,79,,-0.0087336244541484,-0.0072587415042099585,0.4288477479966842,1699.0,1743.0,165.0,12.0,1430,735,670,229.0,555.0,,,,,801790,,
industry_code,,15,3619,3616,79,,-0.0151734420909529,-0.010291024891452418,0.39823008849557523,1683.0,1764.0,146.0,26.0,1322,636,882,287.0,489.0,3.0,,,,801790,,
industry_code,,20,3619,3609,79,,-0.0201342281879194,-0.012298196254962498,0.3873649210307564,1673.0,1804.0,108.0,34.0,1200,562,1049,361.0,437.0,10.0,,,,801790,,
industry_code,,1,10410,10410,252,,-0.00110291032095395,0.0003903167359707978,0.47070124879923153,4757.0,4529.0,1119.0,5.0,5654,4506,214,36.0,,,,,,801880,,
industry_code,,2,10410,10410,252,,-0.0018805126233367,0.0004566010359969809,0.4628242074927954,4865.0,4738.0,792.0,15.0,5231,3448,592,169.0,970.0,,,,,801880,,
industry_code,,3,10410,10410,252,,-0.00243932190480725,0.00023398945492155988,0.4666666666666667,4915.0,4832.0,646.0,17.0,4769,3183,980,308.0,1170.0,,,,,801880,,
industry_code,,5,10410,10410,252,,-0.0018191444478452999,0.0008597041931235501,0.4799231508165226,4943.0,4945.0,490.0,32.0,4112,2986,1425,626.0,1261.0,,,,,801880,,
industry_code,,10,10410,10410,252,,-0.0034547304494679998,0.002696936672236496,0.4781940441882805,4988.0,4990.0,368.0,64.0,3140,2482,2388,1259.0,1141.0,,,,,801880,,
industry_code,,15,10410,10392,252,,-0.00632911392405055,0.004960655763938036,0.4691108545034642,4883.0,5119.0,296.0,112.0,2617,2128,2963,1676.0,1008.0,18.0,,,,801880,,
industry_code,,20,10410,10361,252,,-0.0062160062160062,0.007258921525680838,0.4763053759289644,4901.0,5090.0,272.0,147.0,2325,1940,3168,2036.0,892.0,49.0,,,,801880,,
industry_code,,1,21976,21976,510,,-0.0005204270670826001,0.0013592238049039143,0.4789770658900619,10082.0,9587.0,2302.0,5.0,11533,9727,571,145.0,,,,,,801890,,
industry_code,,2,21976,21976,510,,-0.0014673522205141,0.0014638224300560926,0.47469967236985805,10400.0,9925.0,1584.0,67.0,10571,7448,1400,460.0,2097.0,,,,,801890,,
industry_code,,3,21976,21976,510,,-0.00097632698971,0.0017145248420639718,0.4843465598835093,10430.0,10109.0,1359.0,78.0,9566,6861,2168,840.0,2541.0,,,,,801890,,
industry_code,,5,21976,21976,510,,0.0,0.004348827749032384,0.4966326902074991,10443.0,10405.0,996.0,132.0,8138,6316,3206,1608.0,2708.0,,,,,801890,,
industry_code,,10,21976,21976,510,,0.00046224424870725,0.008200052215827983,0.500910083727703,10700.0,10322.0,660.0,294.0,6160,5421,4983,3001.0,2411.0,,,,,801890,,
industry_code,,15,21976,21898,510,,0.0,0.010695703826293389,0.4966206959539684,10634.0,10362.0,498.0,482.0,5087,4642,6072,3957.0,2140.0,78.0,,,,801890,,
industry_code,,20,21976,21771,510,,0.0015360983102918,0.014698824488129746,0.5031004547333608,10718.0,10209.0,437.0,612.0,4458,4285,6456,4629.0,1943.0,205.0,,,,801890,,
industry_code,,1,1177,1177,30,,-0.0006138735420502,0.0010934881961074236,0.47408666100254887,549.0,537.0,91.0,,623,529,20,5.0,,,,,,801950,,
industry_code,,2,1177,1177,30,,0.0,0.0013761679175557174,0.49787595581988103,517.0,575.0,81.0,4.0,554,427,48,26.0,122.0,,,,,801950,,
industry_code,,3,1177,1177,30,,0.0005151983513653,0.0010332802896109812,0.5021240441801189,540.0,582.0,49.0,6.0,507,386,94,51.0,139.0,,,,,801950,,
industry_code,,5,1177,1177,30,,-0.0025974025974027,0.00103624666803118,0.4672897196261682,534.0,575.0,46.0,22.0,457,341,184,67.0,128.0,,,,,801950,,
industry_code,,10,1177,1177,30,,-0.003174603174603,0.00019591286476672854,0.47833474936278675,541.0,570.0,28.0,38.0,348,295,272,155.0,107.0,,,,,801950,,
industry_code,,15,1177,1171,30,,0.0010183299389001,0.0020411964242561488,0.5004269854824936,540.0,566.0,19.0,52.0,274,266,312,218.0,101.0,6.0,,,,801950,,
industry_code,,20,1177,1143,30,,-0.0070422535211266,0.0022926428867606086,0.4654418197725284,541.0,545.0,20.0,71.0,249,216,368,223.0,87.0,34.0,,,,801950,,
industry_code,,1,1884,1884,47,,-0.00146903957289415,0.0004448621302229176,0.4453290870488323,983.0,741.0,159.0,1.0,1039,783,54,8.0,,,,,,801960,,
industry_code,,2,1884,1884,47,,-0.00183330532683575,0.0024749456442517527,0.46443736730360935,979.0,809.0,93.0,3.0,910,601,126,35.0,212.0,,,,,801960,,
industry_code,,3,1884,1884,47,,-0.0022459165154266,0.0036869554569640183,0.4585987261146497,1002.0,793.0,79.0,10.0,863,564,188,48.0,221.0,,,,,801960,,
industry_code,,5,1884,1884,47,,-0.00325412987267395,0.0028629665084658864,0.46709129511677283,1038.0,786.0,46.0,14.0,730,502,294,102.0,256.0,,,,,801960,,
industry_code,,10,1884,1884,47,,-0.0031325738620194502,0.006067583035327431,0.48089171974522293,1030.0,792.0,38.0,24.0,577,460,411,203.0,233.0,,,,,801960,,
industry_code,,15,1884,1874,47,,-0.0053908355795148,0.006845274307830656,0.46851654215581645,1032.0,777.0,35.0,40.0,486,400,521,270.0,197.0,10.0,,,,801960,,
industry_code,,20,1884,1863,47,,-0.0102301790281329,0.008078683983441713,0.44981213097155126,1039.0,766.0,32.0,47.0,425,362,614,281.0,181.0,21.0,,,,801960,,
industry_code,,1,5241,5241,126,,-0.0009680542110358,6.439918432144938e-05,0.4600267124594543,2425.0,2170.0,641.0,5.0,2915,2192,105,29.0,,,,,,801970,,
industry_code,,2,5241,5241,126,,-0.0010911074740863,0.0007730508976742845,0.475672581568403,2433.0,2282.0,512.0,14.0,2648,1704,252,88.0,549.0,,,,,801970,,
industry_code,,3,5241,5241,126,,0.0,0.0013731356120507356,0.48616676206830756,2479.0,2357.0,382.0,23.0,2415,1607,389,142.0,688.0,,,,,801970,,
industry_code,,5,5241,5241,126,,0.0008250825082507,0.0038158155618563437,0.5037206639954207,2531.0,2387.0,272.0,51.0,2044,1496,632,271.0,798.0,,,,,801970,,
industry_code,,10,5241,5241,126,,0.0,0.005342306598439302,0.4972333524136615,2537.0,2429.0,191.0,84.0,1637,1279,1041,532.0,752.0,,,,,801970,,
industry_code,,15,5241,5218,126,,-0.0010956726876517001,0.005363887269387969,0.49329244921425836,2655.0,2307.0,152.0,127.0,1368,1078,1310,734.0,728.0,23.0,,,,801970,,
industry_code,,20,5241,5173,126,,-0.0007220216606498,0.0073644198934930466,0.4929441329982602,2712.0,2242.0,116.0,171.0,1206,976,1448,872.0,671.0,68.0,,,,801970,,
industry_code,,1,921,921,23,,-0.0007199424046075,0.00012194068316564888,0.47122692725298587,370.0,457.0,94.0,,494,410,16,1.0,,,,,,801980,,
industry_code,,2,921,921,23,,-0.0016806722689075,0.0002607950053304418,0.46254071661237783,393.0,464.0,64.0,,454,297,55,10.0,105.0,,,,,801980,,
industry_code,,3,921,921,23,,0.0,-0.00029709980086863323,0.49728555917481,410.0,442.0,69.0,,406,276,78,27.0,134.0,,,,,801980,,
industry_code,,5,921,921,23,,-0.0013513513513512,0.001093052931845653,0.48425624321389793,414.0,457.0,50.0,,360,247,137,41.0,136.0,,,,,801980,,
industry_code,,10,921,921,23,,-0.0046210720887246,0.0016993102088761391,0.4755700325732899,384.0,495.0,41.0,1.0,289,210,203,99.0,120.0,,,,,801980,,
industry_code,,15,921,921,23,,-0.0103168754605748,-0.00037630691429464913,0.4549402823018458,379.0,506.0,35.0,1.0,245,180,261,132.0,103.0,,,,,801980,,
industry_code,,20,921,920,23,,-0.0098062849231073,-0.0016580228542355197,0.45108695652173914,406.0,489.0,25.0,1.0,222,167,288,156.0,87.0,1.0,,,,801980,,
industry_code,,1,3870,3870,153,,-0.0014573723757127,0.0003426684719905609,0.46124031007751937,,,,3870.0,2097,1647,107,19.0,,,,,,,,
industry_code,,2,3870,3870,153,,-0.0014727668278251,0.0008828639654683988,0.46770025839793283,,,,3870.0,1894,1278,249,74.0,375.0,,,,,,,
industry_code,,3,3870,3870,153,,-0.0024590973500202,0.0007130672791533667,0.4669250645994832,,,,3870.0,1733,1186,379,129.0,443.0,,,,,,,
industry_code,,5,3870,3870,153,,-0.0020305091733663003,0.0020834345078703837,0.4788113695090439,,,,3870.0,1458,1089,598,241.0,484.0,,,,,,,
industry_code,,10,3870,3870,153,,-0.0046213455979376,0.0061398863074980485,0.4684754521963824,,,,3870.0,1111,896,976,463.0,424.0,,,,,,,
industry_code,,15,3870,3870,153,,-0.0056603773584904,0.008083839286620166,0.4697674418604651,,,,3870.0,930,764,1141,652.0,383.0,,,,,,,
industry_code,,20,3870,3869,153,,-0.004694835680751,0.009232376086511684,0.4786766606358232,,,,3870.0,823,700,1219,756.0,371.0,1.0,,,,,,
market_context,,1,68700,68700,4795,,0.00074822307516615,0.0032320239765752487,0.5061426491994178,28574.0,29739.0,7735.0,2652.0,34783,32325,1360,232.0,,,,,,,market_broad_up,
market_context,,2,68700,68700,4795,,0.0,0.0033164114982275204,0.48975254730713247,29986.0,30856.0,5206.0,2652.0,32885,24477,3763,929.0,6646.0,,,,,,market_broad_up,
market_context,,3,68700,68700,4795,,0.0009760009144741,0.0046328864534285665,0.5066375545851528,30469.0,31293.0,4286.0,2652.0,29635,23606,5617,1766.0,8076.0,,,,,,market_broad_up,
market_context,,5,68700,68700,4795,,0.0028915669366391,0.007085773622031236,0.5218049490538573,30944.0,31647.0,3457.0,2652.0,24669,22258,9107,3750.0,8916.0,,,,,,market_broad_up,
market_context,,10,68700,68700,4795,,0.00206878841863675,0.010277056054763782,0.5094614264919942,31519.0,31411.0,2232.0,3538.0,18986,18606,15327,7643.0,8138.0,,,,,,market_broad_up,
market_context,,15,68700,68700,4795,,-0.0003920031360251,0.012168702833942072,0.4945560407569141,30966.0,31537.0,1731.0,4466.0,15770,15758,19394,10581.0,7197.0,,,,,,market_broad_up,
market_context,,20,68700,68335,4795,,0.0020804438280166,0.019115701468573568,0.5063144801346309,31101.0,31350.0,1529.0,4720.0,13752,14602,20392,12944.0,6645.0,365.0,,,,,market_broad_up,
market_context,,1,123216,123216,4822,,-0.0020408163265307,-0.0009263067101464441,0.4512563303467082,54486.0,51985.0,12153.0,4592.0,68350,50853,3148,865.0,,,,,,,market_normal,
market_context,,2,123216,123216,4822,,-0.0025316455696202,-0.0007463019261924796,0.4589744838332684,55609.0,53981.0,8654.0,4972.0,61407,39221,7706,2637.0,12245.0,,,,,,market_normal,
market_context,,3,123216,123216,4822,,-0.0035087719298246,-0.0013570340764327042,0.45610959615634333,56341.0,54843.0,6921.0,5111.0,56621,35141,12436,4677.0,14341.0,,,,,,market_normal,
market_context,,5,123216,123216,4822,,-0.00372152495507575,0.0005261615432989445,0.464022529541618,56478.0,55770.0,5316.0,5652.0,49181,31981,18358,8613.0,15083.0,,,,,,market_normal,
market_context,,10,123216,123216,4822,,-0.004238470018929,0.0034598503274550782,0.4730148681989352,57009.0,56516.0,3725.0,5966.0,37900,27024,28105,16367.0,13820.0,,,,,,market_normal,
market_context,,15,123216,122588,4822,,-0.0050932295216779,0.006666992468279473,0.473765784579241,56989.0,56648.0,3004.0,6575.0,31750,23683,33592,20982.0,12581.0,628.0,,,,,market_normal,
market_context,,20,123216,121719,4822,,-0.0067851373182551,0.007488087268800447,0.4721284269505993,57067.0,56280.0,2532.0,7337.0,27946,21379,37011,23982.0,11401.0,1497.0,,,,,market_normal,
market_context,,1,3459,3459,1879,,-0.0005200208008321,-0.00018419894461781398,0.48337669846776526,1686.0,1460.0,194.0,119.0,1701,1492,170,96.0,,,,,,,market_shock_down,
market_context,,2,3459,3459,1879,,-0.0014409221902018,-0.0005288828379558035,0.4764382769586586,1688.0,1524.0,128.0,119.0,1483,1137,381,175.0,283.0,,,,,,market_shock_down,
market_context,,3,3459,3459,1879,,0.0,0.000546398762255251,0.4963862387973403,1728.0,1468.0,144.0,119.0,1299,1054,492,285.0,329.0,,,,,,market_shock_down,
market_context,,5,3459,3459,1879,,-0.0041928721174004,-0.0001386529150161881,0.47267996530789247,1694.0,1534.0,112.0,119.0,1119,896,723,402.0,319.0,,,,,,market_shock_down,
market_context,,10,3459,3459,1879,,-0.0199501246882791,-0.018547803148091818,0.4125469788956346,1775.0,1481.0,66.0,137.0,933,672,1118,483.0,253.0,,,,,,market_shock_down,
market_context,,15,3459,3459,1879,,-0.0308747855917667,-0.025751351331023714,0.3827695865857184,1763.0,1493.0,66.0,137.0,838,570,1312,521.0,218.0,,,,,,market_shock_down,
market_context,,20,3459,3459,1879,,-0.0287092328892971,-0.02232245541082956,0.4108123735183579,1810.0,1461.0,51.0,137.0,760,534,1300,669.0,196.0,,,,,,market_shock_down,
market_context,,1,211,211,188,,-0.0012195121951219,-0.0006699777411315541,0.4597156398104265,51.0,119.0,26.0,15.0,128,81,1,1.0,,,,,,,unknown,
market_context,,2,211,211,188,,0.0003533568904594,0.00042500239631887085,0.5023696682464455,51.0,128.0,17.0,15.0,108,75,6,,22.0,,,,,,unknown,
market_context,,3,211,211,188,,-0.0147058823529411,-0.013694674396842032,0.22274881516587677,69.0,111.0,16.0,15.0,153,39,12,,7.0,,,,,,unknown,
market_context,,5,211,211,188,,-0.0196353436185132,-0.016787008059274,0.24644549763033174,46.0,133.0,17.0,15.0,146,34,16,4.0,11.0,,,,,,unknown,
market_context,,10,211,211,188,,-0.0282485875706215,-0.027044075076160332,0.22748815165876776,64.0,124.0,8.0,15.0,135,30,29,7.0,10.0,,,,,,unknown,
market_context,,15,211,211,188,,-0.1469298245614034,-0.13205067264375403,0.061611374407582936,79.0,108.0,9.0,15.0,139,9,59,2.0,2.0,,,,,,unknown,
market_context,,20,211,211,188,,-0.1404011461318052,-0.12325448288637476,0.11848341232227488,69.0,127.0,,15.0,127,14,60,9.0,1.0,,,,,,unknown,
half,,1,5604,5604,1108,,-0.0028851702250433,-0.002696872485199451,0.43968593861527483,2322.0,2467.0,524.0,291.0,3120,2285,178,21.0,,,,,,,,2024Q1
half,,2,5604,5604,1108,,-0.0020576131687242,-0.0005135846046719679,0.4616345467523198,2352.0,2628.0,333.0,291.0,2768,1853,341,124.0,518.0,,,,,,,2024Q1
half,,3,5604,5604,1108,,-0.0046737538226954995,-1.965526974902272e-05,0.44539614561027835,2312.0,2711.0,290.0,291.0,2638,1641,535,262.0,528.0,,,,,,,2024Q1
half,,5,5604,5604,1108,,-0.0087055261165783,-0.006977994170467694,0.44200571020699503,2246.0,2840.0,227.0,291.0,2386,1464,799,416.0,539.0,,,,,,,2024Q1
half,,10,5604,5604,1108,,-0.012970190431330249,-0.015262295558693661,0.4398643825838687,2111.0,3038.0,164.0,291.0,1933,1186,1242,774.0,469.0,,,,,,,2024Q1
half,,15,5604,5604,1108,,-0.02574682360939955,-0.03576760328863859,0.42737330478229835,2160.0,3038.0,115.0,291.0,1740,1068,1492,904.0,400.0,,,,,,,2024Q1
half,,20,5604,5604,1108,,-0.03588059255242495,-0.056758212329047944,0.40988579586009993,2222.0,3004.0,87.0,291.0,1618,967,1708,937.0,374.0,,,,,,,2024Q1
half,,1,5478,5478,670,,-0.0045547902576657,-0.004130321917578403,0.40160642570281124,2453.0,2407.0,392.0,226.0,3376,2006,77,19.0,,,,,,,,2024Q2
half,,2,5478,5478,670,,-0.0068085550218162,-0.00666117453515434,0.4008762322015334,2400.0,2555.0,297.0,226.0,3119,1493,250,64.0,552.0,,,,,,,2024Q2
half,,3,5478,5478,670,,-0.007883154577822502,-0.007195754713029771,0.4069003285870756,2382.0,2626.0,244.0,226.0,2961,1383,375,133.0,626.0,,,,,,,2024Q2
half,,5,5478,5478,670,,-0.01254530272493975,-0.011846885216247181,0.3879152975538518,2275.0,2780.0,197.0,226.0,2693,1170,709,277.0,629.0,,,,,,,2024Q2
half,,10,5478,5478,670,,-0.02097487814023245,-0.018561303103955235,0.3702081051478642,2343.0,2782.0,127.0,226.0,2308,963,1186,553.0,468.0,,,,,,,2024Q2
half,,15,5478,5478,670,,-0.0268145251289769,-0.024243297342151797,0.3658269441401972,2230.0,2887.0,135.0,226.0,2043,823,1474,720.0,418.0,,,,,,,2024Q2
half,,20,5478,5478,670,,-0.0357485673981955,-0.03393505185275905,0.34866739686016796,2259.0,2918.0,75.0,226.0,1901,711,1687,816.0,363.0,,,,,,,2024Q2
half,,1,4340,4340,539,,-0.0023474307755888997,-0.0004047309147996383,0.4403225806451613,1867.0,1901.0,407.0,165.0,2506,1762,58,14.0,,,,,,,,2024Q3
half,,2,4340,4340,539,,-0.00295130991899495,0.0023302316071475604,0.4433179723502304,1891.0,2005.0,279.0,165.0,2321,1351,168,59.0,441.0,,,,,,,2024Q3
half,,3,4340,4340,539,,-0.0038242630478755,0.003585906838477261,0.4447004608294931,1953.0,2025.0,197.0,165.0,2147,1219,325,107.0,542.0,,,,,,,2024Q3
half,,5,4340,4340,539,,-0.0056025365613049,0.003089655354247452,0.4488479262672811,2055.0,1944.0,176.0,165.0,1926,1140,522,224.0,528.0,,,,,,,2024Q3
half,,10,4340,4340,539,,-0.012624653089404199,0.0026590194616888363,0.4315668202764977,2134.0,1935.0,106.0,165.0,1586,935,908,458.0,453.0,,,,,,,2024Q3
half,,15,4340,4340,539,,-0.00810044685332575,0.017545376030377924,0.4645161290322581,2221.0,1865.0,89.0,165.0,1270,830,1068,773.0,399.0,,,,,,,2024Q3
half,,20,4340,4340,539,,-0.008155721421273701,0.027842524919178106,0.4700460829493088,2299.0,1794.0,82.0,165.0,1092,732,1231,930.0,355.0,,,,,,,2024Q3
half,,1,7632,7632,1050,,-0.0027713773681515,-0.0022984905592010703,0.43697589098532497,3164.0,3470.0,695.0,303.0,4297,3074,213,48.0,,,,,,,,2024Q4
half,,2,7632,7632,1050,,-0.00418875565072995,-0.0017332696115056525,0.43409329140461217,3456.0,3424.0,449.0,303.0,3913,2196,559,178.0,786.0,,,,,,,2024Q4
half,,3,7632,7632,1050,,-0.0074507737973851,-0.006293797706479162,0.41103249475890985,3494.0,3440.0,395.0,303.0,3683,1948,943,256.0,802.0,,,,,,,2024Q4
half,,5,7632,7632,1050,,-0.012484005853740598,-0.00810863752763661,0.40644654088050314,3447.0,3621.0,261.0,303.0,3186,1755,1416,455.0,820.0,,,,,,,2024Q4
half,,10,7632,7632,1050,,-0.0233542081247665,-0.018720135850863913,0.3632075471698113,3549.0,3590.0,190.0,303.0,2649,1190,2274,864.0,655.0,,,,,,,2024Q4
half,,15,7632,7632,1050,,-0.0318657987785277,-0.024575584032503418,0.3443396226415094,3538.0,3623.0,168.0,303.0,2360,966,2713,1063.0,530.0,,,,,,,2024Q4
half,,20,7632,7632,1050,,-0.0364803407640126,-0.02644193005094759,0.3400157232704403,3434.0,3744.0,151.0,303.0,2138,827,2950,1236.0,481.0,,,,,,,2024Q4
half,,1,15176,15176,1892,,-0.0015785329486047999,0.0004045171173962743,0.45637849235635214,6640.0,6348.0,1509.0,679.0,8480,6313,291,92.0,,,,,,,,2025Q1
half,,2,15176,15176,1892,,0.0,0.0023570000228586943,0.48958882445967317,6859.0,6558.0,1080.0,679.0,7324,5006,787,317.0,1742.0,,,,,,,2025Q1
half,,3,15176,15176,1892,,-0.00047476287205615,0.00427258357027283,0.48721665788086455,7037.0,6574.0,886.0,679.0,6659,4521,1364,701.0,1931.0,,,,,,,2025Q1
half,,5,15176,15176,1892,,-0.0007314935995312,0.0038599352000880873,0.4856352134949921,7161.0,6613.0,723.0,679.0,5758,3998,2257,1187.0,1976.0,,,,,,,2025Q1
half,,10,15176,15176,1892,,-0.00111265724214525,0.001184137105611919,0.48998418555614126,7389.0,6672.0,436.0,679.0,4372,3405,3517,2137.0,1745.0,,,,,,,2025Q1
half,,15,15176,15176,1892,,-0.010706937095825951,-0.00972025742484961,0.4488007380073801,7435.0,6719.0,343.0,679.0,3842,2791,4637,2372.0,1534.0,,,,,,,2025Q1
half,,20,15176,15176,1892,,-0.016042780748663048,-0.010977211496297488,0.43364522930943594,7729.0,6454.0,314.0,679.0,3473,2365,5207,2774.0,1357.0,,,,,,,2025Q1
half,,1,23028,23028,2886,,0.0,0.0006575212692485895,0.4802848705923224,9873.0,9480.0,2724.0,951.0,12330,10153,441,104.0,,,,,,,,2025Q2
half,,2,23028,23028,2886,,-0.00075443239705165,-0.0003025597143275875,0.47759249609171445,10154.0,10072.0,1851.0,951.0,11401,7826,1158,286.0,2357.0,,,,,,,2025Q2
half,,3,23028,23028,2886,,-0.0027766763591504998,-0.00422697159219366,0.46187250303977767,10552.0,10041.0,1484.0,951.0,10824,7095,1992,500.0,2617.0,,,,,,,2025Q2
half,,5,23028,23028,2886,,-0.00164609165004765,0.0006185795765443327,0.4781136008337676,10961.0,9936.0,1180.0,951.0,9384,6544,2951,1150.0,2999.0,,,,,,,2025Q2
half,,10,23028,23028,2886,,0.0064021957913997,0.01184703738541277,0.5393868334201841,11285.0,9984.0,808.0,951.0,6708,6248,4134,2830.0,3108.0,,,,,,,2025Q2
half,,15,23028,23028,2886,,0.0135164134091173,0.024789052540802565,0.5832899079381623,11324.0,10109.0,644.0,951.0,5165,5927,4632,4326.0,2978.0,,,,,,,2025Q2
half,,20,23028,23028,2886,,0.0221402214022139,0.036553093674309485,0.6117335417752302,11430.0,10107.0,540.0,951.0,4314,5771,4808,5230.0,2905.0,,,,,,,2025Q2
half,,1,36443,36443,3571,,0.0,0.0019229010476055023,0.48533326015970146,16133.0,14868.0,4190.0,1252.0,19282,16290,731,140.0,,,,,,,,2025Q3
half,,2,36443,36443,3571,,0.0,0.0036746448736812046,0.4854979008314354,16450.0,15810.0,2931.0,1252.0,17566,12690,1998,548.0,3641.0,,,,,,,2025Q3
half,,3,36443,36443,3571,,0.0006868131868131,0.0054283824125551305,0.5035534944982576,16272.0,16552.0,2367.0,1252.0,15726,11766,3137,993.0,4821.0,,,,,,,2025Q3
half,,5,36443,36443,3571,,0.0029985007496251,0.009421188392957748,0.5248195812638916,16872.0,16506.0,1813.0,1252.0,13200,11338,4658,2063.0,5184.0,,,,,,,2025Q3
half,,10,36443,36443,3571,,0.0050590219224284,0.01783132020145387,0.529264879400708,17165.0,16787.0,1239.0,1252.0,9786,9539,7703,4193.0,5222.0,,,,,,,2025Q3
half,,15,36443,36443,3571,,0.0083752093802345,0.02793593881270442,0.5380182751145625,17167.0,17062.0,962.0,1252.0,7844,8675,9267,5767.0,4890.0,,,,,,,2025Q3
half,,20,36443,36443,3571,,0.0106382978723404,0.03579172866477759,0.5451801443349888,17231.0,17162.0,798.0,1252.0,6721,7904,10108,7146.0,4564.0,,,,,,,2025Q3
half,,1,38973,38973,3990,,0.0,0.0010548923699878398,0.4865932825289303,16621.0,16449.0,4413.0,1490.0,20776,17316,661,220.0,,,,,,,,2025Q4
half,,2,38973,38973,3990,,-0.0015432098765433,0.0006790303309293209,0.4691196469350576,17018.0,17316.0,3149.0,1490.0,19717,13216,1908,511.0,3621.0,,,,,,,2025Q4
half,,3,38973,38973,3990,,0.0,0.002357928280575524,0.4857465424781259,17258.0,17765.0,2460.0,1490.0,17862,12500,2958,1009.0,4644.0,,,,,,,2025Q4
half,,5,38973,38973,3990,,0.0018148820326679,0.00596796042469614,0.5122264131578272,17348.0,18154.0,1981.0,1490.0,15015,12018,4534,1937.0,5469.0,,,,,,,2025Q4
half,,10,38973,38973,3990,,0.0056131995237285,0.0158536167577291,0.5329073974289893,17808.0,18321.0,1354.0,1490.0,11327,10676,7242,4383.0,5345.0,,,,,,,2025Q4
half,,15,38973,38973,3990,,0.0077574047954867,0.024954378114531144,0.5328304210607343,17904.0,18454.0,1125.0,1490.0,9278,9468,9165,6120.0,4942.0,,,,,,,2025Q4
half,,20,38973,38973,3990,,0.0139426800929511,0.03575524062654365,0.5560516254843096,17925.0,18596.0,962.0,1490.0,7818,9070,9738,7687.0,4660.0,,,,,,,2025Q4
half,,1,29540,29540,3780,,0.0,0.0016761520715046566,0.49207853757616793,12301.0,13165.0,2903.0,1171.0,15180,13546,666,148.0,,,,,,,,2026Q1
half,,2,29540,29540,3780,,-0.0009537488652344,0.0011769647331502005,0.47935003385240355,13020.0,13262.0,2087.0,1171.0,14054,10197,1922,563.0,2804.0,,,,,,,2026Q1
half,,3,29540,29540,3780,,-0.0010928961748634,0.0002812638290035114,0.48324306025727826,13367.0,13222.0,1780.0,1171.0,12769,9638,3011,952.0,3170.0,,,,,,,2026Q1
half,,5,29540,29540,3780,,-0.0036873176395728,0.0006678215219860754,0.4684157075152336,13259.0,13700.0,1410.0,1171.0,11226,8433,4806,1828.0,3247.0,,,,,,,2026Q1
half,,10,29540,29540,3780,,-0.01108160844606215,-0.00251490098940309,0.4356127285037238,13322.0,14036.0,1011.0,1171.0,9091,6588,7850,3410.0,2601.0,,,,,,,2026Q1
half,,15,29540,29540,3780,,-0.0223386651958079,-0.00636240478660792,0.3954637779282329,13275.0,14332.0,762.0,1171.0,8094,4981,9939,4411.0,2115.0,,,,,,,2026Q1
half,,20,29540,29540,3780,,-0.0251473841485307,-0.005964089553096914,0.3977657413676371,13428.0,14257.0,684.0,1171.0,7318,4501,10619,5298.0,1804.0,,,,,,,2026Q1
half,,1,21974,21974,3034,,-0.00375205302674795,-0.0006073548047812465,0.4379266405752253,10050.0,9535.0,1763.0,626.0,11944,8858,895,277.0,,,,,,,,2026Q2
half,,2,21974,21974,3034,,-0.0041666666666665,-0.001179559753901011,0.4515791389824338,10505.0,9667.0,1176.0,626.0,10479,6763,1919,802.0,2011.0,,,,,,,2026Q2
half,,3,21974,21974,3034,,-0.005787324545122201,-0.0005289343036651666,0.45062346409392917,10767.0,9623.0,958.0,626.0,9670,6154,2699,1331.0,2120.0,,,,,,,2026Q2
half,,5,21974,21974,3034,,-0.00389674480402375,0.003640710304392296,0.47255847820151087,10574.0,10044.0,730.0,626.0,8010,5552,3768,2424.0,2220.0,,,,,,,2026Q2
half,,10,21974,21974,3034,,-0.0141692500738116,0.0008584163271029969,0.4435696732502048,10702.0,10165.0,481.0,626.0,6354,4193,6009,3807.0,1611.0,,,,,,,2026Q2
half,,15,21974,21974,3034,,-0.0302499402204325,-0.0062236447777671905,0.4144443433148266,10736.0,10200.0,412.0,626.0,5570,3375,7398,4291.0,1340.0,,,,,,,2026Q2
half,,20,21974,21974,3034,,-0.0550308298774604,-0.01917740992154427,0.3751706562300901,10788.0,10177.0,383.0,626.0,5238,2819,8565,4292.0,1060.0,,,,,,,2026Q2
half,,1,7398,7398,1487,,-0.0020058840696646502,-0.0006046165662559393,0.4645850229791836,3373.0,3213.0,588.0,224.0,3671,3148,468,111.0,,,,,,,,2026Q3
half,,2,7398,7398,1487,,-0.00305221269485115,-0.002893317026425566,0.46580156799134903,3229.0,3192.0,373.0,604.0,3221,2319,846,289.0,723.0,,,,,,,2026Q3
half,,3,7398,7398,1487,,-0.0027100036649494,-0.0043036645337713965,0.4716139497161395,3213.0,3136.0,306.0,743.0,2769,1975,1218,484.0,952.0,,,,,,,2026Q3
half,,5,7398,7398,1487,,-0.00577425075031405,-0.006541861309964027,0.4552581778859151,2964.0,2946.0,204.0,1284.0,2331,1757,1784,808.0,718.0,,,,,,,2026Q3
half,,10,7398,7398,1487,,-0.015503206197942949,-0.016494504153460134,0.4178156258448229,2559.0,2222.0,115.0,2502.0,1840,1409,2514,1091.0,544.0,,,,,,,2026Q3
half,,15,7398,6770,1487,,-0.0142976209177706,-0.015987203198013847,0.434711964549483,1807.0,1497.0,55.0,4039.0,1291,1116,2572,1339.0,452.0,628.0,,,,,,2026Q3
half,,20,7398,5536,1487,,-0.01573493789466795,-0.013725877204923617,0.4459898843930636,1302.0,1005.0,36.0,5055.0,954,862,2142,1258.0,320.0,1862.0,,,,,,2026Q3
