date,signal_date,code,side,price,qty,gross_value,fees,value,reason,signal_regime
2025-02-13,2025-02-12,600908,buy,5.7829,34500.0,199509.71,61.85,199571.55,月线背景+周线趋势+周级动能active_up+日线标签命中，大盘bull+分批建议：盘中试探仓 + 14:45尾盘确认,bull
2025-02-18,,600908,sell,5.7171,34500.0,197241.33,159.77,197081.56,E1_structural_stop,
2025-02-19,2025-02-18,600908,buy,5.7929,34400.0,199275.59,61.78,199337.36,月线背景+周线趋势+周级动能active_up+日线标签命中，大盘bull+分批建议：盘中试探仓 + 14:45尾盘确认,bull
2025-02-24,,600908,sell,5.6872,34400.0,195638.13,158.47,195479.67,E1_structural_stop,
2025-02-25,2025-02-24,600346,buy,15.2676,13000.0,198479.19,61.53,198540.72,月线背景+周线趋势+周级动能active_up+日线标签命中，大盘bull+分批建议：盘中试探仓 + 14:45尾盘确认,bull
2025-02-26,2025-02-25,605333,buy,34.3172,5700.0,195607.76,60.64,195668.39,月线背景+周线趋势+周级动能active_up+日线标签命中，大盘bull+分批建议：盘中试探仓 + 14:45尾盘确认,bull
2025-02-27,,600346,sell,15.0825,13000.0,196071.92,158.82,195913.1,E1_structural_stop,
2025-03-03,,605333,sell,32.3038,5700.0,184131.89,149.15,183982.74,E1_structural_stop,
2025-03-06,2025-03-05,300253,buy,12.3262,15800.0,194753.33,60.37,194813.7,月线背景+周线趋势+周级动能active_up+日线标签命中，大盘bull+分批建议：盘中试探仓 + 14:45尾盘确认,bull
2025-03-07,2025-03-06,601577,buy,8.7744,22300.0,195668.79,60.66,195729.44,月线背景+周线趋势+周级动能active_up+日线标签命中，大盘bull+分批建议：盘中试探仓 + 14:45尾盘确认,bull
2025-03-10,2025-03-07,600346,buy,15.7079,12500.0,196348.12,60.87,196408.99,月线背景+周线趋势+周级动能active_up+日线标签命中，大盘bull+分批建议：盘中试探仓 + 14:45尾盘确认,bull
2025-03-11,,601577,sell,8.5857,22300.0,191461.22,155.08,191306.14,E1_structural_stop,
2025-03-11,2025-03-10,002112,buy,15.6078,12500.0,195097.5,60.48,195157.98,月线背景+周线趋势+周级动能active_up+日线标签命中，大盘bull+分批建议：盘中试探仓 + 14:45尾盘确认,bull
2025-03-14,,300253,sell,11.994,15800.0,189505.2,153.5,189351.7,E2_time_stop,
2025-03-14,2025-03-13,600812,buy,6.2631,31400.0,196662.28,60.97,196723.25,月线背景+周线趋势+周级动能active_up+日线标签命中，大盘bull+分批建议：盘中试探仓 + 14:45尾盘确认,bull
2025-03-17,2025-03-14,600908,buy,5.7329,34300.0,196637.27,60.96,196698.23,月线背景+周线趋势+周级动能active_up+日线标签命中，大盘bull+分批建议：盘中试探仓 + 14:45尾盘确认,bull
2025-03-18,,600346,sell,15.7521,12500.0,196901.5,159.49,196742.01,E2_time_stop,
2025-03-18,2025-03-17,300667,buy,19.5198,10000.0,195197.55,60.51,195258.06,月线背景+周线趋势+周级动能active_up+日线标签命中，大盘bull+分批建议：盘中试探仓 + 14:45尾盘确认,bull
2025-03-19,,002112,sell,16.7416,12500.0,209270.31,169.51,209100.8,E2_time_stop,
2025-03-19,2025-03-18,600688,buy,3.4517,57000.0,196748.33,60.99,196809.32,月线背景+周线趋势+周级动能active_up+日线标签命中，大盘bull+分批建议：盘中试探仓 + 14:45尾盘确认,bull
2025-03-20,,300667,sell,18.7906,10000.0,187906.0,152.2,187753.8,E1_structural_stop,
2025-03-20,2025-03-19,002653,buy,35.1776,5500.0,193476.69,59.98,193536.67,月线背景+周线趋势+周级动能active_up+日线标签命中，大盘bull+分批建议：盘中试探仓 + 14:45尾盘确认,bull
2025-03-24,,600812,sell,6.3668,31400.0,199917.99,161.93,199756.06,E2_time_stop,
2025-03-25,,600688,sell,3.2984,57000.0,188005.95,152.28,187853.67,E1_structural_stop,
2025-03-25,,600908,sell,5.7771,34300.0,198154.87,160.51,197994.37,E2_time_stop,
2025-03-28,,002653,sell,38.2209,5500.0,210214.84,170.27,210044.57,E2_time_stop,
2025-05-08,2025-05-07,601577,buy,9.1246,21600.0,197090.5,61.1,197151.59,月线背景+周线趋势+周级动能active_up+日线标签命中，大盘bull+分批建议：盘中试探仓 + 14:45尾盘确认,bull
2025-05-09,2025-05-08,000958,buy,6.5933,29900.0,197139.52,61.11,197200.63,月线背景+周线趋势+周级动能active_up+日线标签命中，大盘bull+分批建议：盘中试探仓 + 14:45尾盘确认,bull
2025-05-12,2025-05-09,000557,buy,5.4027,36600.0,197738.82,61.3,197800.12,月线背景+周线趋势+周级动能active_up+日线标签命中，大盘bull+分批建议：盘中试探仓 + 14:45尾盘确认,bull
2025-05-13,,000958,sell,6.5767,29900.0,196643.63,159.28,196484.35,E1_structural_stop,
2025-05-13,2025-05-12,002742,buy,3.972,49800.0,197804.85,61.32,197866.17,月线背景+周线趋势+周级动能active_up+日线标签命中，大盘bull+分批建议：盘中试探仓 + 14:45尾盘确认,bull
2025-05-14,,000557,sell,5.3473,36600.0,195712.1,158.53,195553.57,E1_structural_stop,
2025-05-16,,601577,sell,9.5652,21600.0,206608.64,167.35,206441.29,E2_time_stop,
2025-05-16,2025-05-15,002422,buy,35.0175,5700.0,199599.75,61.88,199661.63,月线背景+周线趋势+周级动能active_up+日线标签命中，大盘bull+分批建议：盘中试探仓 + 14:45尾盘确认,bull
2025-05-19,2025-05-16,600887,buy,29.915,6700.0,200430.17,62.13,200492.3,月线背景+周线趋势+周级动能active_up+日线标签命中，大盘bull+分批建议：盘中试探仓 + 14:45尾盘确认,bull
2025-05-20,2025-05-19,000557,buy,5.3627,37800.0,202709.3,62.84,202772.14,月线背景+周线趋势+周级动能active_up+日线标签命中，大盘bull+分批建议：盘中试探仓 + 14:45尾盘确认,bull
2025-05-21,,002742,sell,4.2979,49800.0,214032.93,173.37,213859.56,E2_time_stop,
2025-05-21,2025-05-20,600455,buy,25.7229,7900.0,203210.55,63.0,203273.55,月线背景+周线趋势+周级动能active_up+日线标签命中，大盘bull+分批建议：盘中试探仓 + 14:45尾盘确认,bull
2025-05-22,2025-05-21,002742,buy,4.3922,46400.0,203797.85,63.18,203861.03,月线背景+周线趋势+周级动能active_up+日线标签命中，大盘bull+分批建议：盘中试探仓 + 14:45尾盘确认,bull
2025-05-23,,600455,sell,24.9775,7900.0,197322.29,159.83,197162.46,E1_structural_stop,
2025-05-23,,000557,sell,5.2274,37800.0,197595.15,160.05,197435.1,E1_structural_stop,
2025-05-26,,002422,sell,39.3303,5700.0,224182.85,181.59,224001.26,E2_time_stop,
2025-05-26,2025-05-23,000677,buy,5.6628,35900.0,203295.6,63.02,203358.62,月线背景+周线趋势+周级动能active_up+日线标签命中，大盘bull+分批建议：盘中试探仓 + 14:45尾盘确认,bull
2025-05-27,,600887,sell,30.7846,6700.0,206256.82,167.07,206089.75,E2_time_stop,
2025-05-30,,002742,sell,4.2579,46400.0,197565.17,160.03,197405.14,E2_time_stop,
2025-05-30,2025-05-29,002195,buy,5.6828,36400.0,206855.38,64.13,206919.5,月线背景+周线趋势+周级动能active_up+日线标签命中，大盘bull+分批建议：盘中试探仓 + 14:45尾盘确认,bull
2025-06-04,,000677,sell,6.1569,35900.0,221033.43,179.04,220854.39,E2_time_stop,
2025-06-04,2025-06-03,002591,buy,5.6928,36400.0,207219.56,64.24,207283.8,月线背景+周线趋势+周级动能active_up+日线标签命中，大盘bull+分批建议：盘中试探仓 + 14:45尾盘确认,bull
2025-06-05,2025-06-04,002653,buy,45.6928,4500.0,205617.76,63.74,205681.5,月线背景+周线趋势+周级动能active_up+日线标签命中，大盘bull+分批建议：盘中试探仓 + 14:45尾盘确认,bull
2025-06-06,2025-06-05,300961,buy,18.009,11400.0,205302.6,63.64,205366.24,月线背景+周线趋势+周级动能active_up+日线标签命中，大盘bull+分批建议：盘中试探仓 + 14:45尾盘确认,bull
2025-06-09,,002653,sell,42.9485,4500.0,193268.32,156.55,193111.77,E1_structural_stop,
2025-06-09,2025-06-06,002742,buy,4.5223,45300.0,204858.38,63.51,204921.88,月线背景+周线趋势+周级动能active_up+日线标签命中，大盘bull+分批建议：盘中试探仓 + 14:45尾盘确认,bull
2025-06-10,,002195,sell,5.5672,36400.0,202646.63,164.14,202482.48,E2_time_stop,
2025-06-10,2025-06-09,000958,buy,7.1236,28700.0,204446.17,63.38,204509.55,月线背景+周线趋势+周级动能active_up+日线标签命中，大盘bull+分批建议：盘中试探仓 + 14:45尾盘确认,bull
2025-06-11,,300961,sell,17.4913,11400.0,199400.25,161.51,199238.74,E1_structural_stop,
2025-06-12,,002591,sell,5.7671,36400.0,209922.99,170.04,209752.95,E2_time_stop,
2025-06-12,2025-06-11,002422,buy,37.8289,5300.0,200493.2,62.15,200555.35,月线背景+周线趋势+周级动能active_up+日线标签命中，大盘bull+分批建议：盘中试探仓 + 14:45尾盘确认,bull
2025-06-16,,000958,sell,6.8166,28700.0,195636.13,158.47,195477.67,E1_structural_stop,
2025-06-16,,002422,sell,36.5817,5300.0,193883.01,157.05,193725.96,E1_structural_stop,
2025-06-17,,002742,sell,4.8176,45300.0,218236.83,176.77,218060.06,E2_time_stop,
2025-06-17,2025-06-16,600928,buy,3.952,51400.0,203131.52,62.97,203194.49,月线背景+周线趋势+周级动能active_up+日线标签命中，大盘bull+分批建议：盘中试探仓 + 14:45尾盘确认,bull
2025-06-18,2025-06-17,000557,buy,5.1926,39100.0,203030.46,62.94,203093.4,月线背景+周线趋势+周级动能active_up+日线标签命中，大盘bull+分批建议：盘中试探仓 + 14:45尾盘确认,bull
2025-06-19,2025-06-18,000958,buy,6.9535,29100.0,202346.12,62.73,202408.85,月线背景+周线趋势+周级动能active_up+日线标签命中，大盘bull+分批建议：盘中试探仓 + 14:45尾盘确认,bull
2025-06-23,,000958,sell,6.6267,29100.0,192836.53,156.2,192680.34,E1_structural_stop,
2025-06-24,2025-06-23,002418,buy,3.4217,58500.0,200170.03,62.05,200232.09,月线背景+周线趋势+周级动能active_up+日线标签命中，大盘bull+分批建议：盘中试探仓 + 14:45尾盘确认,bull
2025-06-25,,600928,sell,3.998,51400.0,205497.2,166.45,205330.75,E2_time_stop,
2025-06-25,2025-06-24,300961,buy,16.9785,11800.0,200346.12,62.11,200408.23,月线背景+周线趋势+周级动能active_up+日线标签命中，大盘bull+分批建议：盘中试探仓 + 14:45尾盘确认,bull
2025-06-26,,000557,sell,5.1974,39100.0,203218.34,164.61,203053.73,E2_time_stop,
2025-06-26,2025-06-25,002753,buy,7.0435,28700.0,202149.02,62.67,202211.69,月线背景+周线趋势+周级动能active_up+日线标签命中，大盘bull+分批建议：盘中试探仓 + 14:45尾盘确认,bull
2025-06-27,2025-06-26,600908,buy,6.5133,31300.0,203864.88,63.2,203928.08,月线背景+周线趋势+周级动能active_up+日线标签命中，大盘bull+分批建议：盘中试探仓 + 14:45尾盘确认,bull
2025-06-30,2025-06-27,002422,buy,35.7379,5600.0,200132.02,62.04,200194.06,月线背景+周线趋势+周级动能active_up+日线标签命中，大盘bull+分批建议：盘中试探仓 + 14:45尾盘确认,bull
2025-06-30,2025-06-27,002689,buy,3.8419,500.0,1920.96,5.02,1925.98,月线背景+周线趋势+周级动能active_up+日线标签命中，大盘bull+分批建议：盘中试探仓 + 14:45尾盘确认,bull
2025-07-02,,002418,sell,3.5482,58500.0,207571.16,168.13,207403.03,E2_time_stop,
2025-07-02,2025-07-01,002742,buy,4.9525,41500.0,205527.71,63.71,205591.43,月线背景+周线趋势+周级动能active_up+日线标签命中，大盘bull+分批建议：盘中试探仓 + 14:45尾盘确认,bull
2025-07-02,2025-07-01,301149,buy,11.5458,100.0,1154.58,5.01,1159.59,月线背景+周线趋势+周级动能active_up+日线标签命中，大盘bull+分批建议：盘中试探仓 + 14:45尾盘确认,bull
2025-07-03,,300961,sell,22.7886,11800.0,268905.48,217.81,268687.67,E2_time_stop,
2025-07-03,2025-07-02,002092,buy,4.7324,43700.0,206804.35,64.11,206868.46,月线背景+周线趋势+周级动能active_up+日线标签命中，大盘bull+分批建议：盘中试探仓 + 14:45尾盘确认,bull
2025-07-03,2025-07-02,605567,buy,10.3452,6000.0,62071.02,19.24,62090.26,月线背景+周线趋势+周级动能active_up+日线标签命中，大盘bull+分批建议：盘中试探仓 + 14:45尾盘确认,bull
2025-07-04,,002753,sell,7.1164,28700.0,204241.83,165.44,204076.39,E2_time_stop,
2025-07-04,2025-07-03,600605,buy,36.7284,5500.0,202005.95,62.62,202068.57,月线背景+周线趋势+周级动能active_up+日线标签命中，大盘bull+分批建议：盘中试探仓 + 14:45尾盘确认,bull
2025-07-07,,002689,sell,3.7781,500.0,1889.06,5.96,1883.09,E1_structural_stop,
2025-07-07,,600908,sell,6.3768,31300.0,199594.15,161.67,199432.48,E2_time_stop,
2025-07-07,2025-07-04,002292,buy,9.5348,21300.0,203090.49,62.96,203153.45,月线背景+周线趋势+周级动能active_up+日线标签命中，大盘bull+分批建议：盘中试探仓 + 14:45尾盘确认,bull
2025-07-08,,002422,sell,34.4728,5600.0,193047.43,156.37,192891.06,E1_structural_stop,
2025-07-08,2025-07-07,002418,buy,3.5218,54900.0,193344.62,59.94,193404.56,月线背景+周线趋势+周级动能active_up+日线标签命中，大盘bull+分批建议：盘中试探仓 + 14:45尾盘确认,bull
2025-07-10,,301149,sell,11.4643,100.0,1146.43,5.58,1140.84,E2_time_stop,
2025-07-10,,002742,sell,5.0475,41500.0,209470.21,169.67,209300.54,E2_time_stop,
2025-07-10,2025-07-09,002591,buy,6.073,34600.0,210127.01,65.14,210192.15,月线背景+周线趋势+周级动能active_up+日线标签命中，大盘bull+分批建议：盘中试探仓 + 14:45尾盘确认,bull
2025-07-11,,605567,sell,10.4947,6000.0,62968.5,51.0,62917.5,E2_time_stop,
2025-07-11,,002292,sell,9.5452,21300.0,203313.29,164.68,203148.61,E1_structural_stop,
2025-07-11,,002092,sell,4.8476,43700.0,211839.03,171.59,211667.44,E2_time_stop,
2025-07-11,2025-07-10,002742,buy,5.0525,42600.0,215237.56,66.72,215304.29,月线背景+周线趋势+周级动能active_up+日线标签命中，大盘bull+分批建议：盘中试探仓 + 14:45尾盘确认,bull
2025-07-14,,600605,sell,36.2619,5500.0,199440.23,161.55,199278.68,E2_time_stop,
2025-07-14,2025-07-11,600908,buy,6.4232,33700.0,216462.18,67.1,216529.28,月线背景+周线趋势+周级动能active_up+日线标签命中，大盘bull+分批建议：盘中试探仓 + 14:45尾盘确认,bull
2025-07-15,2025-07-14,002391,buy,6.003,36000.0,216108.0,66.99,216174.99,月线背景+周线趋势+周级动能active_up+日线标签命中，大盘bull+分批建议：盘中试探仓 + 14:45尾盘确认,bull
2025-07-15,2025-07-14,002412,buy,6.6333,4400.0,29186.59,9.05,29195.63,月线背景+周线趋势+周级动能active_up+日线标签命中，大盘bull+分批建议：盘中试探仓 + 14:45尾盘确认,bull
2025-07-16,,002418,sell,3.6282,54900.0,199187.36,161.34,199026.01,E2_time_stop,
2025-07-16,,002591,sell,5.8671,34600.0,203000.45,164.43,202836.02,E1_structural_stop,
2025-07-16,,600908,sell,6.3468,33700.0,213888.0,173.25,213714.75,E1_structural_stop,
2025-07-16,2025-07-15,002689,buy,3.992,53800.0,214769.33,66.58,214835.91,月线背景+周线趋势+周级动能active_up+日线标签命中，大盘bull+分批建议：盘中试探仓 + 14:45尾盘确认,bull
2025-07-17,2025-07-16,002418,buy,3.6618,58600.0,214583.24,66.52,214649.76,月线背景+周线趋势+周级动能active_up+日线标签命中，大盘bull+分批建议：盘中试探仓 + 14:45尾盘确认,bull
2025-07-18,2025-07-17,600605,buy,38.3792,4800.0,184220.06,57.11,184277.17,月线背景+周线趋势+周级动能active_up+日线标签命中，大盘bull+分批建议：盘中试探仓 + 14:45尾盘确认,bull
2025-07-18,2025-07-17,605018,buy,13.5368,100.0,1353.68,5.01,1358.69,月线背景+周线趋势+周级动能active_up+日线标签命中，大盘bull+分批建议：盘中试探仓 + 14:45尾盘确认,bull
2025-07-21,,002418,sell,3.5682,58600.0,209097.4,169.37,208928.03,E1_structural_stop,
2025-07-21,,002742,sell,5.0175,42600.0,213745.07,173.13,213571.94,E2_time_stop,
2025-07-21,2025-07-18,002292,buy,9.925,21600.0,214379.14,66.46,214445.59,月线背景+周线趋势+周级动能active_up+日线标签命中，大盘bull+分批建议：盘中试探仓 + 14:45尾盘确认,bull
2025-07-22,2025-07-21,002742,buy,5.0725,41100.0,208481.19,64.63,208545.82,月线背景+周线趋势+周级动能active_up+日线标签命中，大盘bull+分批建议：盘中试探仓 + 14:45尾盘确认,bull
2025-07-23,,605018,sell,12.8436,100.0,1284.36,5.66,1278.7,E1_structural_stop,
2025-07-23,,002391,sell,6.2669,36000.0,225607.14,182.74,225424.4,E2_time_stop,
2025-07-23,,002412,sell,6.7466,4400.0,29685.15,24.04,29661.11,E2_time_stop,
2025-07-23,2025-07-22,605567,buy,10.7454,19800.0,212758.33,65.96,212824.28,月线背景+周线趋势+周级动能active_up+日线标签命中，大盘bull+分批建议：盘中试探仓 + 14:45尾盘确认,bull
2025-07-24,,002689,sell,3.978,53800.0,214016.94,173.35,213843.58,E1_structural_stop,
2025-07-24,,002292,sell,9.7051,21600.0,209631.13,169.8,209461.33,E1_structural_stop,
2025-07-24,,002742,sell,5.0475,41100.0,207451.22,168.04,207283.19,E1_structural_stop,
2025-07-24,2025-07-23,301149,buy,11.946,17800.0,212638.27,65.92,212704.18,月线背景+周线趋势+周级动能active_up+日线标签命中，大盘bull+分批建议：盘中试探仓 + 14:45尾盘确认,bull
2025-07-25,2025-07-24,000753,buy,5.8129,36700.0,213333.61,66.13,213399.75,月线背景+周线趋势+周级动能active_up+日线标签命中，大盘bull+分批建议：盘中试探仓 + 14:45尾盘确认,bull
2025-07-28,,600605,sell,39.7801,4800.0,190944.48,154.67,190789.81,E2_time_stop,
2025-07-28,2025-07-25,002418,buy,3.6418,59100.0,215231.56,66.72,215298.28,月线背景+周线趋势+周级动能active_up+日线标签命中，大盘bull+分批建议：盘中试探仓 + 14:45尾盘确认,bull
2025-07-29,2025-07-28,002689,buy,4.062,52900.0,214881.39,66.61,214948.0,月线背景+周线趋势+周级动能active_up+日线标签命中，大盘bull+分批建议：盘中试探仓 + 14:45尾盘确认,bull
2025-07-29,2025-07-28,300805,buy,11.1956,700.0,7836.92,5.08,7841.99,月线背景+周线趋势+周级动能active_up+日线标签命中，大盘bull+分批建议：盘中试探仓 + 14:45尾盘确认,bull
2025-07-29,2025-07-28,600812,buy,6.9035,100.0,690.35,5.01,695.35,月线背景+周线趋势+周级动能active_up+日线标签命中，大盘bull+分批建议：盘中试探仓 + 14:45尾盘确认,bull
2025-07-30,,000753,sell,5.6672,36700.0,207984.96,168.47,207816.49,E1_structural_stop,
2025-07-30,2025-07-29,002412,buy,6.9035,30100.0,207793.85,64.42,207858.26,月线背景+周线趋势+周级动能active_up+日线标签命中，大盘bull+分批建议：盘中试探仓 + 14:45尾盘确认,bull
2025-07-31,,605567,sell,10.7946,19800.0,213733.08,173.12,213559.96,E2_time_stop,
2025-07-31,,002418,sell,3.4383,59100.0,203202.35,164.59,203037.75,E1_structural_stop,
2025-07-31,,002689,sell,3.958,52900.0,209379.26,169.6,209209.66,E1_structural_stop,
2025-07-31,2025-07-30,688123,buy,75.2376,2800.0,210665.28,65.31,210730.59,月线背景+周线趋势+周级动能active_up+日线标签命中，大盘bull+分批建议：盘中试探仓 + 14:45尾盘确认,bull
2025-08-01,,301149,sell,11.7841,17800.0,209757.07,169.9,209587.17,E1_structural_stop,
2025-08-01,2025-07-31,300181,buy,18.6993,11200.0,209432.66,64.92,209497.59,月线背景+周线趋势+周级动能active_up+日线标签命中，大盘bull+分批建议：盘中试探仓 + 14:45尾盘确认,bull
2025-08-04,,688123,sell,72.6237,2800.0,203346.28,164.71,203181.57,E1_structural_stop,
2025-08-04,2025-08-01,300253,buy,11.1356,18900.0,210462.18,65.24,210527.42,月线背景+周线趋势+周级动能active_up+日线标签命中，大盘bull+分批建议：盘中试探仓 + 14:45尾盘确认,bull
2025-08-05,2025-08-04,600057,buy,7.2436,29000.0,210064.98,65.12,210130.1,月线背景+周线趋势+周级动能active_up+日线标签命中，大盘bull+分批建议：盘中试探仓 + 14:45尾盘确认,bull
2025-08-06,,300805,sell,11.5642,700.0,8094.95,9.13,8085.82,E2_time_stop,
2025-08-06,,600812,sell,6.8266,100.0,682.66,5.35,677.31,E2_time_stop,
2025-08-06,2025-08-05,002591,buy,6.5433,31500.0,206113.01,63.9,206176.9,月线背景+周线趋势+周级动能active_up+日线标签命中，大盘bull+分批建议：盘中试探仓 + 14:45尾盘确认,bull
2025-08-07,,002412,sell,6.8666,30100.0,206683.61,167.41,206516.19,E2_time_stop,
2025-08-07,2025-08-06,300365,buy,7.0135,29400.0,206197.05,63.92,206260.97,月线背景+周线趋势+周级动能active_up+日线标签命中，大盘bull+分批建议：盘中试探仓 + 14:45尾盘确认,bull
2025-08-07,2025-08-06,600928,buy,3.9019,100.0,390.19,5.0,395.2,月线背景+周线趋势+周级动能active_up+日线标签命中，大盘bull+分批建议：盘中试探仓 + 14:45尾盘确认,bull
2025-08-08,2025-08-07,600231,buy,2.071,100.0,207.1,5.0,212.11,月线背景+周线趋势+周级动能active_up+日线标签命中，大盘bull+分批建议：盘中试探仓 + 14:45尾盘确认,bull
2025-08-11,,300181,sell,18.9105,11200.0,211798.05,171.56,211626.49,E2_time_stop,
2025-08-11,,300253,sell,10.4248,18900.0,197028.44,159.59,196868.84,E1_structural_stop,
2025-08-11,2025-08-08,002195,buy,5.7729,35500.0,204937.42,63.53,205000.95,月线背景+周线趋势+周级动能active_up+日线标签命中，大盘bull+分批建议：盘中试探仓 + 14:45尾盘确认,bull
2025-08-12,,600057,sell,7.0465,29000.0,204347.77,165.52,204182.25,E1_structural_stop,
2025-08-12,2025-08-11,000677,buy,5.5027,37300.0,205252.57,63.63,205316.2,月线背景+周线趋势+周级动能active_up+日线标签命中，大盘bull+分批建议：盘中试探仓 + 14:45尾盘确认,bull
2025-08-13,2025-08-12,000753,buy,5.5628,36300.0,201928.91,62.6,201991.51,月线背景+周线趋势+周级动能active_up+日线标签命中，大盘bull+分批建议：盘中试探仓 + 14:45尾盘确认,bull
2025-08-14,,600928,sell,3.8481,100.0,384.81,5.2,379.61,E1_structural_stop,
2025-08-14,,002591,sell,6.4868,31500.0,204332.78,165.51,204167.27,E2_time_stop,
2025-08-14,2025-08-13,002418,buy,4.4622,45900.0,204816.36,63.49,204879.85,月线背景+周线趋势+周级动能active_up+日线标签命中，大盘bull+分批建议：盘中试探仓 + 14:45尾盘确认,bull
2025-08-15,,300365,sell,6.8766,29400.0,202170.86,163.76,202007.11,E2_time_stop,
2025-08-15,,000753,sell,5.3473,36300.0,194107.9,157.23,193950.67,E1_structural_stop,
2025-08-15,2025-08-14,300805,buy,11.4657,17900.0,205236.57,63.62,205300.19,月线背景+周线趋势+周级动能active_up+日线标签命中，大盘bull+分批建议：盘中试探仓 + 14:45尾盘确认,bull
2025-08-18,,600231,sell,2.099,100.0,209.9,5.11,204.79,E2_time_stop,
2025-08-18,2025-08-15,002653,buy,60.3302,3100.0,187023.46,57.98,187081.44,月线背景+周线趋势+周级动能active_up+日线标签命中，大盘bull+分批建议：盘中试探仓 + 14:45尾盘确认,bull
2025-08-18,2025-08-15,600927,buy,16.1681,200.0,3233.62,5.03,3238.65,月线背景+周线趋势+周级动能active_up+日线标签命中，大盘bull+分批建议：盘中试探仓 + 14:45尾盘确认,bull
2025-08-19,,002195,sell,6.1569,35500.0,218570.66,177.04,218393.62,E2_time_stop,
2025-08-19,2025-08-18,000816,buy,3.1616,66100.0,208980.44,64.78,209045.22,月线背景+周线趋势+周级动能active_up+日线标签命中，大盘bull+分批建议：盘中试探仓 + 14:45尾盘确认,bull
2025-08-19,2025-08-18,002292,buy,9.6548,1000.0,9654.83,5.1,9659.92,月线背景+周线趋势+周级动能active_up+日线标签命中，大盘bull+分批建议：盘中试探仓 + 14:45尾盘确认,bull
2025-08-20,,000677,sell,5.5772,37300.0,208029.93,168.5,207861.43,E2_time_stop,
2025-08-20,2025-08-19,002092,buy,4.7324,43900.0,207750.82,64.4,207815.23,月线背景+周线趋势+周级动能active_up+日线标签命中，大盘bull+分批建议：盘中试探仓 + 14:45尾盘确认,bull
2025-08-22,,002418,sell,4.4078,45900.0,202317.79,163.88,202153.91,E2_time_stop,
2025-08-22,2025-08-21,002391,buy,6.3832,31700.0,202347.12,62.73,202409.85,月线背景+周线趋势+周级动能active_up+日线标签命中，大盘bull+分批建议：盘中试探仓 + 14:45尾盘确认,bull
2025-08-25,,300805,sell,12.1239,17900.0,217018.44,175.78,216842.65,E2_time_stop,
2025-08-25,2025-08-22,000677,buy,5.6428,36500.0,205962.93,63.85,206026.78,月线背景+周线趋势+周级动能active_up+日线标签命中，大盘bull+分批建议：盘中试探仓 + 14:45尾盘确认,bull
2025-08-25,2025-08-22,002195,buy,6.3932,1700.0,10868.43,5.11,10873.54,月线背景+周线趋势+周级动能active_up+日线标签命中，大盘bull+分批建议：盘中试探仓 + 14:45尾盘确认,bull
2025-08-26,,002653,sell,59.3703,3100.0,184047.93,149.08,183898.85,E2_time_stop,
2025-08-26,,600927,sell,16.022,200.0,3204.4,6.63,3197.76,E2_time_stop,
2025-08-26,2025-08-25,300181,buy,19.92,9300.0,185255.58,57.43,185313.01,"月线背景+周线趋势+周级动能active_up+日线标签命中，大盘bull+组合约束提示：['insufficient_cash', 'regime_exposure_cap:bull=100%']+分批建议：盘中试探仓 + 14:45尾盘",bull
2025-08-26,2025-08-25,301111,buy,17.6388,100.0,1763.88,5.02,1768.9,"月线背景+周线趋势+周级动能active_up+日线标签命中，大盘bull+组合约束提示：['insufficient_cash', 'regime_exposure_cap:bull=100%']+分批建议：盘中试探仓 + 14:45尾盘",bull
2025-08-27,,000816,sell,3.3783,66100.0,223306.29,180.88,223125.41,E2_time_stop,
2025-08-27,,002292,sell,10.1049,1000.0,10104.95,10.15,10094.79,E2_time_stop,
2025-08-27,2025-08-26,000557,buy,5.8529,35500.0,207778.84,64.41,207843.25,月线背景+周线趋势+周级动能active_up+日线标签命中，大盘bull+分批建议：盘中试探仓 + 14:45尾盘确认,bull
2025-08-27,2025-08-26,002412,buy,6.9635,3600.0,25068.53,7.77,25076.3,月线背景+周线趋势+周级动能active_up+日线标签命中，大盘bull+分批建议：盘中试探仓 + 14:45尾盘确认,bull
2025-08-28,,301111,sell,16.5517,100.0,1655.17,5.84,1649.33,E1_structural_stop,
2025-08-28,,000677,sell,5.3973,36500.0,197001.45,159.57,196841.88,E1_structural_stop,
2025-08-28,,300181,sell,19.0505,9300.0,177169.37,143.51,177025.86,E1_structural_stop,
2025-08-28,,002391,sell,6.1869,31700.0,196124.89,158.86,195966.03,E1_structural_stop,
2025-08-28,,002092,sell,4.9675,43900.0,218073.91,176.64,217897.27,E2_time_stop,
2025-08-28,2025-08-27,688123,buy,86.1431,2300.0,198129.02,61.42,198190.43,月线背景+周线趋势+周级动能active_up+日线标签命中，大盘bull+分批建议：盘中试探仓 + 14:45尾盘确认,bull
2025-08-29,,000557,sell,5.4773,35500.0,194442.73,157.5,194285.23,E1_structural_stop,
2025-08-29,,002412,sell,6.7166,3600.0,24179.9,19.59,24160.32,E1_structural_stop,
2025-08-29,2025-08-28,000816,buy,3.2116,63500.0,203936.92,63.22,204000.14,月线背景+周线趋势+周级动能active_up+日线标签命中，大盘bull+分批建议：盘中试探仓 + 14:45尾盘确认,bull
2025-09-01,2025-08-29,000753,buy,7.1136,28800.0,204870.38,63.51,204933.89,月线背景+周线趋势+周级动能active_up+日线标签命中，大盘bull+分批建议：盘中试探仓 + 14:45尾盘确认,bull
2025-09-02,,002195,sell,8.8856,1700.0,15105.44,12.7,15092.74,E2_time_stop,
2025-09-02,2025-09-01,000422,buy,14.3672,14300.0,205450.67,63.69,205514.36,月线背景+周线趋势+周级动能active_up+日线标签命中，大盘bull+分批建议：盘中试探仓 + 14:45尾盘确认,bull
2025-09-03,2025-09-02,002653,buy,57.3687,3500.0,200790.35,62.25,200852.59,月线背景+周线趋势+周级动能active_up+日线标签命中，大盘bull+分批建议：盘中试探仓 + 14:45尾盘确认,bull
2025-09-03,2025-09-02,603150,buy,36.7984,200.0,7359.68,5.07,7364.75,月线背景+周线趋势+周级动能active_up+日线标签命中，大盘bull+分批建议：盘中试探仓 + 14:45尾盘确认,bull
2025-09-03,2025-09-02,603906,buy,14.6073,100.0,1460.73,5.01,1465.74,月线背景+周线趋势+周级动能active_up+日线标签命中，大盘bull+分批建议：盘中试探仓 + 14:45尾盘确认,bull
2025-09-04,,000422,sell,13.5032,14300.0,193096.4,156.41,192940.0,E1_structural_stop,
2025-09-04,,688123,sell,83.958,2300.0,193103.4,156.41,192946.99,E1_structural_stop,
2025-09-04,2025-09-03,002422,buy,40.7604,4900.0,199725.81,61.92,199787.73,月线背景+周线趋势+周级动能active_up+日线标签命中，大盘bull+分批建议：盘中试探仓 + 14:45尾盘确认,bull
2025-09-05,,603906,sell,14.083,100.0,1408.3,5.72,1402.58,E1_structural_stop,
2025-09-05,,000753,sell,6.8566,28800.0,197469.22,159.95,197309.27,E1_structural_stop,
2025-09-08,,000816,sell,3.2184,63500.0,204367.77,165.54,204202.23,E2_time_stop,
2025-09-08,2025-09-05,002689,buy,4.2621,46300.0,197336.62,61.17,197397.79,月线背景+周线趋势+周级动能active_up+日线标签命中，大盘bull+分批建议：盘中试探仓 + 14:45尾盘确认,bull
2025-09-09,2025-09-08,000816,buy,3.2416,61700.0,200007.95,62.0,200069.96,月线背景+周线趋势+周级动能active_up+日线标签命中，大盘bull+分批建议：盘中试探仓 + 14:45尾盘确认,bull
2025-09-10,,002422,sell,39.0805,4900.0,191494.21,155.11,191339.09,E1_structural_stop,
2025-09-10,2025-09-09,300181,buy,18.4192,10700.0,197085.49,61.1,197146.59,月线背景+周线趋势+周级动能active_up+日线标签命中，大盘bull+分批建议：盘中试探仓 + 14:45尾盘确认,bull
2025-09-11,,002653,sell,55.972,3500.0,195902.0,158.68,195743.32,E2_time_stop,
2025-09-11,,603150,sell,38.7306,200.0,7746.13,8.95,7737.17,E2_time_stop,
2025-09-11,2025-09-10,002092,buy,4.8924,40400.0,197654.78,61.27,197716.05,月线背景+周线趋势+周级动能active_up+日线标签命中，大盘bull+分批建议：盘中试探仓 + 14:45尾盘确认,bull
2025-09-12,2025-09-11,300364,buy,27.994,6800.0,190359.13,59.01,190418.14,月线背景+周线趋势+周级动能active_up+日线标签命中，大盘bull+分批建议：盘中试探仓 + 14:45尾盘确认,bull
2025-09-12,2025-09-11,600346,buy,17.2986,100.0,1729.86,5.02,1734.88,月线背景+周线趋势+周级动能active_up+日线标签命中，大盘bull+分批建议：盘中试探仓 + 14:45尾盘确认,bull
2025-09-16,,300181,sell,18.2109,10700.0,194856.52,157.83,194698.69,E1_structural_stop,
2025-09-16,,002689,sell,4.2479,46300.0,196676.61,159.31,196517.3,E2_time_stop,
2025-09-16,,300364,sell,27.4663,6800.0,186770.57,151.28,186619.28,E1_structural_stop,
2025-09-16,,600346,sell,17.0515,100.0,1705.15,5.87,1699.28,E1_structural_stop,
2025-09-16,2025-09-15,002422,buy,37.5688,5200.0,195357.63,60.56,195418.19,月线背景+周线趋势+周级动能active_up+日线标签命中，大盘bull+分批建议：盘中试探仓 + 14:45尾盘确认,bull
2025-09-17,,000816,sell,3.3983,61700.0,209675.11,169.84,209505.27,E2_time_stop,
2025-09-17,2025-09-16,600231,buy,2.2211,88300.0,196124.01,60.8,196184.81,月线背景+周线趋势+周级动能active_up+日线标签命中，大盘bull+分批建议：盘中试探仓 + 14:45尾盘确认,bull
2025-09-18,,002422,sell,37.1014,5200.0,192927.49,156.27,192771.22,E1_structural_stop,
2025-09-18,2025-09-17,000753,buy,7.2836,26900.0,195929.92,60.74,195990.65,月线背景+周线趋势+周级动能active_up+日线标签命中，大盘bull+分批建议：盘中试探仓 + 14:45尾盘确认,bull
2025-09-19,,002092,sell,4.7076,40400.0,190188.86,154.05,190034.81,E1_structural_stop,
2025-09-22,,600231,sell,2.1289,88300.0,187984.96,152.27,187832.69,E1_structural_stop,
2025-09-25,2025-09-24,000509,buy,3.4317,56200.0,192862.38,59.79,192922.17,月线背景+周线趋势+周级动能active_up+日线标签命中，大盘bull+分批建议：盘中试探仓 + 14:45尾盘确认,bull
2025-09-26,,000753,sell,7.0965,26900.0,190894.51,154.62,190739.88,E1_structural_stop,
2025-09-26,2025-09-25,002422,buy,37.3187,5100.0,190325.12,59.0,190384.12,月线背景+周线趋势+周级动能active_up+日线标签命中，大盘bull+分批建议：盘中试探仓 + 14:45尾盘确认,bull
2025-09-29,,000509,sell,3.2884,56200.0,184805.55,149.69,184655.86,E1_structural_stop,
2025-09-30,,002422,sell,36.3318,5100.0,185292.31,150.09,185142.22,E1_structural_stop,
2025-09-30,2025-09-29,300207,buy,34.2871,5500.0,188579.24,58.46,188637.7,月线背景+周线趋势+周级动能active_up+日线标签命中，大盘bull+分批建议：盘中试探仓 + 14:45尾盘确认,bull
2025-10-09,2025-09-30,600100,buy,8.1841,23100.0,189052.48,58.61,189111.09,月线背景+周线趋势+周级动能active_up+日线标签命中，大盘bull+分批建议：盘中试探仓 + 14:45尾盘确认,bull
2025-10-10,2025-10-09,000422,buy,14.7974,12700.0,187926.92,58.26,187985.17,月线背景+周线趋势+周级动能active_up+日线标签命中，大盘bull+分批建议：盘中试探仓 + 14:45尾盘确认,bull
2025-10-13,,300207,sell,29.4853,5500.0,162168.88,131.36,162037.52,E1_structural_stop,
2025-10-13,2025-10-10,000557,buy,5.1826,35600.0,184500.2,57.2,184557.4,月线背景+周线趋势+周级动能active_up+日线标签命中，大盘bull+分批建议：盘中试探仓 + 14:45尾盘确认,bull
2025-10-14,2025-10-13,002418,buy,4.7124,39200.0,184724.32,57.26,184781.58,月线背景+周线趋势+周级动能active_up+日线标签命中，大盘bull+分批建议：盘中试探仓 + 14:45尾盘确认,bull
2025-10-15,2025-10-14,600057,buy,7.6438,23000.0,175807.86,54.5,175862.36,月线背景+周线趋势+周级动能active_up+日线标签命中，大盘bull+分批建议：盘中试探仓 + 14:45尾盘确认,bull
2025-10-15,2025-10-14,600928,buy,4.002,100.0,400.2,5.0,405.2,月线背景+周线趋势+周级动能active_up+日线标签命中，大盘bull+分批建议：盘中试探仓 + 14:45尾盘确认,bull
2025-10-17,,000422,sell,13.3733,12700.0,169841.04,137.57,169703.47,E1_structural_stop,
2025-10-17,,002418,sell,4.3378,39200.0,170042.94,137.73,169905.2,E1_structural_stop,
2025-10-17,,000557,sell,5.0875,35600.0,181113.4,146.7,180966.7,E1_structural_stop,
2025-10-17,,600100,sell,7.8961,23100.0,182398.76,147.74,182251.01,E1_structural_stop,
2025-10-17,2025-10-16,002412,buy,6.5032,27100.0,176238.07,54.63,176292.71,月线背景+周线趋势+周级动能active_up+日线标签命中，大盘bull+分批建议：盘中试探仓 + 14:45尾盘确认,bull
2025-10-22,2025-10-21,002092,buy,4.6423,37700.0,175015.46,54.25,175069.72,月线背景+周线趋势+周级动能active_up+日线标签命中，大盘bull+分批建议：盘中试探仓 + 14:45尾盘确认,bull
2025-10-23,,600057,sell,7.3963,23000.0,170114.9,137.79,169977.11,E2_time_stop,
2025-10-23,,600928,sell,4.1579,100.0,415.79,5.21,410.58,E2_time_stop,
2025-10-23,2025-10-22,002689,buy,4.4322,39600.0,175515.71,54.41,175570.12,月线背景+周线趋势+周级动能active_up+日线标签命中，大盘bull+分批建议：盘中试探仓 + 14:45尾盘确认,bull
2025-10-24,2025-10-23,000557,buy,5.2426,33500.0,175627.77,54.44,175682.21,月线背景+周线趋势+周级动能active_up+日线标签命中，大盘bull+分批建议：盘中试探仓 + 14:45尾盘确认,bull
2025-10-27,,002412,sell,6.6167,27100.0,179312.3,145.24,179167.06,E2_time_stop,
2025-10-28,2025-10-27,600999,buy,17.3987,10100.0,175726.82,54.48,175781.29,月线背景+周线趋势+周级动能active_up+日线标签命中，大盘bull+分批建议：盘中试探仓 + 14:45尾盘确认,bull
2025-10-29,2025-10-28,300338,buy,3.932,44300.0,174186.05,54.0,174240.05,月线背景+周线趋势+周级动能active_up+日线标签命中，大盘bull+分批建议：盘中试探仓 + 14:45尾盘确认,bull
2025-10-30,,002092,sell,4.6977,37700.0,177101.4,143.45,176957.95,E2_time_stop,
2025-10-30,2025-10-29,300255,buy,57.8389,3000.0,173516.71,53.79,173570.51,"月线背景+周线趋势+周级动能active_up+日线标签命中，大盘bull+组合约束提示：['insufficient_cash', 'regime_exposure_cap:bull=100%']+分批建议：盘中试探仓 + 14:45尾盘",bull
2025-10-30,2025-10-29,300319,buy,13.1366,200.0,2627.31,5.03,2632.34,月线背景+周线趋势+周级动能active_up+日线标签命中，大盘bull+分批建议：盘中试探仓 + 14:45尾盘确认,bull
2025-10-31,,300338,sell,3.8081,44300.0,168698.61,136.65,168561.96,E1_structural_stop,
2025-10-31,,002689,sell,4.7976,39600.0,189984.96,153.89,189831.07,E2_time_stop,
2025-10-31,,000557,sell,5.1474,33500.0,172438.74,139.68,172299.06,E1_structural_stop,
2025-10-31,2025-10-30,300667,buy,16.5483,10800.0,178721.32,55.4,178776.72,月线背景+周线趋势+周级动能active_up+日线标签命中，大盘bull+分批建议：盘中试探仓 + 14:45尾盘确认,bull
2025-11-03,,300319,sell,12.7036,200.0,2540.73,6.3,2534.43,E1_structural_stop,
2025-11-03,2025-10-31,000422,buy,13.937,12900.0,179786.85,55.73,179842.58,月线背景+周线趋势+周级动能active_up+日线标签命中，大盘bull+分批建议：盘中试探仓 + 14:45尾盘确认,bull
2025-11-04,2025-11-03,002412,buy,6.4732,27000.0,174777.34,54.18,174831.53,月线背景+周线趋势+周级动能active_up+日线标签命中，大盘bull+分批建议：盘中试探仓 + 14:45尾盘确认,bull
2025-11-05,,600999,sell,17.2114,10100.0,173835.04,140.81,173694.23,E2_time_stop,
2025-11-05,,300255,sell,54.0929,3000.0,162278.82,131.45,162147.37,E1_structural_stop,
2025-11-05,2025-11-04,002689,buy,5.0325,34400.0,173118.52,53.67,173172.18,月线背景+周线趋势+周级动能active_up+日线标签命中，大盘bull+分批建议：盘中试探仓 + 14:45尾盘确认,bull
2025-11-06,2025-11-05,600100,buy,8.8144,18500.0,163066.49,50.55,163117.04,月线背景+周线趋势+周级动能active_up+日线标签命中，大盘bull+分批建议：盘中试探仓 + 14:45尾盘确认,bull
2025-11-10,,300667,sell,16.1519,10800.0,174440.74,141.3,174299.44,E2_time_stop,
2025-11-10,2025-11-07,002112,buy,15.6078,11100.0,173246.58,53.71,173300.29,月线背景+周线趋势+周级动能active_up+日线标签命中，大盘bull+分批建议：盘中试探仓 + 14:45尾盘确认,bull
2025-11-10,2025-11-07,002418,buy,5.6528,100.0,565.28,5.01,570.29,月线背景+周线趋势+周级动能active_up+日线标签命中，大盘bull+分批建议：盘中试探仓 + 14:45尾盘确认,bull
2025-11-11,,000422,sell,15.7721,12900.0,203460.22,164.8,203295.42,E2_time_stop,
2025-11-11,,002689,sell,4.9075,34400.0,168819.55,136.74,168682.8,E1_structural_stop,
2025-11-11,2025-11-10,600838,buy,9.0745,19400.0,176045.98,54.57,176100.55,月线背景+周线趋势+周级动能active_up+日线标签命中，大盘bull+分批建议：盘中试探仓 + 14:45尾盘确认,bull
2025-11-12,,002412,sell,6.7766,27000.0,182968.47,148.2,182820.27,E2_time_stop,
2025-11-12,2025-11-11,002092,buy,5.1526,34700.0,178794.35,55.43,178849.78,月线背景+周线趋势+周级动能active_up+日线标签命中，大盘bull+分批建议：盘中试探仓 + 14:45尾盘确认,bull
2025-11-13,2025-11-12,002425,buy,4.2121,42100.0,177329.62,54.97,177384.59,月线背景+周线趋势+周级动能active_up+日线标签命中，大盘bull+分批建议：盘中试探仓 + 14:45尾盘确认,bull
2025-11-13,2025-11-12,600168,buy,5.4327,4200.0,22817.4,7.07,22824.48,月线背景+周线趋势+周级动能active_up+日线标签命中，大盘bull+分批建议：盘中试探仓 + 14:45尾盘确认,bull
2025-11-14,,600100,sell,8.8556,18500.0,163828.05,132.7,163695.34,E2_time_stop,
2025-11-14,2025-11-13,000816,buy,3.5818,45700.0,163687.8,50.74,163738.55,月线背景+周线趋势+周级动能active_up+日线标签命中，大盘bull+分批建议：盘中试探仓 + 14:45尾盘确认,bull
2025-11-17,,002112,sell,14.9125,11100.0,165529.19,134.08,165395.12,E1_structural_stop,
2025-11-17,2025-11-14,002412,buy,7.2936,22600.0,164836.38,51.1,164887.48,月线背景+周线趋势+周级动能active_up+日线标签命中，大盘bull+分批建议：盘中试探仓 + 14:45尾盘确认,bull
2025-11-17,2025-11-14,600908,buy,6.2431,100.0,624.31,5.01,629.32,月线背景+周线趋势+周级动能active_up+日线标签命中，大盘bull+分批建议：盘中试探仓 + 14:45尾盘确认,bull
2025-11-18,,002418,sell,5.6472,100.0,564.72,5.29,559.43,E2_time_stop,
2025-11-19,,000816,sell,3.5182,45700.0,160783.57,130.23,160653.33,E1_structural_stop,
2025-11-19,,600838,sell,9.1054,19400.0,176645.63,143.08,176502.55,E2_time_stop,
2025-11-19,,600908,sell,6.1469,100.0,614.69,5.31,609.38,E1_structural_stop,
2025-11-20,,002425,sell,4.1279,42100.0,173786.06,140.77,173645.3,E1_structural_stop,
2025-11-20,,600168,sell,5.2874,4200.0,22206.89,17.99,22188.9,E1_structural_stop,
2025-11-20,,002412,sell,6.8466,22600.0,154732.6,125.33,154607.26,E1_structural_stop,
2025-11-20,,002092,sell,5.1574,34700.0,178962.47,144.96,178817.51,E2_time_stop,
2025-12-09,2025-12-08,000509,buy,3.922,44200.0,173350.63,53.74,173404.37,月线背景+周线趋势+周级动能active_up+日线标签命中，大盘bull+分批建议：盘中试探仓 + 14:45尾盘确认,bull
2025-12-11,,000509,sell,3.7381,44200.0,165225.35,133.83,165091.51,E1_structural_stop,
2025-12-23,2025-12-22,300326,buy,5.6728,30200.0,171319.62,53.11,171372.73,月线背景+周线趋势+周级动能active_up+日线标签命中，大盘bull+分批建议：盘中试探仓 + 14:45尾盘确认,bull
2025-12-24,2025-12-23,002112,buy,13.5168,12600.0,170311.11,52.8,170363.91,月线背景+周线趋势+周级动能active_up+日线标签命中，大盘bull+分批建议：盘中试探仓 + 14:45尾盘确认,bull
2025-12-25,2025-12-24,301227,buy,48.6243,3500.0,170185.05,52.76,170237.81,月线背景+周线趋势+周级动能active_up+日线标签命中，大盘bull+分批建议：盘中试探仓 + 14:45尾盘确认,bull
2025-12-26,2025-12-25,002092,buy,4.7024,36600.0,172106.01,53.35,172159.36,月线背景+周线趋势+周级动能active_up+日线标签命中，大盘bull+分批建议：盘中试探仓 + 14:45尾盘确认,bull
2025-12-29,2025-12-26,000422,buy,14.6473,11800.0,172838.38,53.58,172891.96,月线背景+周线趋势+周级动能active_up+日线标签命中，大盘bull+分批建议：盘中试探仓 + 14:45尾盘确认,bull
2025-12-29,2025-12-26,600100,buy,8.7444,200.0,1748.87,5.02,1753.89,月线背景+周线趋势+周级动能active_up+日线标签命中，大盘bull+分批建议：盘中试探仓 + 14:45尾盘确认,bull
2025-12-31,,300326,sell,5.5572,30200.0,167828.04,135.94,167692.1,E2_time_stop,
2026-01-05,,000422,sell,14.2429,11800.0,168065.93,136.13,167929.79,E1_structural_stop,
2026-01-05,,002112,sell,13.3233,12600.0,167874.02,135.98,167738.04,E1_structural_stop,
2026-01-05,2025-12-31,600927,buy,16.028,10800.0,173102.51,53.66,173156.17,月线背景+周线趋势+周级动能active_up+日线标签命中，大盘bull+分批建议：盘中试探仓 + 14:45尾盘确认,bull
2026-01-06,,301227,sell,51.0944,3500.0,178830.54,144.85,178685.69,E2_time_stop,
2026-01-06,2026-01-05,002756,buy,56.9184,3000.0,170755.33,52.93,170808.27,月线背景+周线趋势+周级动能active_up+日线标签命中，大盘bull+分批建议：盘中试探仓 + 14:45尾盘确认,bull
2026-01-07,,002092,sell,5.3673,36600.0,196443.73,159.12,196284.61,E2_time_stop,
2026-01-07,2026-01-06,301193,buy,22.1611,7800.0,172856.39,53.59,172909.97,月线背景+周线趋势+周级动能active_up+日线标签命中，大盘bull+分批建议：盘中试探仓 + 14:45尾盘确认,bull
2026-01-08,,600100,sell,9.0855,200.0,1817.09,5.93,1811.16,E2_time_stop,
2026-01-08,2026-01-07,300365,buy,6.3932,27300.0,174534.22,54.11,174588.33,月线背景+周线趋势+周级动能active_up+日线标签命中，大盘bull+分批建议：盘中试探仓 + 14:45尾盘确认,bull
2026-01-09,,600927,sell,15.7421,10800.0,170014.95,137.71,169877.24,E1_structural_stop,
2026-01-09,2026-01-08,600100,buy,9.2846,18700.0,173622.77,53.82,173676.59,月线背景+周线趋势+周级动能active_up+日线标签命中，大盘bull+分批建议：盘中试探仓 + 14:45尾盘确认,bull
2026-01-12,2026-01-09,000816,buy,3.6918,47200.0,174255.08,54.02,174309.1,月线背景+周线趋势+周级动能active_up+日线标签命中，大盘bull+分批建议：盘中试探仓 + 14:45尾盘确认,bull
2026-01-12,2026-01-09,002112,buy,15.998,600.0,9598.8,5.1,9603.89,月线背景+周线趋势+周级动能active_up+日线标签命中，大盘bull+分批建议：盘中试探仓 + 14:45尾盘确认,bull
2026-01-12,2026-01-09,002418,buy,5.1025,200.0,1020.51,5.01,1025.52,月线背景+周线趋势+周级动能active_up+日线标签命中，大盘bull+分批建议：盘中试探仓 + 14:45尾盘确认,bull
2026-01-13,2026-01-12,000509,buy,3.5017,100.0,350.18,5.0,355.18,月线背景+周线趋势+周级动能active_up+日线标签命中，大盘bull+分批建议：盘中试探仓 + 14:45尾盘确认,bull
2026-01-14,,002418,sell,4.9975,200.0,999.5,5.51,993.99,E1_structural_stop,
2026-01-14,,002756,sell,55.4723,3000.0,166416.75,134.8,166281.95,E2_time_stop,
2026-01-14,2026-01-13,600927,buy,16.1281,10300.0,166119.02,51.5,166170.51,月线背景+周线趋势+周级动能active_up+日线标签命中，大盘bull+分批建议：盘中试探仓 + 14:45尾盘确认,bull
2026-01-15,,301193,sell,22.7486,7800.0,177439.24,143.73,177295.51,E2_time_stop,
2026-01-15,2026-01-14,002092,buy,5.5128,32300.0,178061.99,55.2,178117.19,月线背景+周线趋势+周级动能active_up+日线标签命中，大盘bull+分批建议：盘中试探仓 + 14:45尾盘确认,bull
2026-01-16,,600927,sell,16.032,10300.0,165129.39,133.75,164995.64,E1_structural_stop,
2026-01-16,,300365,sell,7.1864,27300.0,196188.86,158.91,196029.94,E2_time_stop,
2026-01-16,2026-01-15,002753,buy,7.3537,24600.0,180900.4,56.08,180956.48,月线背景+周线趋势+周级动能active_up+日线标签命中，大盘bull+分批建议：盘中试探仓 + 14:45尾盘确认,bull
2026-01-19,,000509,sell,3.4083,100.0,340.83,5.17,335.66,E1_structural_stop,
2026-01-19,,600100,sell,9.7151,18700.0,181673.12,147.16,181525.96,E2_time_stop,
2026-01-19,2026-01-16,605168,buy,45.4127,3900.0,177109.51,54.9,177164.41,月线背景+周线趋势+周级动能active_up+日线标签命中，大盘bull+分批建议：盘中试探仓 + 14:45尾盘确认,bull
2026-01-20,,000816,sell,3.8481,47200.0,181629.14,147.12,181482.02,E2_time_stop,
2026-01-20,,002112,sell,21.2894,600.0,12773.61,11.51,12762.1,E2_time_stop,
2026-01-20,2026-01-19,002756,buy,52.4262,3400.0,178249.08,55.26,178304.34,月线背景+周线趋势+周级动能active_up+日线标签命中，大盘bull+分批建议：盘中试探仓 + 14:45尾盘确认,bull
2026-01-21,,605168,sell,41.989,3900.0,163757.08,132.64,163624.44,E1_structural_stop,
2026-01-21,2026-01-20,603997,buy,14.7874,12400.0,183363.64,56.84,183420.48,月线背景+周线趋势+周级动能active_up+日线标签命中，大盘bull+分批建议：盘中试探仓 + 14:45尾盘确认,bull
2026-01-22,2026-01-21,000816,buy,3.962,45700.0,181062.49,56.13,181118.62,月线背景+周线趋势+周级动能active_up+日线标签命中，大盘bull+分批建议：盘中试探仓 + 14:45尾盘确认,bull
2026-01-23,,002092,sell,6.2169,32300.0,200805.55,162.65,200642.89,E2_time_stop,
2026-01-23,2026-01-22,000422,buy,16.2681,11400.0,185456.68,57.49,185514.17,月线背景+周线趋势+周级动能active_up+日线标签命中，大盘bull+分批建议：盘中试探仓 + 14:45尾盘确认,bull
2026-01-23,2026-01-22,000509,buy,3.5418,4300.0,15229.61,5.15,15234.76,月线背景+周线趋势+周级动能active_up+日线标签命中，大盘bull+分批建议：盘中试探仓 + 14:45尾盘确认,bull
2026-01-26,,002753,sell,7.7461,24600.0,190554.68,154.35,190400.33,E2_time_stop,
2026-01-26,2026-01-23,600822,buy,11.926,15700.0,187237.57,58.04,187295.62,月线背景+周线趋势+周级动能active_up+日线标签命中，大盘bull+分批建议：盘中试探仓 + 14:45尾盘确认,bull
2026-01-26,2026-01-23,600888,buy,9.2846,300.0,2785.39,5.03,2790.42,月线背景+周线趋势+周级动能active_up+日线标签命中，大盘bull+分批建议：盘中试探仓 + 14:45尾盘确认,bull
2026-01-28,,600822,sell,11.2944,15700.0,177321.3,143.63,177177.66,E1_structural_stop,
2026-01-28,,002756,sell,56.5817,3400.0,192377.76,155.83,192221.94,E2_time_stop,
2026-01-29,,603997,sell,15.4023,12400.0,190988.46,154.7,190833.76,E2_time_stop,
2026-01-30,,000816,sell,4.028,45700.0,184078.91,149.1,183929.81,E2_time_stop,
2026-01-30,2026-01-29,601108,buy,9.4047,20200.0,189974.94,58.89,190033.83,月线背景+周线趋势+周级动能active_up+日线标签命中，大盘bull+分批建议：盘中试探仓 + 14:45尾盘确认,bull
2026-02-02,,000509,sell,3.3983,4300.0,14612.69,12.45,14600.24,E1_structural_stop,
2026-02-02,,000422,sell,16.052,11400.0,182992.46,148.22,182844.23,E2_time_stop,
2026-02-02,2026-01-30,002391,buy,6.5233,28900.0,188522.21,58.44,188580.66,月线背景+周线趋势+周级动能active_up+日线标签命中，大盘bull+分批建议：盘中试探仓 + 14:45尾盘确认,bull
2026-02-03,,600888,sell,8.7456,300.0,2623.69,6.34,2617.35,E1_structural_stop,
2026-02-03,,601108,sell,8.9655,20200.0,181103.4,146.69,180956.71,E1_structural_stop,
2026-02-10,,002391,sell,6.4568,28900.0,186600.65,151.15,186449.51,E2_time_stop,
2026-02-10,2026-02-09,000422,buy,15.7879,11800.0,186297.1,57.75,186354.85,月线背景+周线趋势+周级动能active_up+日线标签命中，大盘bull+分批建议：盘中试探仓 + 14:45尾盘确认,bull
2026-02-11,2026-02-10,002195,buy,10.105,18400.0,185932.92,57.64,185990.56,月线背景+周线趋势+周级动能active_up+日线标签命中，大盘bull+分批建议：盘中试探仓 + 14:45尾盘确认,bull
2026-02-12,2026-02-11,002689,buy,4.082,45600.0,186141.02,57.7,186198.73,月线背景+周线趋势+周级动能active_up+日线标签命中，大盘bull+分批建议：盘中试探仓 + 14:45尾盘确认,bull
2026-02-13,2026-02-12,002418,buy,4.7824,38900.0,186034.97,57.67,186092.64,月线背景+周线趋势+周级动能active_up+日线标签命中，大盘bull+分批建议：盘中试探仓 + 14:45尾盘确认,bull
2026-02-24,,002195,sell,10.1149,18400.0,186114.9,150.75,185964.14,E1_structural_stop,
2026-02-24,,002689,sell,4.028,45600.0,183676.12,148.78,183527.34,E1_structural_stop,
2026-02-25,2026-02-24,000509,buy,3.4817,53100.0,184880.39,57.31,184937.71,月线背景+周线趋势+周级动能active_up+日线标签命中，大盘bull+分批建议：盘中试探仓 + 14:45尾盘确认,bull
2026-02-26,,000422,sell,18.1109,11800.0,213709.09,173.1,213535.99,E2_time_stop,
2026-02-26,2026-02-25,002112,buy,24.6123,7700.0,189514.71,58.75,189573.46,月线背景+周线趋势+周级动能active_up+日线标签命中，大盘bull+分批建议：盘中试探仓 + 14:45尾盘确认,bull
2026-02-27,2026-02-26,002391,buy,6.6333,29000.0,192366.13,59.63,192425.77,月线背景+周线趋势+周级动能active_up+日线标签命中，大盘bull+分批建议：盘中试探仓 + 14:45尾盘确认,bull
2026-03-02,2026-02-27,000422,buy,18.3892,10500.0,193086.49,59.86,193146.35,月线背景+周线趋势+周级动能active_up+日线标签命中，大盘bull+分批建议：盘中试探仓 + 14:45尾盘确认,bull
2026-03-02,2026-02-27,000816,buy,4.012,2900.0,11634.81,5.12,11639.93,月线背景+周线趋势+周级动能active_up+日线标签命中，大盘bull+分批建议：盘中试探仓 + 14:45尾盘确认,bull
2026-03-03,,002418,sell,4.9375,38900.0,192069.92,155.58,191914.34,E2_time_stop,
2026-03-03,,002112,sell,23.4483,7700.0,180551.68,146.25,180405.43,E1_structural_stop,
2026-03-03,2026-03-02,300567,buy,151.5757,1200.0,181890.9,56.39,181947.29,"月线背景+周线趋势+周级动能active_up+日线标签命中，大盘bull+组合约束提示：['insufficient_cash', 'regime_exposure_cap:bull=100%']+分批建议：盘中试探仓 + 14:45尾盘",bull
2026-03-04,,000509,sell,3.2484,53100.0,172488.71,139.72,172349.0,E1_structural_stop,
2026-03-04,,000422,sell,17.5212,10500.0,183972.97,149.02,183823.95,E1_structural_stop,
2026-03-04,,000816,sell,3.8081,2900.0,11043.48,10.63,11032.84,E1_structural_stop,
2026-03-04,,002391,sell,6.4668,29000.0,187536.19,151.9,187384.28,E1_structural_stop,
2026-03-04,2026-03-03,300319,buy,14.2071,12800.0,181850.88,56.37,181907.25,月线背景+周线趋势+周级动能active_up+日线标签命中，大盘bull+分批建议：盘中试探仓 + 14:45尾盘确认,bull
2026-03-05,,300567,sell,146.9465,1200.0,176335.79,142.83,176192.96,E1_structural_stop,
2026-03-06,,300319,sell,13.7631,12800.0,176167.87,142.7,176025.18,E1_structural_stop,
2026-03-09,2026-03-06,301149,buy,12.6063,14500.0,182791.35,56.67,182848.02,月线背景+周线趋势+周级动能active_up+日线标签命中，大盘bull+分批建议：盘中试探仓 + 14:45尾盘确认,bull
2026-03-11,2026-03-10,300855,buy,46.1531,3900.0,179996.95,55.8,180052.75,月线背景+周线趋势+周级动能active_up+日线标签命中，大盘bull+分批建议：盘中试探仓 + 14:45尾盘确认,bull
2026-03-12,2026-03-11,002591,buy,7.7739,23300.0,181131.52,56.15,181187.67,月线背景+周线趋势+周级动能active_up+日线标签命中，大盘bull+分批建议：盘中试探仓 + 14:45尾盘确认,bull
2026-03-13,,300855,sell,41.4992,3900.0,161847.04,131.1,161715.94,E1_structural_stop,
2026-03-13,2026-03-12,002391,buy,6.7734,26300.0,178140.03,55.22,178195.25,月线背景+周线趋势+周级动能active_up+日线标签命中，大盘bull+分批建议：盘中试探仓 + 14:45尾盘确认,bull
2026-03-16,,002591,sell,7.5062,23300.0,174895.51,141.67,174753.84,E1_structural_stop,
2026-03-17,,301149,sell,12.1939,14500.0,176811.55,143.22,176668.33,E2_time_stop,
2026-03-18,,002391,sell,6.5167,26300.0,171390.26,138.83,171251.44,E1_structural_stop,
2026-04-21,2026-04-20,002391,buy,6.2131,28200.0,175209.56,54.31,175263.88,月线背景+周线趋势+周级动能active_up+日线标签命中，大盘bull+分批建议：盘中试探仓 + 14:45尾盘确认,bull
2026-04-22,2026-04-21,601577,buy,9.6648,18100.0,174933.42,54.23,174987.65,月线背景+周线趋势+周级动能active_up+日线标签命中，大盘bull+分批建议：盘中试探仓 + 14:45尾盘确认,bull
2026-04-24,2026-04-23,601996,buy,2.6113,67800.0,177046.48,54.88,177101.36,月线背景+周线趋势+周级动能active_up+日线标签命中，大盘bull+分批建议：盘中试探仓 + 14:45尾盘确认,bull
2026-04-28,2026-04-27,605055,buy,11.1756,15900.0,177691.8,55.08,177746.89,月线背景+周线趋势+周级动能active_up+日线标签命中，大盘bull+分批建议：盘中试探仓 + 14:45尾盘确认,bull
2026-04-29,,002391,sell,6.5967,28200.0,186026.94,150.68,185876.26,E2_time_stop,
2026-04-29,2026-04-28,301149,buy,13.0065,13700.0,178189.05,55.24,178244.29,月线背景+周线趋势+周级动能active_up+日线标签命中，大盘bull+分批建议：盘中试探仓 + 14:45尾盘确认,bull
2026-04-30,,601577,sell,9.8351,18100.0,178014.95,144.19,177870.76,E2_time_stop,
2026-05-06,2026-04-30,002391,buy,6.6533,27200.0,180970.44,56.1,181026.54,月线背景+周线趋势+周级动能active_up+日线标签命中，大盘bull+分批建议：盘中试探仓 + 14:45尾盘确认,bull
2026-05-07,,601996,sell,2.8186,67800.0,191100.4,154.79,190945.61,E2_time_stop,
2026-05-07,2026-05-06,300773,buy,27.8139,6500.0,180790.35,56.05,180846.4,月线背景+周线趋势+周级动能active_up+日线标签命中，大盘bull+分批建议：盘中试探仓 + 14:45尾盘确认,bull
2026-05-08,,002391,sell,6.4768,27200.0,176167.87,142.7,176025.18,E1_structural_stop,
2026-05-08,2026-05-07,605018,buy,12.8164,14400.0,184556.23,57.21,184613.44,月线背景+周线趋势+周级动能active_up+日线标签命中，大盘bull+分批建议：盘中试探仓 + 14:45尾盘确认,bull
2026-05-11,,605055,sell,13.5032,15900.0,214701.6,173.91,214527.69,E2_time_stop,
2026-05-12,,301149,sell,13.7031,13700.0,187733.09,152.06,187581.02,E2_time_stop,
2026-05-12,2026-05-11,002391,buy,6.5333,28900.0,188811.36,58.53,188869.89,月线背景+周线趋势+周级动能active_up+日线标签命中，大盘bull+分批建议：盘中试探仓 + 14:45尾盘确认,bull
2026-05-14,2026-05-13,300319,buy,13.7269,13700.0,188057.98,58.3,188116.28,月线背景+周线趋势+周级动能active_up+日线标签命中，大盘bull+分批建议：盘中试探仓 + 14:45尾盘确认,bull
2026-05-15,,300773,sell,27.6562,6500.0,179765.07,145.61,179619.46,E2_time_stop,
2026-05-15,,002391,sell,6.2869,28900.0,181690.11,147.17,181542.94,E1_structural_stop,
2026-05-15,2026-05-14,603306,buy,109.5047,1700.0,186158.03,57.71,186215.74,月线背景+周线趋势+周级动能active_up+日线标签命中，大盘bull+分批建议：盘中试探仓 + 14:45尾盘确认,bull
2026-05-18,,300319,sell,13.4033,13700.0,183625.14,148.74,183476.41,E1_structural_stop,
2026-05-18,,605018,sell,13.2934,14400.0,191424.24,155.05,191269.19,E2_time_stop,
2026-05-18,2026-05-15,301149,buy,14.3072,13000.0,185992.95,57.66,186050.61,月线背景+周线趋势+周级动能active_up+日线标签命中，大盘bull+分批建议：盘中试探仓 + 14:45尾盘确认,bull
2026-05-19,2026-05-18,600546,buy,13.6568,13600.0,185732.82,57.58,185790.4,月线背景+周线趋势+周级动能active_up+日线标签命中，大盘bull+分批建议：盘中试探仓 + 14:45尾盘确认,bull
2026-05-20,,301149,sell,13.5032,13000.0,175542.18,142.19,175400.0,E1_structural_stop,
2026-05-20,2026-05-19,300346,buy,57.9289,3200.0,185372.64,57.47,185430.11,月线背景+周线趋势+周级动能active_up+日线标签命中，大盘bull+分批建议：盘中试探仓 + 14:45尾盘确认,bull
2026-05-21,2026-05-20,301193,buy,24.8324,7400.0,183759.83,56.97,183816.8,月线背景+周线趋势+周级动能active_up+日线标签命中，大盘bull+分批建议：盘中试探仓 + 14:45尾盘确认,bull
2026-05-22,,600546,sell,13.3833,13600.0,182012.95,147.43,181865.52,E1_structural_stop,
2026-05-25,,603306,sell,109.0455,1700.0,185377.27,150.16,185227.11,E2_time_stop,
2026-05-25,,301193,sell,24.008,7400.0,177659.13,143.9,177515.22,E1_structural_stop,
2026-05-26,2026-05-25,603997,buy,13.5668,13400.0,181794.85,56.36,181851.21,月线背景+周线趋势+周级动能active_up+日线标签命中，大盘bull+分批建议：盘中试探仓 + 14:45尾盘确认,bull
2026-05-28,,300346,sell,55.6322,3200.0,178022.94,144.2,177878.75,E2_time_stop,
2026-06-03,,603997,sell,15.0825,13400.0,202104.9,163.7,201941.19,E2_time_stop,
2026-06-17,2026-06-16,301577,buy,94.117,1900.0,178822.37,55.43,178877.8,月线背景+周线趋势+周级动能active_up+日线标签命中，大盘bull+分批建议：盘中试探仓 + 14:45尾盘确认,bull
2026-06-18,2026-06-17,605168,buy,50.4352,3600.0,181566.74,56.29,181623.02,月线背景+周线趋势+周级动能active_up+日线标签命中，大盘bull+分批建议：盘中试探仓 + 14:45尾盘确认,bull
2026-06-22,2026-06-18,603306,buy,112.056,1600.0,179289.6,55.58,179345.18,月线背景+周线趋势+周级动能active_up+日线标签命中，大盘bull+分批建议：盘中试探仓 + 14:45尾盘确认,bull
2026-06-23,2026-06-22,002422,buy,36.2381,5200.0,188438.17,58.42,188496.59,月线背景+周线趋势+周级动能active_up+日线标签命中，大盘bull+分批建议：盘中试探仓 + 14:45尾盘确认,bull
2026-06-25,,301577,sell,86.6267,1900.0,164590.66,133.32,164457.35,E1_structural_stop,
2026-06-29,,603306,sell,108.9455,1600.0,174312.8,141.19,174171.61,E3_trailing_drawdown,
2026-06-29,,605168,sell,52.8835,3600.0,190380.76,154.21,190226.55,E2_time_stop,
2026-06-29,,002422,sell,36.082,5200.0,187626.14,151.98,187474.16,E1_structural_stop,
2026-07-02,2026-07-01,301111,buy,26.3732,6900.0,181974.94,56.41,182031.35,月线背景+周线趋势+周级动能active_up+日线标签命中，大盘bull+分批建议：盘中试探仓 + 14:45尾盘确认,bull
2026-07-07,,301111,sell,24.3578,6900.0,168068.92,136.14,167932.79,E1_structural_stop,
