window,feature,tercile,n,fwd5_mean,fwd5_win
W0 2021-12-2022-06,malignment,1,108518,-0.34326143011301413,0.4644759394754787
W0 2021-12-2022-06,malignment,2,34758,-0.7917413136315022,0.42939754876575176
W0 2021-12-2022-06,mom20,0,58562,-0.05111573577256801,0.49047163689764695
W0 2021-12-2022-06,mom20,1,44730,-0.6224505106090111,0.44189581936060807
W0 2021-12-2022-06,mom20,2,39122,-0.8431692157997764,0.4226777772097541
W0 2021-12-2022-06,mom60,0,54634,-0.22895036545941544,0.48965845444228867
W0 2021-12-2022-06,mom60,1,42661,-0.2820625317433601,0.4644523100724315
W0 2021-12-2022-06,mom60,2,43138,-0.8557265490879788,0.4091520237377718
W0 2021-12-2022-06,vr20,0,48868,-0.5229383931178306,0.45070393713677664
W0 2021-12-2022-06,vr20,1,46858,-0.40260436545670725,0.46301592044047973
W0 2021-12-2022-06,vr20,2,46733,-0.41631561026221087,0.4562086748122312
W1 2022-06-2022-12,malignment,1,105204,0.4262760370272977,0.4976616858674575
W1 2022-06-2022-12,malignment,2,49967,-0.015979461610338776,0.4571016871134949
W1 2022-06-2022-12,mom20,0,40271,0.35420707530166146,0.4808174616970028
W1 2022-06-2022-12,mom20,1,54104,0.36303316909485434,0.5014601508206418
W1 2022-06-2022-12,mom20,2,59711,0.18753369515405985,0.473832292207466
W1 2022-06-2022-12,mom60,0,42823,0.8404077793011681,0.5210751231814679
W1 2022-06-2022-12,mom60,1,54800,0.42943291260835587,0.5013503649635036
W1 2022-06-2022-12,mom60,2,54316,-0.24527382330407255,0.44230061123794095
W1 2022-06-2022-12,vr20,0,49998,0.1787563598076669,0.4787391495659826
W1 2022-06-2022-12,vr20,1,52008,0.3961646780873317,0.4965966774342409
W1 2022-06-2022-12,vr20,2,52133,0.29754760240421163,0.48038670323979055
W2 2022-12-2023-06,malignment,1,108449,0.06613051464843159,0.46376637866646997
W2 2022-12-2023-06,malignment,2,46931,0.07007127288598952,0.4728004943427585
W2 2022-12-2023-06,mom20,0,39678,0.47897036538917953,0.5036796209486365
W2 2022-12-2023-06,mom20,1,64178,-0.10606196654011751,0.45127613824051854
W2 2022-12-2023-06,mom20,2,50812,-0.01633217161462036,0.4577658820751004
W2 2022-12-2023-06,mom60,0,23019,-0.12655277221577813,0.46022850688561623
W2 2022-12-2023-06,mom60,1,60998,0.15277111588485418,0.47727794353913244
W2 2022-12-2023-06,mom60,2,69257,0.0761268085751899,0.4598235557416579
W2 2022-12-2023-06,vr20,0,52884,0.08392484015553257,0.4690832766054005
W2 2022-12-2023-06,vr20,1,51583,0.11870960772229273,0.47137622860244655
W2 2022-12-2023-06,vr20,2,50237,0.01498406464447256,0.4598403567091984
W3 2023-06-2023-12,malignment,1,117997,0.18011655724133066,0.4718509792621846
W3 2023-06-2023-12,malignment,2,45642,-0.41305597421491413,0.4310722580079751
W3 2023-06-2023-12,mom20,0,36949,0.584354951368357,0.5040461176215865
W3 2023-06-2023-12,mom20,1,79717,0.002507078394983049,0.46273693189658416
W3 2023-06-2023-12,mom20,2,46386,-0.3799384390570206,0.4231664726426077
W3 2023-06-2023-12,mom60,0,41627,0.3616981502248178,0.49828236481130034
W3 2023-06-2023-12,mom60,1,71814,0.14096760822596524,0.4734035146350294
W3 2023-06-2023-12,mom60,2,48137,-0.4290970385462294,0.4097887280054843
W3 2023-06-2023-12,vr20,0,52029,0.04449331653509613,0.4522477848891964
W3 2023-06-2023-12,vr20,1,56499,0.052452195208325975,0.46873395989309546
W3 2023-06-2023-12,vr20,2,54556,-0.021310084524541355,0.46084756946990246
W4 2023-12-2024-06,malignment,1,120384,-0.6543786415123708,0.42842072036150985
W4 2023-12-2024-06,malignment,2,40288,-0.5256998146655861,0.4450953137410643
W4 2023-12-2024-06,mom20,0,58093,0.2722753937085449,0.49496496996195755
W4 2023-12-2024-06,mom20,1,55393,-1.1938088858147122,0.3859693463072951
W4 2023-12-2024-06,mom20,2,46906,-1.0343127762301443,0.4110987933313435
W4 2023-12-2024-06,mom60,0,62701,0.8097744326949592,0.5359723130412594
W4 2023-12-2024-06,mom60,1,52531,-1.4974060482090714,0.37459785650377875
W4 2023-12-2024-06,mom60,2,44548,-1.5919142977838043,0.35554907066534974
W4 2023-12-2024-06,vr20,0,49161,-0.8507485024428486,0.4195398791725148
W4 2023-12-2024-06,vr20,1,55208,-0.9939475014021057,0.418001014345747
W4 2023-12-2024-06,vr20,2,56037,-0.03865895207162684,0.45894676731445294
W5 2024-06-2024-12,malignment,1,118382,1.3807241639185306,0.49739825311280433
W5 2024-06-2024-12,malignment,2,47343,0.9521333131127676,0.46547536066577955
W5 2024-06-2024-12,mom20,0,50545,0.4224434937411757,0.44809575625680087
W5 2024-06-2024-12,mom20,1,52229,1.4906883865584926,0.49560588944839074
W5 2024-06-2024-12,mom20,2,62790,1.7446597609748142,0.5149864628125498
W5 2024-06-2024-12,mom60,0,57282,0.6788738792479656,0.4463182151461192
W5 2024-06-2024-12,mom60,1,41356,1.4346336042570338,0.4758680723474224
W5 2024-06-2024-12,mom60,2,66599,1.658039140956515,0.5327257166023514
W5 2024-06-2024-12,vr20,0,50761,1.1470532786269683,0.4979413329130632
W5 2024-06-2024-12,vr20,1,55869,1.2038962389767245,0.4988276145984356
W5 2024-06-2024-12,vr20,2,58942,1.4132442793583013,0.4704455227172475
W6 2024-12-2025-06,malignment,1,109019,0.304302449271235,0.5096817985855676
W6 2024-12-2025-06,malignment,2,53700,0.15475490077941909,0.4698696461824953
W6 2024-12-2025-06,mom20,0,46415,1.3358451767939155,0.581493051815146
W6 2024-12-2025-06,mom20,1,55904,-0.11936558560774385,0.48288136805953064
W6 2024-12-2025-06,mom20,2,60181,-0.2157288823812788,0.4441767335205464
W6 2024-12-2025-06,mom60,0,23962,1.1805470008223624,0.5492446373424589
W6 2024-12-2025-06,mom60,1,61583,0.7151393243037527,0.5485280028579316
W6 2024-12-2025-06,mom60,2,76544,-0.39612968733638965,0.4384928929765886
W6 2024-12-2025-06,vr20,0,55795,-0.08829046481225095,0.49285778295546195
W6 2024-12-2025-06,vr20,1,54941,0.5293958749499471,0.5180102291549117
W6 2024-12-2025-06,vr20,2,51775,0.3512358736984005,0.4782617093191695
W7 2025-06-2025-12,malignment,1,107533,0.895662016004461,0.536579468628235
W7 2025-06-2025-12,malignment,2,61361,0.5743396173402517,0.4864001564511661
W7 2025-06-2025-12,mom20,0,27976,0.9750851994930074,0.5440734915641979
W7 2025-06-2025-12,mom20,1,72421,0.8625641965254887,0.5399538807804366
W7 2025-06-2025-12,mom20,2,68401,0.61493575676515,0.48509524714550956
W7 2025-06-2025-12,mom60,0,18226,1.0227451858805336,0.546691539558872
W7 2025-06-2025-12,mom60,1,52092,0.9131502168098206,0.5531751516547646
W7 2025-06-2025-12,mom60,2,98337,0.6668089625751727,0.49481883726369524
W7 2025-06-2025-12,vr20,0,53321,0.8921491116083259,0.5337671836612217
W7 2025-06-2025-12,vr20,1,56818,0.8743220360498173,0.535640114048365
W7 2025-06-2025-12,vr20,2,58663,0.589710999238335,0.4877861684537102
W8 2025-12-2026-06,malignment,1,112576,0.08809081999792333,0.4713882177373508
W8 2025-12-2026-06,malignment,2,50002,0.5782889344728186,0.4881804727810888
W8 2025-12-2026-06,mom20,0,44906,0.15810574910498754,0.48410012025119137
W8 2025-12-2026-06,mom20,1,60456,0.0843669373197638,0.4709210003969829
W8 2025-12-2026-06,mom20,2,57152,0.46686841667864554,0.4765887458006719
W8 2025-12-2026-06,mom60,0,33017,0.16109726190000642,0.486325226398522
W8 2025-12-2026-06,mom60,1,63216,0.35847775105945195,0.49297646165527714
W8 2025-12-2026-06,mom60,2,66030,0.1585710682973787,0.4560957140693624
W8 2025-12-2026-06,vr20,0,47264,0.03387983917800141,0.46445497630331756
W8 2025-12-2026-06,vr20,1,57224,0.13654970750980064,0.4699077310219488
W8 2025-12-2026-06,vr20,2,58030,0.5079962130504406,0.49296915388592105
W9 2026-06-2026-09,malignment,1,78149,-0.2429682274218964,0.42692804770374543
W9 2026-06-2026-09,malignment,2,26365,-0.6991944595834613,0.4034136165370757
W9 2026-06-2026-09,mom20,0,44754,-0.04124739103359098,0.4290789650087143
W9 2026-06-2026-09,mom20,1,28055,-0.24720972936466928,0.4224202459454643
W9 2026-06-2026-09,mom20,2,31705,-0.9033443064522543,0.4083267623403249
W9 2026-06-2026-09,mom60,0,56835,0.45220932457954266,0.47208586258467494
W9 2026-06-2026-09,mom60,1,27270,-0.7854291709625072,0.381004767143381
W9 2026-06-2026-09,mom60,2,20409,-2.0434440394944526,0.3321573815473566
W9 2026-06-2026-09,vr20,0,30818,-0.18920113141891065,0.419105717437861
W9 2026-06-2026-09,vr20,1,41680,-0.1289326605047991,0.4389635316698656
W9 2026-06-2026-09,vr20,2,32016,-0.8188803152737307,0.3994252873563218
