window,combo,n,fwd5_mean,fwd5_win
W0 2021-12-2022-06,baseline,90951,-0.4739049690941084,0.45323305955954307
W0 2021-12-2022-06,pullback_holds,23361,-0.2687434386778004,0.47035657720131846
W0 2021-12-2022-06,pullback_holds+shrinking_volume_acceleration,4499,-0.053330041392249,0.4836630362302734
W0 2021-12-2022-06,pullback_holds+shrinking_volume_acceleration+two_day_acceleration,836,-0.33295376291939194,0.4784688995215311
W0 2021-12-2022-06,pullback_holds+two_day_acceleration,1730,-0.4365212154094345,0.4549132947976879
W0 2021-12-2022-06,shrinking_volume_acceleration,13233,-0.6414023451640033,0.44789541298269475
W0 2021-12-2022-06,shrinking_volume_acceleration+two_day_acceleration,2655,-0.3897185468249406,0.47984934086629
W0 2021-12-2022-06,two_day_acceleration,6011,-0.7641489364696545,0.42505406754283814
W1 2022-06-2022-12,baseline,95659,0.2871503388843784,0.4820037842753949
W1 2022-06-2022-12,pullback_holds,29302,0.24585761976553056,0.49235547061634016
W1 2022-06-2022-12,pullback_holds+shrinking_volume_acceleration,4546,0.10746686966717225,0.471623405191377
W1 2022-06-2022-12,pullback_holds+shrinking_volume_acceleration+two_day_acceleration,851,0.2023085923397198,0.518213866039953
W1 2022-06-2022-12,pullback_holds+two_day_acceleration,1863,0.20264581995397501,0.5190552871712292
W1 2022-06-2022-12,shrinking_volume_acceleration,12524,0.5041666424097637,0.48866176940274675
W1 2022-06-2022-12,shrinking_volume_acceleration+two_day_acceleration,2810,0.4147367297376018,0.49466192170818507
W1 2022-06-2022-12,two_day_acceleration,7616,0.11253056659161484,0.4725577731092437
W2 2022-12-2023-06,baseline,88371,0.11936797844050352,0.46947528035215175
W2 2022-12-2023-06,pullback_holds,35040,-0.0231021958413967,0.459046803652968
W2 2022-12-2023-06,pullback_holds+shrinking_volume_acceleration,6086,-0.009503049993535925,0.4631942162339796
W2 2022-12-2023-06,pullback_holds+shrinking_volume_acceleration+two_day_acceleration,1086,0.28762679839856276,0.48987108655616945
W2 2022-12-2023-06,pullback_holds+two_day_acceleration,2308,-0.1499130882784041,0.4540727902946274
W2 2022-12-2023-06,shrinking_volume_acceleration,12779,0.04496246018166731,0.4634947961499335
W2 2022-12-2023-06,shrinking_volume_acceleration+two_day_acceleration,2293,-0.008580963915998809,0.474051460968164
W2 2022-12-2023-06,two_day_acceleration,7417,0.03474579331012424,0.47215855467170015
W3 2023-06-2023-12,baseline,90850,0.15331700770103124,0.4717556411667584
W3 2023-06-2023-12,pullback_holds,42035,-0.16685244092852933,0.4514333293683835
W3 2023-06-2023-12,pullback_holds+shrinking_volume_acceleration,6280,-0.45023566987367003,0.41703821656050954
W3 2023-06-2023-12,pullback_holds+shrinking_volume_acceleration+two_day_acceleration,1183,-0.34195023183816586,0.43364327979712597
W3 2023-06-2023-12,pullback_holds+two_day_acceleration,2740,-0.26485093833277007,0.4215328467153285
W3 2023-06-2023-12,shrinking_volume_acceleration,10980,0.11839678203993698,0.464207650273224
W3 2023-06-2023-12,shrinking_volume_acceleration+two_day_acceleration,2303,0.05274993742491855,0.4489795918367347
W3 2023-06-2023-12,two_day_acceleration,7268,-0.27221742378988456,0.4263896532746285
W4 2023-12-2024-06,baseline,106347,-0.4692210175628072,0.44614328565920996
W4 2023-12-2024-06,pullback_holds,25344,-1.0033839042915853,0.3939393939393939
W4 2023-12-2024-06,pullback_holds+shrinking_volume_acceleration,4174,-0.8924032536378603,0.4012937230474365
W4 2023-12-2024-06,pullback_holds+shrinking_volume_acceleration+two_day_acceleration,899,-0.33839007049767716,0.42046718576195774
W4 2023-12-2024-06,pullback_holds+two_day_acceleration,1625,-0.6634235825063358,0.392
W4 2023-12-2024-06,shrinking_volume_acceleration,12147,-1.2075804823611052,0.3963941714003458
W4 2023-12-2024-06,shrinking_volume_acceleration+two_day_acceleration,3250,-0.5774966216249229,0.456
W4 2023-12-2024-06,two_day_acceleration,6886,-0.4318315383093737,0.4487365669474296
W5 2024-06-2024-12,baseline,107286,1.3508822076158806,0.494948082694853
W5 2024-06-2024-12,pullback_holds,26191,0.7781819303502275,0.4485128479248597
W5 2024-06-2024-12,pullback_holds+shrinking_volume_acceleration,4589,0.8450106416252443,0.4571802135541512
W5 2024-06-2024-12,pullback_holds+shrinking_volume_acceleration+two_day_acceleration,1014,0.05200195887371091,0.47041420118343197
W5 2024-06-2024-12,pullback_holds+two_day_acceleration,1842,0.5291079696566984,0.4554831704668838
W5 2024-06-2024-12,shrinking_volume_acceleration,14675,1.4147057983864397,0.5178194207836456
W5 2024-06-2024-12,shrinking_volume_acceleration+two_day_acceleration,3020,1.5132459187205458,0.5062913907284768
W5 2024-06-2024-12,two_day_acceleration,7108,1.82635241768967,0.4966235227912212
W6 2024-12-2025-06,baseline,97304,0.18294057250269696,0.48490298446107044
W6 2024-12-2025-06,pullback_holds,32163,0.5182526006662733,0.5295836831141374
W6 2024-12-2025-06,pullback_holds+shrinking_volume_acceleration,5446,0.8158208903801835,0.5543518178479618
W6 2024-12-2025-06,pullback_holds+shrinking_volume_acceleration+two_day_acceleration,994,0.30624862959328153,0.506036217303823
W6 2024-12-2025-06,pullback_holds+two_day_acceleration,2166,0.19712523157706668,0.48522622345337024
W6 2024-12-2025-06,shrinking_volume_acceleration,13210,0.15981410978163013,0.49417108251324754
W6 2024-12-2025-06,shrinking_volume_acceleration+two_day_acceleration,3410,0.370260691760681,0.5372434017595308
W6 2024-12-2025-06,two_day_acceleration,8026,-0.19092938956112962,0.45452280089708447
W7 2025-06-2025-12,baseline,93593,0.7696021817052183,0.5067045612385541
W7 2025-06-2025-12,pullback_holds,39192,0.7772833742417026,0.538247601551337
W7 2025-06-2025-12,pullback_holds+shrinking_volume_acceleration,6987,0.7722970040925706,0.5397166165736368
W7 2025-06-2025-12,pullback_holds+shrinking_volume_acceleration+two_day_acceleration,1337,0.9510833064620342,0.5572176514584891
W7 2025-06-2025-12,pullback_holds+two_day_acceleration,3296,0.9557366934246134,0.5512742718446602
W7 2025-06-2025-12,shrinking_volume_acceleration,13140,0.8484513085045763,0.528158295281583
W7 2025-06-2025-12,shrinking_volume_acceleration+two_day_acceleration,2646,0.6064026755774699,0.5158730158730159
W7 2025-06-2025-12,two_day_acceleration,8703,0.7459120381267881,0.504308859014133
W8 2025-12-2026-06,baseline,99844,0.31501255119773425,0.4777352670165458
W8 2025-12-2026-06,pullback_holds,31915,0.1996407140676848,0.481560394798684
W8 2025-12-2026-06,pullback_holds+shrinking_volume_acceleration,5203,-0.17114268207968733,0.45858158754564676
W8 2025-12-2026-06,pullback_holds+shrinking_volume_acceleration+two_day_acceleration,1012,-0.1618877837019344,0.4733201581027668
W8 2025-12-2026-06,pullback_holds+two_day_acceleration,2148,-0.07273814672874605,0.4585661080074488
W8 2025-12-2026-06,shrinking_volume_acceleration,12648,-0.16789802679592375,0.45872865275142316
W8 2025-12-2026-06,shrinking_volume_acceleration+two_day_acceleration,2794,0.5488616523218891,0.48854688618468145
W8 2025-12-2026-06,two_day_acceleration,7014,0.40054905044298783,0.4836042201311662
W9 2026-06-2026-09,baseline,71723,-0.40520706535534523,0.420464843913389
W9 2026-06-2026-09,pullback_holds,14429,-0.058993565931796756,0.42234389077552154
W9 2026-06-2026-09,pullback_holds+shrinking_volume_acceleration,2304,-0.09424315844156275,0.4353298611111111
W9 2026-06-2026-09,pullback_holds+shrinking_volume_acceleration+two_day_acceleration,495,-0.24021066541750646,0.397979797979798
W9 2026-06-2026-09,pullback_holds+two_day_acceleration,931,-0.18698785427282613,0.439312567132116
W9 2026-06-2026-09,shrinking_volume_acceleration,8312,-0.41920786253481934,0.42564966313763236
W9 2026-06-2026-09,shrinking_volume_acceleration+two_day_acceleration,2132,-0.6643730598791047,0.4165103189493433
W9 2026-06-2026-09,two_day_acceleration,4188,-0.500734502050961,0.4092645654250239
