date,code,side,price,qty,value,reason
2025-02-13,000677,buy,4.13,48400.0,199892.0,月线背景+周线趋势+周级动能active_up+日线标签命中，大盘bull+分批建议：盘中试探仓 + 14:45尾盘确认
2025-02-14,001323,buy,35.13,5600.0,196728.0,月线背景+周线趋势+周级动能active_up+日线标签命中，大盘bull+分批建议：盘中试探仓 + 14:45尾盘确认
2025-02-17,000677,sell,3.93,48400.0,190212.0,E1_structural_stop
2025-02-17,300364,buy,28.0,7000.0,196000.0,月线背景+周线趋势+周级动能active_up+日线标签命中，大盘bull+分批建议：盘中试探仓 + 14:45尾盘确认
2025-02-18,000677,buy,4.05,48800.0,197640.0,月线背景+周线趋势+周级动能active_up+日线标签命中，大盘bull+分批建议：盘中试探仓 + 14:45尾盘确认
2025-02-19,300364,sell,25.88,7000.0,181160.0,E1_structural_stop
2025-02-19,001323,sell,34.82,5600.0,194992.0,E1_structural_stop
2025-02-19,300960,buy,22.43,8500.0,190655.0,月线背景+周线趋势+周级动能active_up+日线标签命中，大盘bull+分批建议：盘中试探仓 + 14:45尾盘确认
2025-02-20,000677,sell,3.87,48800.0,188856.0,E1_structural_stop
2025-02-20,605319,buy,26.42,7200.0,190224.0,月线背景+周线趋势+周级动能active_up+日线标签命中，大盘bull+分批建议：盘中试探仓 + 14:45尾盘确认
2025-02-21,000422,buy,12.07,16000.0,193120.0,月线背景+周线趋势+周级动能active_up+日线标签命中，大盘bull+分批建议：盘中试探仓 + 14:45尾盘确认
2025-02-24,001323,buy,34.98,5500.0,192390.0,月线背景+周线趋势+周级动能active_up+日线标签命中，大盘bull+分批建议：盘中试探仓 + 14:45尾盘确认
2025-02-25,002755,buy,13.16,14800.0,194768.0,月线背景+周线趋势+周级动能active_up+日线标签命中，大盘bull+分批建议：盘中试探仓 + 14:45尾盘确认
2025-02-27,300960,sell,23.61,8500.0,200685.0,E2_time_stop
2025-02-27,000677,buy,4.0,49900.0,199600.0,月线背景+周线趋势+周级动能active_up+日线标签命中，大盘bull+分批建议：盘中试探仓 + 14:45尾盘确认
2025-02-28,605319,sell,33.5,7200.0,241200.0,E2_time_stop
2025-03-03,000677,sell,3.79,49900.0,189121.0,E1_structural_stop
2025-03-03,000422,sell,12.24,16000.0,195840.0,E2_time_stop
2025-03-04,001323,sell,35.57,5500.0,195635.0,E2_time_stop
2025-03-05,002755,sell,14.35,14800.0,212380.0,E2_time_stop
2025-03-06,300253,buy,12.32,16800.0,206976.0,月线背景+周线趋势+周级动能active_up+日线标签命中，大盘bull+分批建议：盘中试探仓 + 14:45尾盘确认
2025-03-07,000958,buy,6.19,33500.0,207365.0,月线背景+周线趋势+周级动能active_up+日线标签命中，大盘bull+分批建议：盘中试探仓 + 14:45尾盘确认
2025-03-10,300772,buy,12.61,16400.0,206804.0,月线背景+周线趋势+周级动能active_up+日线标签命中，大盘bull+分批建议：盘中试探仓 + 14:45尾盘确认
2025-03-11,000958,sell,5.9,33500.0,197650.0,E1_structural_stop
2025-03-11,000677,buy,3.81,54400.0,207264.0,月线背景+周线趋势+周级动能active_up+日线标签命中，大盘bull+分批建议：盘中试探仓 + 14:45尾盘确认
2025-03-12,300772,sell,12.26,16400.0,201064.0,E1_structural_stop
2025-03-12,000557,buy,5.51,37700.0,207727.0,月线背景+周线趋势+周级动能active_up+日线标签命中，大盘bull+分批建议：盘中试探仓 + 14:45尾盘确认
2025-03-13,002194,buy,14.14,14500.0,205030.0,月线背景+周线趋势+周级动能active_up+日线标签命中，大盘bull+分批建议：盘中试探仓 + 14:45尾盘确认
2025-03-14,000677,sell,3.75,54400.0,204000.0,E1_structural_stop
2025-03-14,300253,sell,12.0,16800.0,201600.0,E2_time_stop
2025-03-14,002112,buy,16.49,12200.0,201178.0,月线背景+周线趋势+周级动能active_up+日线标签命中，大盘bull+分批建议：盘中试探仓 + 14:45尾盘确认
2025-03-17,002653,buy,34.77,5800.0,201666.0,月线背景+周线趋势+周级动能active_up+日线标签命中，大盘bull+分批建议：盘中试探仓 + 14:45尾盘确认
2025-03-20,002194,sell,13.34,14500.0,193430.0,E1_structural_stop
2025-03-20,000557,sell,5.52,37700.0,208104.0,E2_time_stop
2025-03-20,300772,buy,12.55,16100.0,202055.0,月线背景+周线趋势+周级动能active_up+日线标签命中，大盘bull+分批建议：盘中试探仓 + 14:45尾盘确认
2025-03-24,002112,sell,15.32,12200.0,186904.0,E1_structural_stop
2025-03-25,002653,sell,35.81,5800.0,207698.0,E2_time_stop
2025-03-28,300772,sell,12.64,16100.0,203504.0,E2_time_stop
2025-05-08,000816,buy,3.15,63200.0,199080.0,月线背景+周线趋势+周级动能active_up+日线标签命中，大盘bull+分批建议：盘中试探仓 + 14:45尾盘确认
2025-05-09,002194,buy,13.15,15100.0,198565.0,月线背景+周线趋势+周级动能active_up+日线标签命中，大盘bull+分批建议：盘中试探仓 + 14:45尾盘确认
2025-05-12,000557,buy,5.4,37000.0,199800.0,月线背景+周线趋势+周级动能active_up+日线标签命中，大盘bull+分批建议：盘中试探仓 + 14:45尾盘确认
2025-05-13,000958,buy,6.58,30800.0,202664.0,月线背景+周线趋势+周级动能active_up+日线标签命中，大盘bull+分批建议：盘中试探仓 + 14:45尾盘确认
2025-05-14,000557,sell,5.35,37000.0,197950.0,E1_structural_stop
2025-05-14,002421,buy,3.46,59100.0,204486.0,月线背景+周线趋势+周级动能active_up+日线标签命中，大盘bull+分批建议：盘中试探仓 + 14:45尾盘确认
2025-05-16,000816,sell,3.12,63200.0,197184.0,E2_time_stop
2025-05-16,002653,buy,42.57,4800.0,204336.0,月线背景+周线趋势+周级动能active_up+日线标签命中，大盘bull+分批建议：盘中试探仓 + 14:45尾盘确认
2025-05-19,002194,sell,14.62,15100.0,220762.0,E2_time_stop
2025-05-19,301110,buy,49.64,4100.0,203524.0,月线背景+周线趋势+周级动能active_up+日线标签命中，大盘bull+分批建议：盘中试探仓 + 14:45尾盘确认
2025-05-21,000958,sell,7.43,30800.0,228844.0,E2_time_stop
2025-05-21,000557,buy,5.3,39600.0,209880.0,月线背景+周线趋势+周级动能active_up+日线标签命中，大盘bull+分批建议：盘中试探仓 + 14:45尾盘确认
2025-05-22,002421,sell,3.45,59100.0,203895.0,E2_time_stop
2025-05-22,000816,buy,3.17,66500.0,210805.0,月线背景+周线趋势+周级动能active_up+日线标签命中，大盘bull+分批建议：盘中试探仓 + 14:45尾盘确认
2025-05-23,301110,sell,49.33,4100.0,202253.0,E1_structural_stop
2025-05-23,000557,sell,5.23,39600.0,207108.0,E1_structural_stop
2025-05-23,600227,buy,2.31,90700.0,209517.0,月线背景+周线趋势+周级动能active_up+日线标签命中，大盘bull+分批建议：盘中试探仓 + 14:45尾盘确认
2025-05-26,002653,sell,43.81,4800.0,210288.0,E2_time_stop
2025-05-26,000816,sell,3.09,66500.0,205485.0,E1_structural_stop
2025-05-26,000677,buy,5.66,36600.0,207156.0,月线背景+周线趋势+周级动能active_up+日线标签命中，大盘bull+分批建议：盘中试探仓 + 14:45尾盘确认
2025-05-29,600227,sell,2.27,90700.0,205889.0,E1_structural_stop
2025-05-30,000557,buy,5.23,40000.0,209200.0,月线背景+周线趋势+周级动能active_up+日线标签命中，大盘bull+分批建议：盘中试探仓 + 14:45尾盘确认
2025-06-04,000677,sell,6.16,36600.0,225456.0,E2_time_stop
2025-06-04,002591,buy,5.69,36900.0,209961.0,月线背景+周线趋势+周级动能active_up+日线标签命中，大盘bull+分批建议：盘中试探仓 + 14:45尾盘确认
2025-06-05,002653,buy,45.67,4600.0,210082.0,月线背景+周线趋势+周级动能active_up+日线标签命中，大盘bull+分批建议：盘中试探仓 + 14:45尾盘确认
2025-06-06,300253,buy,9.77,21300.0,208101.0,月线背景+周线趋势+周级动能active_up+日线标签命中，大盘bull+分批建议：盘中试探仓 + 14:45尾盘确认
2025-06-09,002653,sell,42.97,4600.0,197662.0,E1_structural_stop
2025-06-09,300254,buy,9.97,20800.0,207376.0,月线背景+周线趋势+周级动能active_up+日线标签命中，大盘bull+分批建议：盘中试探仓 + 14:45尾盘确认
2025-06-10,000557,sell,5.22,40000.0,208800.0,E2_time_stop
2025-06-10,300180,buy,7.8,26500.0,206700.0,月线背景+周线趋势+周级动能active_up+日线标签命中，大盘bull+分批建议：盘中试探仓 + 14:45尾盘确认
2025-06-12,300180,sell,7.7,26500.0,204050.0,E1_structural_stop
2025-06-12,002591,sell,5.77,36900.0,212913.0,E2_time_stop
2025-06-12,000958,buy,7.07,29300.0,207151.0,月线背景+周线趋势+周级动能active_up+日线标签命中，大盘bull+分批建议：盘中试探仓 + 14:45尾盘确认
2025-06-13,300180,buy,8.12,25500.0,207060.0,月线背景+周线趋势+周级动能active_up+日线标签命中，大盘bull+分批建议：盘中试探仓 + 14:45尾盘确认
2025-06-16,300253,sell,9.23,21300.0,196599.0,E1_structural_stop
2025-06-16,000958,sell,6.82,29300.0,199826.0,E1_structural_stop
2025-06-16,600227,buy,2.48,83000.0,205840.0,月线背景+周线趋势+周级动能active_up+日线标签命中，大盘bull+分批建议：盘中试探仓 + 14:45尾盘确认
2025-06-17,300254,sell,11.25,20800.0,234000.0,E2_time_stop
2025-06-17,002410,buy,13.65,15000.0,204750.0,月线背景+周线趋势+周级动能active_up+日线标签命中，大盘bull+分批建议：盘中试探仓 + 14:45尾盘确认
2025-06-18,000557,buy,5.19,40900.0,212271.0,月线背景+周线趋势+周级动能active_up+日线标签命中，大盘bull+分批建议：盘中试探仓 + 14:45尾盘确认
2025-06-19,002410,sell,13.3,15000.0,199500.0,E1_structural_stop
2025-06-20,300180,sell,8.4,25500.0,214200.0,E3_trailing_drawdown
2025-06-23,600227,sell,2.65,83000.0,219950.0,E3_trailing_drawdown
2025-06-24,002418,buy,3.42,61800.0,211356.0,月线背景+周线趋势+周级动能active_up+日线标签命中，大盘bull+分批建议：盘中试探仓 + 14:45尾盘确认
2025-06-25,002194,buy,14.25,14800.0,210900.0,月线背景+周线趋势+周级动能active_up+日线标签命中，大盘bull+分批建议：盘中试探仓 + 14:45尾盘确认
2025-06-26,000557,sell,5.2,40900.0,212680.0,E2_time_stop
2025-06-26,600926,buy,17.42,12200.0,212524.0,月线背景+周线趋势+周级动能active_up+日线标签命中，大盘bull+分批建议：盘中试探仓 + 14:45尾盘确认
2025-06-27,300180,buy,9.35,22900.0,214115.0,月线背景+周线趋势+周级动能active_up+日线标签命中，大盘bull+分批建议：盘中试探仓 + 14:45尾盘确认
2025-06-30,600926,sell,16.9,12200.0,206180.0,E1_structural_stop
2025-06-30,301226,buy,27.23,7800.0,212394.0,月线背景+周线趋势+周级动能active_up+日线标签命中，大盘bull+分批建议：盘中试探仓 + 14:45尾盘确认
2025-07-02,300180,sell,8.85,22900.0,202665.0,E1_structural_stop
2025-07-02,002418,sell,3.55,61800.0,219390.0,E2_time_stop
2025-07-02,002688,buy,6.2,34100.0,211420.0,月线背景+周线趋势+周级动能active_up+日线标签命中，大盘bull+分批建议：盘中试探仓 + 14:45尾盘确认
2025-07-03,002194,sell,14.0,14800.0,207200.0,E2_time_stop
2025-07-03,300254,buy,10.2,20600.0,210120.0,月线背景+周线趋势+周级动能active_up+日线标签命中，大盘bull+分批建议：盘中试探仓 + 14:45尾盘确认
2025-07-04,002653,buy,44.0,4700.0,206800.0,月线背景+周线趋势+周级动能active_up+日线标签命中，大盘bull+分批建议：盘中试探仓 + 14:45尾盘确认
2025-07-07,301226,sell,26.69,7800.0,208182.0,E1_structural_stop
2025-07-07,002292,buy,9.53,22100.0,210613.0,月线背景+周线趋势+周级动能active_up+日线标签命中，大盘bull+分批建议：盘中试探仓 + 14:45尾盘确认
2025-07-08,002653,sell,42.73,4700.0,200831.0,E1_structural_stop
2025-07-08,002112,buy,13.71,15300.0,209763.0,月线背景+周线趋势+周级动能active_up+日线标签命中，大盘bull+分批建议：盘中试探仓 + 14:45尾盘确认
2025-07-10,002688,sell,6.71,34100.0,228811.0,E2_time_stop
2025-07-10,002418,buy,3.57,60000.0,214200.0,月线背景+周线趋势+周级动能active_up+日线标签命中，大盘bull+分批建议：盘中试探仓 + 14:45尾盘确认
2025-07-11,300254,sell,11.61,20600.0,239166.0,E2_time_stop
2025-07-11,002292,sell,9.55,22100.0,211055.0,E1_structural_stop
2025-07-11,300960,buy,25.71,8300.0,213393.0,月线背景+周线趋势+周级动能active_up+日线标签命中，大盘bull+分批建议：盘中试探仓 + 14:45尾盘确认
2025-07-14,000816,buy,3.19,68300.0,217877.0,月线背景+周线趋势+周级动能active_up+日线标签命中，大盘bull+分批建议：盘中试探仓 + 14:45尾盘确认
2025-07-15,300960,sell,24.75,8300.0,205425.0,E1_structural_stop
2025-07-15,002653,buy,45.22,4700.0,212534.0,月线背景+周线趋势+周级动能active_up+日线标签命中，大盘bull+分批建议：盘中试探仓 + 14:45尾盘确认
2025-07-16,000816,sell,3.12,68300.0,213096.0,E1_structural_stop
2025-07-16,002112,sell,14.1,15300.0,215730.0,E2_time_stop
2025-07-16,002742,buy,5.19,41700.0,216423.0,月线背景+周线趋势+周级动能active_up+日线标签命中，大盘bull+分批建议：盘中试探仓 + 14:45尾盘确认
2025-07-17,000557,buy,5.4,40300.0,217620.0,月线背景+周线趋势+周级动能active_up+日线标签命中，大盘bull+分批建议：盘中试探仓 + 14:45尾盘确认
2025-07-18,002418,sell,3.64,60000.0,218400.0,E2_time_stop
2025-07-18,300253,buy,10.78,20200.0,217756.0,月线背景+周线趋势+周级动能active_up+日线标签命中，大盘bull+分批建议：盘中试探仓 + 14:45尾盘确认
2025-07-21,002742,sell,5.02,41700.0,209334.0,E1_structural_stop
2025-07-21,002292,buy,9.92,22000.0,218240.0,月线背景+周线趋势+周级动能active_up+日线标签命中，大盘bull+分批建议：盘中试探仓 + 14:45尾盘确认
2025-07-23,002653,sell,49.6,4700.0,233120.0,E2_time_stop
2025-07-23,600227,buy,2.48,88300.0,218984.0,月线背景+周线趋势+周级动能active_up+日线标签命中，大盘bull+分批建议：盘中试探仓 + 14:45尾盘确认
2025-07-24,002292,sell,9.71,22000.0,213620.0,E1_structural_stop
2025-07-24,000753,buy,5.73,38000.0,217740.0,月线背景+周线趋势+周级动能active_up+日线标签命中，大盘bull+分批建议：盘中试探仓 + 14:45尾盘确认
2025-07-25,000557,sell,5.57,40300.0,224471.0,E2_time_stop
2025-07-25,000816,buy,3.35,65000.0,217750.0,月线背景+周线趋势+周级动能active_up+日线标签命中，大盘bull+分批建议：盘中试探仓 + 14:45尾盘确认
2025-07-28,300253,sell,10.83,20200.0,218766.0,E2_time_stop
2025-07-28,002418,buy,3.64,60500.0,220220.0,月线背景+周线趋势+周级动能active_up+日线标签命中，大盘bull+分批建议：盘中试探仓 + 14:45尾盘确认
2025-07-29,000816,sell,3.21,65000.0,208650.0,E1_structural_stop
2025-07-29,300566,buy,19.61,11000.0,215710.0,月线背景+周线趋势+周级动能active_up+日线标签命中，大盘bull+分批建议：盘中试探仓 + 14:45尾盘确认
2025-07-30,300180,buy,9.11,23700.0,215907.0,月线背景+周线趋势+周级动能active_up+日线标签命中，大盘bull+分批建议：盘中试探仓 + 14:45尾盘确认
2025-07-31,002418,sell,3.44,60500.0,208120.0,E1_structural_stop
2025-07-31,600227,sell,2.43,88300.0,214569.0,E2_time_stop
2025-07-31,300566,sell,19.23,11000.0,211530.0,E1_structural_stop
2025-07-31,002688,buy,7.32,29000.0,212280.0,月线背景+周线趋势+周级动能active_up+日线标签命中，大盘bull+分批建议：盘中试探仓 + 14:45尾盘确认
2025-08-01,300180,sell,8.56,23700.0,202872.0,E1_structural_stop
2025-08-01,000753,sell,5.57,38000.0,211660.0,E1_structural_stop
2025-08-01,002755,buy,27.67,7500.0,207525.0,月线背景+周线趋势+周级动能active_up+日线标签命中，大盘bull+分批建议：盘中试探仓 + 14:45尾盘确认
2025-08-04,002194,buy,13.02,15900.0,207018.0,月线背景+周线趋势+周级动能active_up+日线标签命中，大盘bull+分批建议：盘中试探仓 + 14:45尾盘确认
2025-08-05,301226,buy,27.9,7500.0,209250.0,月线背景+周线趋势+周级动能active_up+日线标签命中，大盘bull+分批建议：盘中试探仓 + 14:45尾盘确认
2025-08-06,600227,buy,2.49,85300.0,212397.0,月线背景+周线趋势+周级动能active_up+日线标签命中，大盘bull+分批建议：盘中试探仓 + 14:45尾盘确认
2025-08-08,002688,sell,7.78,29000.0,225620.0,E2_time_stop
2025-08-08,600227,sell,2.44,85300.0,208132.0,E1_structural_stop
2025-08-08,300338,buy,3.99,53900.0,215061.0,月线背景+周线趋势+周级动能active_up+日线标签命中，大盘bull+分批建议：盘中试探仓 + 14:45尾盘确认
2025-08-11,002755,sell,27.09,7500.0,203175.0,E2_time_stop
2025-08-11,002418,buy,3.82,55800.0,213156.0,月线背景+周线趋势+周级动能active_up+日线标签命中，大盘bull+分批建议：盘中试探仓 + 14:45尾盘确认
2025-08-12,300338,sell,3.93,53900.0,211827.0,E1_structural_stop
2025-08-12,002194,sell,13.59,15900.0,216081.0,E2_time_stop
2025-08-12,000677,buy,5.5,38800.0,213400.0,月线背景+周线趋势+周级动能active_up+日线标签命中，大盘bull+分批建议：盘中试探仓 + 14:45尾盘确认
2025-08-13,301226,sell,31.6,7500.0,237000.0,E2_time_stop
2025-08-13,601033,buy,15.35,14300.0,219505.0,月线背景+周线趋势+周级动能active_up+日线标签命中，大盘bull+分批建议：盘中试探仓 + 14:45尾盘确认
2025-08-14,000816,buy,3.17,69800.0,221266.0,月线背景+周线趋势+周级动能active_up+日线标签命中，大盘bull+分批建议：盘中试探仓 + 14:45尾盘确认
2025-08-15,600604,buy,5.68,39300.0,223224.0,月线背景+周线趋势+周级动能active_up+日线标签命中，大盘bull+分批建议：盘中试探仓 + 14:45尾盘确认
2025-08-18,000816,sell,3.14,69800.0,219172.0,E1_structural_stop
2025-08-19,002418,sell,4.93,55800.0,275094.0,E2_time_stop
2025-08-19,002194,buy,13.66,16900.0,230854.0,月线背景+周线趋势+周级动能active_up+日线标签命中，大盘bull+分批建议：盘中试探仓 + 14:45尾盘确认
2025-08-20,000677,sell,5.58,38800.0,216504.0,E2_time_stop
2025-08-20,600794,buy,4.52,51500.0,232780.0,月线背景+周线趋势+周级动能active_up+日线标签命中，大盘bull+分批建议：盘中试探仓 + 14:45尾盘确认
2025-08-21,601033,sell,15.71,14300.0,224653.0,E2_time_stop
2025-08-21,000677,buy,5.66,41300.0,233758.0,月线背景+周线趋势+周级动能active_up+日线标签命中，大盘bull+分批建议：盘中试探仓 + 14:45尾盘确认
2025-08-22,300253,buy,10.54,22300.0,235042.0,月线背景+周线趋势+周级动能active_up+日线标签命中，大盘bull+分批建议：盘中试探仓 + 14:45尾盘确认
2025-08-25,600604,sell,6.1,39300.0,239730.0,E2_time_stop
2025-08-25,000816,buy,3.2,74600.0,238720.0,月线背景+周线趋势+周级动能active_up+日线标签命中，大盘bull+分批建议：盘中试探仓 + 14:45尾盘确认
2025-08-27,002194,sell,15.6,16900.0,263640.0,E2_time_stop
2025-08-27,000557,buy,5.85,41400.0,242190.0,月线背景+周线趋势+周级动能active_up+日线标签命中，大盘bull+分批建议：盘中试探仓 + 14:45尾盘确认
2025-08-28,000677,sell,5.4,41300.0,223020.0,E1_structural_stop
2025-08-28,600794,sell,4.56,51500.0,234840.0,E2_time_stop
2025-08-29,300253,sell,10.33,22300.0,230359.0,E1_structural_stop
2025-08-29,000557,sell,5.48,41400.0,226872.0,E1_structural_stop
2025-08-29,002194,buy,15.68,15000.0,235200.0,月线背景+周线趋势+周级动能active_up+日线标签命中，大盘bull+分批建议：盘中试探仓 + 14:45尾盘确认
2025-09-01,002092,buy,4.87,48000.0,233760.0,月线背景+周线趋势+周级动能active_up+日线标签命中，大盘bull+分批建议：盘中试探仓 + 14:45尾盘确认
2025-09-02,000816,sell,3.27,74600.0,243942.0,E2_time_stop
2025-09-02,000422,buy,14.36,16300.0,234068.0,月线背景+周线趋势+周级动能active_up+日线标签命中，大盘bull+分批建议：盘中试探仓 + 14:45尾盘确认
2025-09-03,002194,sell,14.66,15000.0,219900.0,E1_structural_stop
2025-09-03,002092,sell,4.82,48000.0,231360.0,E1_structural_stop
2025-09-03,002653,buy,57.34,4000.0,229360.0,月线背景+周线趋势+周级动能active_up+日线标签命中，大盘bull+分批建议：盘中试探仓 + 14:45尾盘确认
2025-09-04,000422,sell,13.51,16300.0,220213.0,E1_structural_stop
2025-09-04,601939,buy,9.1,25300.0,230230.0,月线背景+周线趋势+周级动能active_up+日线标签命中，大盘bull+分批建议：盘中试探仓 + 14:45尾盘确认
2025-09-08,601939,sell,9.02,25300.0,228206.0,E1_structural_stop
2025-09-08,301369,buy,77.8,2900.0,225620.0,月线背景+周线趋势+周级动能active_up+日线标签命中，大盘bull+分批建议：盘中试探仓 + 14:45尾盘确认
2025-09-09,000677,buy,5.31,43500.0,230985.0,月线背景+周线趋势+周级动能active_up+日线标签命中，大盘bull+分批建议：盘中试探仓 + 14:45尾盘确认
2025-09-10,002194,buy,14.81,15700.0,232517.0,月线背景+周线趋势+周级动能active_up+日线标签命中，大盘bull+分批建议：盘中试探仓 + 14:45尾盘确认
2025-09-11,002653,sell,56.0,4000.0,224000.0,E2_time_stop
2025-09-11,000816,buy,3.3,70000.0,231000.0,月线背景+周线趋势+周级动能active_up+日线标签命中，大盘bull+分批建议：盘中试探仓 + 14:45尾盘确认
2025-09-15,301110,buy,66.24,3400.0,225216.0,月线背景+周线趋势+周级动能active_up+日线标签命中，大盘bull+分批建议：盘中试探仓 + 14:45尾盘确认
2025-09-16,000677,sell,5.18,43500.0,225330.0,E1_structural_stop
2025-09-16,002194,sell,14.45,15700.0,226865.0,E1_structural_stop
2025-09-16,301369,sell,74.85,2900.0,217065.0,E2_time_stop
2025-09-16,002688,buy,7.21,31500.0,227115.0,月线背景+周线趋势+周级动能active_up+日线标签命中，大盘bull+分批建议：盘中试探仓 + 14:45尾盘确认
2025-09-17,300854,buy,20.15,11400.0,229710.0,月线背景+周线趋势+周级动能active_up+日线标签命中，大盘bull+分批建议：盘中试探仓 + 14:45尾盘确认
2025-09-19,002688,sell,6.92,31500.0,217980.0,E1_structural_stop
2025-09-19,000816,sell,3.3,70000.0,231000.0,E2_time_stop
2025-09-23,301110,sell,76.0,3400.0,258400.0,E2_time_stop
2025-09-23,300854,sell,19.78,11400.0,225492.0,E3_trailing_drawdown
2025-09-25,000677,buy,5.03,45500.0,228865.0,月线背景+周线趋势+周级动能active_up+日线标签命中，大盘bull+分批建议：盘中试探仓 + 14:45尾盘确认
2025-09-26,000509,buy,3.31,68900.0,228059.0,月线背景+周线趋势+周级动能active_up+日线标签命中，大盘bull+分批建议：盘中试探仓 + 14:45尾盘确认
2025-09-30,000509,sell,3.3,68900.0,227370.0,E1_structural_stop
2025-09-30,600926,buy,15.4,14700.0,226380.0,月线背景+周线趋势+周级动能active_up+日线标签命中，大盘bull+分批建议：盘中试探仓 + 14:45尾盘确认
2025-10-09,000677,sell,4.84,45500.0,220220.0,E1_structural_stop
2025-10-09,002688,buy,6.68,33900.0,226452.0,月线背景+周线趋势+周级动能active_up+日线标签命中，大盘bull+分批建议：盘中试探仓 + 14:45尾盘确认
2025-10-10,002194,buy,13.53,16700.0,225951.0,月线背景+周线趋势+周级动能active_up+日线标签命中，大盘bull+分批建议：盘中试探仓 + 14:45尾盘确认
2025-10-13,300254,buy,10.4,21800.0,226720.0,月线背景+周线趋势+周级动能active_up+日线标签命中，大盘bull+分批建议：盘中试探仓 + 14:45尾盘确认
2025-10-14,002194,sell,13.38,16700.0,223446.0,E1_structural_stop
2025-10-14,002418,buy,4.71,48500.0,228435.0,月线背景+周线趋势+周级动能active_up+日线标签命中，大盘bull+分批建议：盘中试探仓 + 14:45尾盘确认
2025-10-16,600926,sell,16.12,14700.0,236964.0,E2_time_stop
2025-10-16,300338,buy,3.98,57800.0,230044.0,月线背景+周线趋势+周级动能active_up+日线标签命中，大盘bull+分批建议：盘中试探仓 + 14:45尾盘确认
2025-10-17,002418,sell,4.34,48500.0,210490.0,E1_structural_stop
2025-10-17,002688,sell,6.81,33900.0,230859.0,E2_time_stop
2025-10-21,300254,sell,10.97,21800.0,239146.0,E2_time_stop
2025-10-22,300804,buy,39.02,5800.0,226316.0,月线背景+周线趋势+周级动能active_up+日线标签命中，大盘bull+分批建议：盘中试探仓 + 14:45尾盘确认
2025-10-23,300319,buy,12.51,18200.0,227682.0,月线背景+周线趋势+周级动能active_up+日线标签命中，大盘bull+分批建议：盘中试探仓 + 14:45尾盘确认
2025-10-24,300338,sell,3.9,57800.0,225420.0,E1_structural_stop
2025-10-24,300345,buy,6.66,34300.0,228438.0,月线背景+周线趋势+周级动能active_up+日线标签命中，大盘bull+分批建议：盘中试探仓 + 14:45尾盘确认
2025-10-27,300254,buy,10.89,21100.0,229779.0,月线背景+周线趋势+周级动能active_up+日线标签命中，大盘bull+分批建议：盘中试探仓 + 14:45尾盘确认
2025-10-30,300804,sell,39.84,5800.0,231072.0,E2_time_stop
2025-10-30,300667,buy,16.24,14300.0,232232.0,月线背景+周线趋势+周级动能active_up+日线标签命中，大盘bull+分批建议：盘中试探仓 + 14:45尾盘确认
2025-10-31,300319,sell,13.05,18200.0,237510.0,E2_time_stop
2025-10-31,002194,buy,12.46,18500.0,230510.0,月线背景+周线趋势+周级动能active_up+日线标签命中，大盘bull+分批建议：盘中试探仓 + 14:45尾盘确认
2025-11-03,300345,sell,6.74,34300.0,231182.0,E2_time_stop
2025-11-03,000422,buy,13.93,16600.0,231238.0,月线背景+周线趋势+周级动能active_up+日线标签命中，大盘bull+分批建议：盘中试探仓 + 14:45尾盘确认
2025-11-04,300254,sell,11.03,21100.0,232733.0,E2_time_stop
2025-11-04,000677,buy,4.68,49700.0,232596.0,月线背景+周线趋势+周级动能active_up+日线标签命中，大盘bull+分批建议：盘中试探仓 + 14:45尾盘确认
2025-11-05,300180,buy,7.18,32200.0,231196.0,月线背景+周线趋势+周级动能active_up+日线标签命中，大盘bull+分批建议：盘中试探仓 + 14:45尾盘确认
2025-11-07,300667,sell,16.36,14300.0,233948.0,E2_time_stop
2025-11-07,601033,buy,16.88,13900.0,234632.0,月线背景+周线趋势+周级动能active_up+日线标签命中，大盘bull+分批建议：盘中试探仓 + 14:45尾盘确认
2025-11-10,002194,sell,13.48,18500.0,249380.0,E2_time_stop
2025-11-10,002418,buy,5.65,42700.0,241255.0,月线背景+周线趋势+周级动能active_up+日线标签命中，大盘bull+分批建议：盘中试探仓 + 14:45尾盘确认
2025-11-11,000422,sell,15.78,16600.0,261948.0,E2_time_stop
2025-11-11,300254,buy,10.86,22300.0,242178.0,月线背景+周线趋势+周级动能active_up+日线标签命中，大盘bull+分批建议：盘中试探仓 + 14:45尾盘确认
2025-11-12,000677,sell,4.89,49700.0,243033.0,E2_time_stop
2025-11-12,002873,buy,11.27,21500.0,242305.0,月线背景+周线趋势+周级动能active_up+日线标签命中，大盘bull+分批建议：盘中试探仓 + 14:45尾盘确认
2025-11-13,300180,sell,7.26,32200.0,233772.0,E2_time_stop
2025-11-13,600794,buy,4.19,58500.0,245115.0,月线背景+周线趋势+周级动能active_up+日线标签命中，大盘bull+分批建议：盘中试探仓 + 14:45尾盘确认
2025-11-17,601033,sell,16.45,13900.0,228655.0,E1_structural_stop
2025-11-18,002418,sell,5.65,42700.0,241255.0,E2_time_stop
2025-11-19,300254,sell,11.32,22300.0,252436.0,E2_time_stop
2025-11-19,600794,sell,4.16,58500.0,243360.0,E1_structural_stop
2025-11-20,002873,sell,11.1,21500.0,238650.0,E1_structural_stop
2025-12-09,300254,buy,10.51,23200.0,243832.0,月线背景+周线趋势+周级动能active_up+日线标签命中，大盘bull+分批建议：盘中试探仓 + 14:45尾盘确认
2025-12-11,300254,sell,10.3,23200.0,238960.0,E1_structural_stop
2025-12-23,000422,buy,14.2,17100.0,242820.0,月线背景+周线趋势+周级动能active_up+日线标签命中，大盘bull+分批建议：盘中试探仓 + 14:45尾盘确认
2025-12-24,002418,buy,4.83,50400.0,243432.0,月线背景+周线趋势+周级动能active_up+日线标签命中，大盘bull+分批建议：盘中试探仓 + 14:45尾盘确认
2025-12-25,300772,buy,18.64,13000.0,242320.0,月线背景+周线趋势+周级动能active_up+日线标签命中，大盘bull+分批建议：盘中试探仓 + 14:45尾盘确认
2025-12-26,002688,buy,6.11,40000.0,244400.0,月线背景+周线趋势+周级动能active_up+日线标签命中，大盘bull+分批建议：盘中试探仓 + 14:45尾盘确认
2025-12-30,002688,sell,5.96,40000.0,238400.0,E1_structural_stop
2025-12-30,301192,buy,30.35,8000.0,242800.0,月线背景+周线趋势+周级动能active_up+日线标签命中，大盘bull+分批建议：盘中试探仓 + 14:45尾盘确认
2025-12-31,000422,sell,14.47,17100.0,247437.0,E2_time_stop
2025-12-31,600545,buy,2.59,94700.0,245273.0,月线背景+周线趋势+周级动能active_up+日线标签命中，大盘bull+分批建议：盘中试探仓 + 14:45尾盘确认
2026-01-05,002418,sell,4.77,50400.0,240408.0,E2_time_stop
2026-01-05,301110,buy,66.78,3600.0,240408.0,月线背景+周线趋势+周级动能active_up+日线标签命中，大盘bull+分批建议：盘中试探仓 + 14:45尾盘确认
2026-01-06,300772,sell,19.89,13000.0,258570.0,E2_time_stop
2026-01-06,000723,buy,4.73,51100.0,241703.0,月线背景+周线趋势+周级动能active_up+日线标签命中，大盘bull+分批建议：盘中试探仓 + 14:45尾盘确认
2026-01-07,002418,buy,4.95,49800.0,246510.0,月线背景+周线趋势+周级动能active_up+日线标签命中，大盘bull+分批建议：盘中试探仓 + 14:45尾盘确认
2026-01-09,301192,sell,31.67,8000.0,253360.0,E2_time_stop
2026-01-09,300319,buy,12.24,20900.0,255816.0,月线背景+周线趋势+周级动能active_up+日线标签命中，大盘bull+分批建议：盘中试探仓 + 14:45尾盘确认
2026-01-12,600545,sell,2.65,94700.0,250955.0,E2_time_stop
2026-01-12,300772,buy,19.94,12900.0,257226.0,月线背景+周线趋势+周级动能active_up+日线标签命中，大盘bull+分批建议：盘中试探仓 + 14:45尾盘确认
2026-01-13,301110,sell,99.71,3600.0,358956.0,E2_time_stop
2026-01-13,000509,buy,3.5,75900.0,265650.0,月线背景+周线趋势+周级动能active_up+日线标签命中，大盘bull+分批建议：盘中试探仓 + 14:45尾盘确认
2026-01-14,000723,sell,4.85,51100.0,247835.0,E2_time_stop
2026-01-14,300772,sell,19.49,12900.0,251421.0,E1_structural_stop
2026-01-14,002873,buy,10.38,26300.0,272994.0,月线背景+周线趋势+周级动能active_up+日线标签命中，大盘bull+分批建议：盘中试探仓 + 14:45尾盘确认
2026-01-15,002418,sell,4.98,49800.0,248004.0,E2_time_stop
2026-01-15,000422,buy,14.95,18200.0,272090.0,月线背景+周线趋势+周级动能active_up+日线标签命中，大盘bull+分批建议：盘中试探仓 + 14:45尾盘确认
2026-01-16,000816,buy,3.75,72600.0,272250.0,月线背景+周线趋势+周级动能active_up+日线标签命中，大盘bull+分批建议：盘中试探仓 + 14:45尾盘确认
2026-01-19,300319,sell,12.61,20900.0,263549.0,E2_time_stop
2026-01-19,002873,sell,10.2,26300.0,268260.0,E1_structural_stop
2026-01-19,000509,sell,3.41,75900.0,258819.0,E1_structural_stop
2026-01-19,300274,buy,170.0,1600.0,272000.0,月线背景+周线趋势+周级动能active_up+日线标签命中，大盘bull+分批建议：盘中试探仓 + 14:45尾盘确认
2026-01-20,000723,buy,4.74,57400.0,272076.0,月线背景+周线趋势+周级动能active_up+日线标签命中，大盘bull+分批建议：盘中试探仓 + 14:45尾盘确认
2026-01-21,300274,sell,163.11,1600.0,260976.0,E1_structural_stop
2026-01-21,300960,buy,25.85,10600.0,274010.0,月线背景+周线趋势+周级动能active_up+日线标签命中，大盘bull+分批建议：盘中试探仓 + 14:45尾盘确认
2026-01-23,000422,sell,16.26,18200.0,295932.0,E2_time_stop
2026-01-23,000509,buy,3.54,78200.0,276828.0,月线背景+周线趋势+周级动能active_up+日线标签命中，大盘bull+分批建议：盘中试探仓 + 14:45尾盘确认
2026-01-26,000816,sell,4.06,72600.0,294756.0,E2_time_stop
2026-01-26,600167,buy,7.6,36900.0,280440.0,月线背景+周线趋势+周级动能active_up+日线标签命中，大盘bull+分批建议：盘中试探仓 + 14:45尾盘确认
2026-01-27,000816,buy,4.07,68800.0,280016.0,月线背景+周线趋势+周级动能active_up+日线标签命中，大盘bull+分批建议：盘中试探仓 + 14:45尾盘确认
2026-01-28,000723,sell,4.9,57400.0,281260.0,E2_time_stop
2026-01-28,300960,sell,25.6,10600.0,271360.0,E1_structural_stop
2026-01-28,600167,sell,7.18,36900.0,264942.0,E1_structural_stop
2026-01-28,301148,buy,54.9,5000.0,274500.0,月线背景+周线趋势+周级动能active_up+日线标签命中，大盘bull+分批建议：盘中试探仓 + 14:45尾盘确认
2026-01-29,002425,buy,4.0,69600.0,278400.0,月线背景+周线趋势+周级动能active_up+日线标签命中，大盘bull+分批建议：盘中试探仓 + 14:45尾盘确认
2026-01-30,300854,buy,21.93,12400.0,271932.0,月线背景+周线趋势+周级动能active_up+日线标签命中，大盘bull+分批建议：盘中试探仓 + 14:45尾盘确认
2026-02-02,000509,sell,3.4,78200.0,265880.0,E1_structural_stop
2026-02-02,000816,sell,3.92,68800.0,269696.0,E1_structural_stop
2026-02-02,002425,sell,3.83,69600.0,266568.0,E1_structural_stop
2026-02-05,301148,sell,51.5,5000.0,257500.0,E1_structural_stop
2026-02-09,300854,sell,22.77,12400.0,282348.0,E2_time_stop
2026-02-10,000509,buy,3.52,76600.0,269632.0,月线背景+周线趋势+周级动能active_up+日线标签命中，大盘bull+分批建议：盘中试探仓 + 14:45尾盘确认
2026-02-11,002873,buy,10.6,25400.0,269240.0,月线背景+周线趋势+周级动能active_up+日线标签命中，大盘bull+分批建议：盘中试探仓 + 14:45尾盘确认
2026-02-12,300319,buy,12.62,21300.0,268806.0,月线背景+周线趋势+周级动能active_up+日线标签命中，大盘bull+分批建议：盘中试探仓 + 14:45尾盘确认
2026-02-13,002873,sell,10.5,25400.0,266700.0,E1_structural_stop
2026-02-13,000509,sell,3.43,76600.0,262738.0,E1_structural_stop
2026-02-13,000422,buy,15.78,17000.0,268260.0,月线背景+周线趋势+周级动能active_up+日线标签命中，大盘bull+分批建议：盘中试探仓 + 14:45尾盘确认
2026-02-25,000509,buy,3.48,76500.0,266220.0,月线背景+周线趋势+周级动能active_up+日线标签命中，大盘bull+分批建议：盘中试探仓 + 14:45尾盘确认
2026-02-26,600167,buy,7.06,38900.0,274634.0,月线背景+周线趋势+周级动能active_up+日线标签命中，大盘bull+分批建议：盘中试探仓 + 14:45尾盘确认
2026-03-02,300319,sell,13.28,21300.0,282864.0,E2_time_stop
2026-03-02,000816,buy,4.01,69700.0,279497.0,月线背景+周线趋势+周级动能active_up+日线标签命中，大盘bull+分批建议：盘中试探仓 + 14:45尾盘确认
2026-03-03,000422,sell,18.2,17000.0,309400.0,E2_time_stop
2026-03-03,301192,buy,31.58,8700.0,274746.0,月线背景+周线趋势+周级动能active_up+日线标签命中，大盘bull+分批建议：盘中试探仓 + 14:45尾盘确认
2026-03-04,000509,sell,3.25,76500.0,248625.0,E1_structural_stop
2026-03-04,000816,sell,3.81,69700.0,265557.0,E1_structural_stop
2026-03-05,600167,sell,6.9,38900.0,268410.0,E1_structural_stop
2026-03-05,301192,sell,29.44,8700.0,256128.0,E1_structural_stop
2026-03-09,300274,buy,148.49,1800.0,267282.0,月线背景+周线趋势+周级动能active_up+日线标签命中，大盘bull+分批建议：盘中试探仓 + 14:45尾盘确认
2026-03-11,300855,buy,46.13,5800.0,267554.0,月线背景+周线趋势+周级动能active_up+日线标签命中，大盘bull+分批建议：盘中试探仓 + 14:45尾盘确认
2026-03-12,002591,buy,7.77,34700.0,269619.0,月线背景+周线趋势+周级动能active_up+日线标签命中，大盘bull+分批建议：盘中试探仓 + 14:45尾盘确认
2026-03-13,300855,sell,41.52,5800.0,240816.0,E1_structural_stop
2026-03-16,002591,sell,7.51,34700.0,260597.0,E1_structural_stop
2026-03-17,300274,sell,174.65,1800.0,314370.0,E2_time_stop
2026-04-21,600821,buy,9.4,28700.0,269780.0,月线背景+周线趋势+周级动能active_up+日线标签命中，大盘bull+分批建议：盘中试探仓 + 14:45尾盘确认
2026-04-22,000422,buy,16.33,16400.0,267812.0,月线背景+周线趋势+周级动能active_up+日线标签命中，大盘bull+分批建议：盘中试探仓 + 14:45尾盘确认
2026-04-23,002591,buy,6.88,38900.0,267632.0,月线背景+周线趋势+周级动能active_up+日线标签命中，大盘bull+分批建议：盘中试探仓 + 14:45尾盘确认
2026-04-24,300253,buy,8.69,30900.0,268521.0,月线背景+周线趋势+周级动能active_up+日线标签命中，大盘bull+分批建议：盘中试探仓 + 14:45尾盘确认
2026-04-27,600926,buy,17.08,15600.0,266448.0,月线背景+周线趋势+周级动能active_up+日线标签命中，大盘bull+分批建议：盘中试探仓 + 14:45尾盘确认
2026-04-28,600821,sell,8.45,28700.0,242515.0,E1_structural_stop
2026-04-28,300253,sell,8.56,30900.0,264504.0,E1_structural_stop
2026-04-28,300804,buy,48.12,5500.0,264660.0,月线背景+周线趋势+周级动能active_up+日线标签命中，大盘bull+分批建议：盘中试探仓 + 14:45尾盘确认
2026-04-30,000422,sell,17.01,16400.0,278964.0,E2_time_stop
2026-04-30,300854,buy,32.34,8400.0,271656.0,月线背景+周线趋势+周级动能active_up+日线标签命中，大盘bull+分批建议：盘中试探仓 + 14:45尾盘确认
2026-05-06,002591,sell,8.27,38900.0,321703.0,E2_time_stop
2026-05-06,000816,buy,3.22,85900.0,276598.0,月线背景+周线趋势+周级动能active_up+日线标签命中，大盘bull+分批建议：盘中试探仓 + 14:45尾盘确认
2026-05-07,300253,buy,8.98,31000.0,278380.0,月线背景+周线趋势+周级动能active_up+日线标签命中，大盘bull+分批建议：盘中试探仓 + 14:45尾盘确认
2026-05-08,600926,sell,16.88,15600.0,263328.0,E1_structural_stop
2026-05-08,000816,sell,3.03,85900.0,260277.0,E1_structural_stop
2026-05-08,300804,sell,47.52,5500.0,261360.0,E3_trailing_drawdown
2026-05-08,301226,buy,39.7,6900.0,273930.0,月线背景+周线趋势+周级动能active_up+日线标签命中，大盘bull+分批建议：盘中试探仓 + 14:45尾盘确认
2026-05-11,300772,buy,17.13,16100.0,275793.0,月线背景+周线趋势+周级动能active_up+日线标签命中，大盘bull+分批建议：盘中试探仓 + 14:45尾盘确认
2026-05-13,300772,sell,16.65,16100.0,268065.0,E1_structural_stop
2026-05-13,300854,sell,34.11,8400.0,286524.0,E2_time_stop
2026-05-13,300804,buy,49.05,5600.0,274680.0,月线背景+周线趋势+周级动能active_up+日线标签命中，大盘bull+分批建议：盘中试探仓 + 14:45尾盘确认
2026-05-14,300319,buy,13.72,20200.0,277144.0,月线背景+周线趋势+周级动能active_up+日线标签命中，大盘bull+分批建议：盘中试探仓 + 14:45尾盘确认
2026-05-15,300253,sell,8.81,31000.0,273110.0,E2_time_stop
2026-05-15,002591,buy,9.04,30400.0,274816.0,月线背景+周线趋势+周级动能active_up+日线标签命中，大盘bull+分批建议：盘中试探仓 + 14:45尾盘确认
2026-05-18,300319,sell,13.41,20200.0,270882.0,E1_structural_stop
2026-05-18,301226,sell,41.6,6900.0,287040.0,E2_time_stop
2026-05-18,601939,buy,9.74,28200.0,274668.0,月线背景+周线趋势+周级动能active_up+日线标签命中，大盘bull+分批建议：盘中试探仓 + 14:45尾盘确认
2026-05-19,300804,sell,43.79,5600.0,245224.0,E1_structural_stop
2026-05-19,300772,buy,16.35,16400.0,268140.0,月线背景+周线趋势+周级动能active_up+日线标签命中，大盘bull+分批建议：盘中试探仓 + 14:45尾盘确认
2026-05-20,002591,sell,8.97,30400.0,272688.0,E1_structural_stop
2026-05-20,603305,buy,17.12,15600.0,267072.0,月线背景+周线趋势+周级动能active_up+日线标签命中，大盘bull+分批建议：盘中试探仓 + 14:45尾盘确认
2026-05-26,601939,sell,10.11,28200.0,285102.0,E2_time_stop
2026-05-27,300772,sell,16.0,16400.0,262400.0,E2_time_stop
2026-05-27,603305,sell,16.56,15600.0,258336.0,E1_structural_stop
2026-06-16,002418,buy,4.27,62400.0,266448.0,月线背景+周线趋势+周级动能active_up+日线标签命中，大盘bull+分批建议：盘中试探仓 + 14:45尾盘确认
2026-06-17,300667,buy,19.09,13900.0,265351.0,月线背景+周线趋势+周级动能active_up+日线标签命中，大盘bull+分批建议：盘中试探仓 + 14:45尾盘确认
2026-06-18,300566,buy,34.23,7800.0,266994.0,月线背景+周线趋势+周级动能active_up+日线标签命中，大盘bull+分批建议：盘中试探仓 + 14:45尾盘确认
2026-06-22,002112,buy,17.43,15300.0,266679.0,月线背景+周线趋势+周级动能active_up+日线标签命中，大盘bull+分批建议：盘中试探仓 + 14:45尾盘确认
2026-06-23,300855,buy,34.09,7800.0,265902.0,月线背景+周线趋势+周级动能active_up+日线标签命中，大盘bull+分批建议：盘中试探仓 + 14:45尾盘确认
2026-06-24,300566,sell,31.03,7800.0,242034.0,E1_structural_stop
2026-06-25,300667,sell,17.44,13900.0,242416.0,E1_structural_stop
2026-06-25,002418,sell,4.59,62400.0,286416.0,E2_time_stop
2026-06-25,300855,sell,32.04,7800.0,249912.0,E1_structural_stop
2026-06-25,600230,buy,15.18,16900.0,256542.0,月线背景+周线趋势+周级动能active_up+日线标签命中，大盘bull+分批建议：盘中试探仓 + 14:45尾盘确认
2026-06-26,002112,sell,16.8,15300.0,257040.0,E1_structural_stop
2026-06-29,600230,sell,13.62,16900.0,230178.0,E1_structural_stop
2026-07-01,000422,buy,13.93,17900.0,249347.0,月线背景+周线趋势+周级动能active_up+日线标签命中，大盘bull+分批建议：盘中试探仓 + 14:45尾盘确认
2026-07-08,000422,sell,13.4,17900.0,239860.0,E3_trailing_drawdown
2026-08-19,600926,buy,16.63,14900.0,247787.0,月线背景+周线趋势+周级动能active_up+日线标签命中，大盘bull+分批建议：盘中试探仓 + 14:45尾盘确认
2026-08-27,600926,sell,16.83,14900.0,250767.0,E2_time_stop
2026-09-01,600256,buy,6.71,37100.0,248941.0,月线背景+周线趋势+周级动能active_up+日线标签命中，大盘bull+分批建议：盘中试探仓 + 14:45尾盘确认
2026-09-02,603995,buy,25.2,9800.0,246960.0,月线背景+周线趋势+周级动能active_up+日线标签命中，大盘bull+分批建议：盘中试探仓 + 14:45尾盘确认
2026-09-07,603995,sell,25.04,9800.0,245392.0,E1_structural_stop
2026-09-09,600256,sell,7.24,37100.0,268604.0,E2_time_stop
