code,T0,severity,event_id
000006,2024-11-12,0.42842845082189657,000006_2024-11-12
000009,2026-01-23,0.42363113304485916,000009_2026-01-23
000016,2025-10-27,0.4915540610030717,000016_2025-10-27
000020,2024-12-12,0.3300000045631825,000020_2024-12-12
000045,2024-01-02,0.3921404689861097,000045_2024-01-02
000050,2024-03-01,0.29122053391285924,000050_2024-03-01
000055,2026-01-14,0.27146172882260844,000055_2026-01-14
000056,2025-07-01,0.4093567001270448,000056_2025-07-01
000058,2024-12-02,0.2855759307602948,000058_2024-12-02
000063,2025-02-24,0.30684934095545674,000063_2025-02-24
000068,2024-03-20,0.43518516881686314,000068_2024-03-20
000078,2026-01-14,0.7126948928749547,000078_2026-01-14
000096,2024-01-02,0.23271500881853366,000096_2024-01-02
000100,2024-11-11,0.28037384127859094,000100_2024-11-11
000166,2024-11-07,0.2509668131092578,000166_2024-11-07
000409,2026-01-14,0.39403212324266396,000409_2026-01-14
000421,2024-12-03,0.33620689468895937,000421_2024-12-03
000504,2025-09-12,0.19866918495008443,000504_2025-09-12
000505,2025-12-29,0.4417314107484061,000505_2025-12-29
000514,2026-01-20,0.33026959015390733,000514_2026-01-20
000520,2024-12-13,0.4012539157779249,000520_2024-12-13
000521,2024-12-12,0.25621626330521824,000521_2024-12-12
000523,2025-06-04,0.12534819651591184,000523_2025-06-04
000526,2024-06-20,0.3706186995898592,000526_2024-06-20
000529,2026-02-09,0.301831506228325,000529_2026-02-09
000548,2025-12-03,0.22719737811316731,000548_2025-12-03
000550,2024-11-12,0.3730990077414341,000550_2024-11-12
000551,2024-01-02,0.3764044973412244,000551_2024-01-02
000557,2025-08-26,0.17294516207912883,000557_2025-08-26
000558,2026-02-10,0.4416517346079649,000558_2026-02-10
000560,2024-12-12,0.2846153947617079,000560_2024-12-12
000563,2025-10-29,0.12630236155515082,000563_2025-10-29
000564,2025-12-22,0.48888889159014287,000564_2025-12-22
000582,2025-05-22,0.12164128529528305,000582_2025-05-22
000598,2025-07-14,0.12877795472282455,000598_2025-07-14
000601,2025-08-21,0.1754386135669537,000601_2025-08-21
000612,2026-03-02,0.33538929285557667,000612_2026-03-02
000639,2026-03-27,0.6593749902309364,000639_2026-03-27
000650,2026-01-14,0.21044302292185885,000650_2026-01-14
000651,2025-08-25,0.1667842612566528,000651_2025-08-25
000656,2026-01-29,0.2866666990689966,000656_2026-01-29
000661,2026-01-12,0.39241622373339885,000661_2026-01-12
000665,2025-11-17,0.36338415674630686,000665_2025-11-17
000676,2024-10-23,0.40753139299236957,000676_2024-10-23
000677,2025-07-24,0.3181818307883761,000677_2025-07-24
000686,2026-01-06,0.24447383627868333,000686_2026-01-06
000702,2024-12-13,0.303510749455466,000702_2024-12-13
000712,2025-10-13,0.32358942562189597,000712_2025-10-13
000727,2025-03-07,0.26282052750897583,000727_2025-03-07
000728,2024-11-07,0.24001979450426836,000728_2024-11-07
000750,2024-11-07,0.3411551931864418,000750_2024-11-07
000751,2026-03-02,0.4468486819655852,000751_2026-03-02
000752,2026-01-26,0.3541850139454817,000752_2026-01-26
000757,2025-10-27,0.2558139503758636,000757_2025-10-27
000758,2026-02-27,0.3875784923056748,000758_2026-02-27
000766,2024-05-09,0.3210137217708126,000766_2024-05-09
000768,2026-03-02,0.37097636654274724,000768_2026-03-02
000777,2024-04-22,0.37330480823224454,000777_2024-04-22
000783,2024-11-07,0.25510205689167587,000783_2024-11-07
000795,2025-10-13,0.29982969158513645,000795_2025-10-13
000796,2026-02-05,0.48660712777507953,000796_2026-02-05
000799,2025-09-11,0.3670350270090615,000799_2025-09-11
000828,2026-02-11,0.12564426051869468,000828_2026-02-11
000839,2024-12-12,0.33333331292482854,000839_2024-12-12
000856,2025-02-20,0.4709371181094336,000856_2025-02-20
000876,2025-11-10,0.19203982311682044,000876_2025-11-10
000886,2026-02-10,0.39703703023421566,000886_2026-02-10
000900,2026-03-12,0.17625074066604643,000900_2026-03-12
000903,2025-07-03,0.4444444444444444,000903_2025-07-03
000915,2026-01-06,0.21136679818317697,000915_2026-01-06
000917,2026-02-24,0.484939210227426,000917_2026-02-24
000937,2024-05-29,0.321296309162438,000937_2024-05-29
000958,2026-01-14,0.25852273209111865,000958_2026-01-14
000960,2026-03-02,0.39952564967895615,000960_2026-03-02
000962,2024-01-02,0.3610023684642633,000962_2024-01-02
000966,2025-07-07,0.11102968927517971,000966_2025-07-07
001236,2025-08-15,0.2826880660538567,001236_2025-08-15
001239,2025-10-15,0.23076920295141035,001239_2025-10-15
001296,2026-01-23,0.46867870842529025,001296_2026-01-23
001313,2025-05-08,0.17977829344798296,001313_2025-05-08
001314,2025-10-20,0.311440314386842,001314_2025-10-20
001318,2025-12-01,0.3318155726313915,001318_2025-12-01
001333,2025-04-01,0.33597516251414794,001333_2025-04-01
001387,2026-02-09,0.29949604689384945,001387_2026-02-09
001696,2024-12-02,0.40013476341507465,001696_2024-12-02
002003,2025-03-19,0.19230770456509905,002003_2025-03-19
002004,2026-03-13,0.2623821370050037,002004_2026-03-13
002014,2024-04-25,0.23973875922762133,002014_2024-04-25
002032,2025-07-23,0.17773624065179017,002032_2025-07-23
002035,2024-12-12,0.24052133822827912,002035_2024-12-12
002039,2024-07-02,0.24167107532029267,002039_2024-07-02
002043,2024-12-12,0.23869943843309385,002043_2024-12-12
002045,2026-01-14,0.5268593414967562,002045_2026-01-14
002055,2025-11-17,0.2778523200483034,002055_2025-11-17
002059,2026-01-15,0.2849740668093453,002059_2026-01-15
002073,2025-09-08,0.19354840087947997,002073_2025-09-08
002086,2025-07-02,0.24115759592919256,002086_2025-07-02
002093,2026-01-12,0.5106234438479379,002093_2026-01-12
002094,2025-08-20,0.23286180247945745,002094_2025-08-20
002104,2026-02-27,0.5214343351670964,002104_2026-02-27
002110,2025-12-08,0.39468302200037964,002110_2025-12-08
002122,2024-03-06,0.5539215561852286,002122_2024-03-06
002132,2025-04-01,0.327830147881661,002132_2025-04-01
002134,2024-01-02,0.4732547745324636,002134_2024-01-02
002148,2025-11-03,0.2756866801447429,002148_2025-11-03
002154,2024-02-19,0.3916287192174844,002154_2024-02-19
002156,2024-12-30,0.2807073249366756,002156_2024-12-30
002157,2025-02-13,0.10033445498193583,002157_2025-02-13
002165,2025-07-02,0.3157407453752232,002165_2025-07-02
002172,2026-01-13,0.3869565238337131,002172_2026-01-13
002173,2026-03-13,0.5001576752634271,002173_2026-03-13
002178,2026-01-12,0.39628037949659367,002178_2026-01-12
002185,2024-11-11,0.36395512935167446,002185_2024-11-11
002186,2026-01-19,0.3433782892825368,002186_2026-01-19
002199,2025-09-30,0.3695652430747129,002199_2025-09-30
002211,2024-03-20,0.5863377518397841,002211_2024-03-20
002215,2025-11-06,0.24746291109490093,002215_2025-11-06
002223,2024-07-22,0.20969418481008692,002223_2024-07-22
002227,2025-11-14,0.5226161275873953,002227_2025-11-14
002232,2025-08-28,0.3273993909140133,002232_2025-08-28
002239,2025-09-22,0.2089136798592708,002239_2025-09-22
002243,2026-02-25,0.44592002012128834,002243_2026-02-25
002249,2025-10-28,0.33081570085261125,002249_2025-10-28
002251,2025-04-25,0.3709239361806044,002251_2025-04-25
002252,2024-12-12,0.1424870036374021,002252_2024-12-12
002258,2026-03-12,0.3093146018557201,002258_2026-03-12
002259,2026-02-06,0.46909667936204275,002259_2026-02-06
002265,2025-10-13,0.38878783550099477,002265_2025-10-13
002276,2025-03-19,0.3841463720828586,002276_2025-03-19
002277,2026-01-12,0.3409915528121914,002277_2026-01-12
002278,2024-01-04,0.44628101000134035,002278_2024-01-04
002286,2025-07-02,0.3177205693087318,002286_2025-07-02
002301,2025-12-09,0.23659673762963251,002301_2025-12-09
002313,2026-01-12,0.34719708857865383,002313_2026-01-12
002315,2024-05-07,0.3383780928285421,002315_2024-05-07
002319,2025-07-24,0.25666903861338863,002319_2025-07-24
002347,2024-12-10,0.568951267856974,002347_2024-12-10
002355,2025-06-30,0.30276383366719956,002355_2025-06-30
002356,2026-03-02,0.4655172593771397,002356_2026-03-02
002365,2025-10-15,0.34629153477882857,002365_2025-10-15
002368,2025-08-22,0.27263645382563584,002368_2025-08-22
002379,2026-03-12,0.5609024707625264,002379_2026-03-12
002387,2025-03-17,0.3838936844945153,002387_2025-03-17
002394,2024-01-04,0.31082655267061093,002394_2024-01-04
002398,2026-01-23,0.42298711721723947,002398_2026-01-23
002401,2025-11-03,0.2023609134725195,002401_2025-11-03
002402,2025-10-30,0.49742497005749,002402_2025-10-30
002413,2026-03-02,0.5433984899963313,002413_2026-03-02
002416,2024-04-01,0.31194797755409265,002416_2024-04-01
002419,2026-01-12,0.31058308420756875,002419_2026-01-12
002427,2025-08-20,0.26463417167324393,002427_2025-08-20
002453,2026-01-12,0.41430698909241603,002453_2026-01-12
002456,2024-11-12,0.40762622495455175,002456_2024-11-12
002468,2025-09-22,0.3396325453505978,002468_2025-09-22
002471,2024-01-02,0.4106582936758654,002471_2024-01-02
002474,2026-01-12,0.4958904202401982,002474_2026-01-12
002488,2024-01-16,0.4148648327586371,002488_2024-01-16
002495,2024-03-21,0.46694215949004264,002495_2024-03-21
002512,2026-01-12,0.5944881969410004,002512_2026-01-12
002513,2024-01-02,0.5214899641244269,002513_2024-01-02
002514,2025-11-11,0.594444428977945,002514_2025-11-11
002535,2024-01-02,0.45691382765531063,002535_2024-01-02
002538,2026-03-06,0.31051343243400514,002538_2026-03-06
002540,2024-01-02,0.2921013488527752,002540_2024-01-02
002545,2026-03-02,0.47663553321502805,002545_2026-03-02
002547,2026-01-12,0.5443298994906905,002547_2026-01-12
002550,2025-10-31,0.2666666461458762,002550_2025-10-31
002551,2025-11-14,0.21394234605859616,002551_2025-11-14
002553,2025-11-03,0.2970296823271683,002553_2025-11-03
002561,2026-01-13,0.3651452142809407,002561_2026-01-13
002566,2025-12-03,0.238938503766772,002566_2025-12-03
002570,2025-11-10,0.277611928930396,002570_2025-11-10
002574,2025-06-04,0.2639257782804337,002574_2025-06-04
002578,2025-12-08,0.36080582733096417,002578_2025-12-08
002579,2025-07-03,0.31858972425107124,002579_2025-07-03
002582,2025-05-20,0.1779705957564488,002582_2025-05-20
002590,2024-11-11,0.302009062600476,002590_2024-11-11
002593,2024-01-04,0.3878504460652018,002593_2024-01-04
002640,2025-10-29,0.38403037125628386,002640_2025-10-29
002641,2024-01-12,0.459207498612046,002641_2024-01-12
002654,2025-10-20,0.27958235025277384,002654_2025-10-20
002660,2024-01-02,0.5726872433387763,002660_2024-01-02
002673,2026-01-06,0.23163253437770678,002673_2026-01-06
002676,2026-01-23,0.48135385788887153,002676_2026-01-23
002677,2026-02-26,0.4256775466082967,002677_2026-02-26
002679,2026-01-26,0.4255604148899668,002679_2026-01-26
002691,2026-02-09,0.6463158155688837,002691_2026-02-09
002692,2024-01-04,0.426877495992261,002692_2024-01-04
002693,2025-02-13,0.6225546518047484,002693_2025-02-13
002695,2025-09-11,0.2760084906101948,002695_2025-09-11
002702,2026-02-05,0.4694408394896697,002702_2026-02-05
002714,2026-01-06,0.36327465847718265,002714_2026-01-06
002719,2026-03-10,0.48884384207873144,002719_2026-03-10
002721,2025-08-21,0.2840095351245645,002721_2025-08-21
002722,2024-01-02,0.3964194664907424,002722_2024-01-02
002730,2025-08-18,0.2261146921429332,002730_2025-08-18
002734,2026-02-27,0.4182372421099577,002734_2026-02-27
002736,2026-01-06,0.28967617592226114,002736_2026-01-06
002743,2025-08-26,0.2047619050952911,002743_2025-08-26
002749,2025-11-13,0.19785496192542934,002749_2025-11-13
002755,2025-11-14,0.31538855165966045,002755_2025-11-14
002786,2024-11-11,0.448056529518078,002786_2024-11-11
002787,2024-12-02,0.41181164812471066,002787_2024-12-02
002793,2025-11-14,0.26343153695365157,002793_2025-11-14
002811,2024-01-02,0.5118343217461684,002811_2024-01-02
002820,2026-02-10,0.3697873653770305,002820_2026-02-10
002830,2024-01-02,0.4758170336176754,002830_2024-01-02
002841,2025-10-27,0.2618665844986036,002841_2025-10-27
002843,2024-03-04,0.48812431101301146,002843_2024-03-04
002847,2025-06-04,0.30921192758972643,002847_2025-06-04
002848,2024-03-04,0.4093959615170503,002848_2024-03-04
002853,2025-05-13,0.22348234046525578,002853_2025-05-13
002858,2026-01-12,0.41460610655365066,002858_2026-01-12
002882,2024-04-09,0.3488627071172076,002882_2024-04-09
002883,2024-01-31,0.3888888888888889,002883_2024-01-31
002888,2024-01-04,0.611229589655292,002888_2024-01-04
002897,2024-11-11,0.31419880125383093,002897_2024-11-11
002898,2025-10-27,0.30680275168261206,002898_2025-10-27
002899,2024-01-02,0.4816326327735854,002899_2024-01-02
002900,2025-07-29,0.2538921744916717,002900_2025-07-29
002901,2026-01-13,0.2353955029765822,002901_2026-01-13
002907,2025-11-14,0.2577855104498081,002907_2025-11-14
002912,2026-02-27,0.47648276467799316,002912_2026-02-27
002915,2025-09-16,0.37748771802929887,002915_2025-09-16
002917,2026-01-22,0.3560263204891828,002917_2026-01-22
002920,2026-01-12,0.427025210027907,002920_2026-01-12
002928,2026-02-09,0.49368153590804037,002928_2026-02-09
002936,2025-11-14,0.14492754562642782,002936_2025-11-14
002938,2025-09-22,0.3331757408858076,002938_2025-09-22
002939,2026-01-06,0.26384973077102924,002939_2026-01-06
002940,2025-11-14,0.4159283419645426,002940_2025-11-14
002941,2026-03-09,0.43618937359026383,002941_2026-03-09
002949,2025-02-20,0.3401118488538354,002949_2025-02-20
002976,2024-01-02,0.5642260050351101,002976_2024-01-02
002988,2025-11-17,0.32592060710833953,002988_2025-11-17
003000,2025-06-04,0.25961896691768716,003000_2025-06-04
003001,2024-01-02,0.4876344052144221,003001_2024-01-02
003003,2024-01-03,0.4579438937287149,003003_2024-01-03
003008,2024-01-04,0.4680325033797827,003008_2024-01-04
003017,2025-10-21,0.1721789638618865,003017_2025-10-21
003020,2026-01-12,0.3657540675173885,003020_2026-01-12
003036,2025-09-09,0.25543474841228336,003036_2025-09-09
003040,2025-08-14,0.3609721435698477,003040_2025-08-14
003816,2024-11-21,0.1842105552892601,003816_2024-11-21
300010,2025-08-26,0.33786613996197284,300010_2025-08-26
300011,2024-01-02,0.43478263074762163,300011_2024-01-02
300014,2025-11-07,0.31326547654641174,300014_2025-11-07
300022,2025-08-26,0.1617161611958736,300022_2025-08-26
300024,2024-12-04,0.38217390813151514,300024_2024-12-04
300033,2024-12-05,0.2780629051236764,300033_2024-12-05
300039,2025-08-20,0.13505746661248902,300039_2025-08-20
300047,2024-03-12,0.3063136380721005,300047_2024-03-12
300050,2024-12-12,0.4320000361171193,300050_2024-12-12
300053,2024-11-11,0.4580679588049401,300053_2024-11-11
300061,2024-12-12,0.42882457179084243,300061_2024-12-12
300065,2026-03-10,0.5080232145221315,300065_2026-03-10
300068,2025-11-06,0.73539352756059,300068_2025-11-06
300076,2024-12-16,0.3815142765676525,300076_2024-12-16
300083,2025-09-17,0.3434704695808382,300083_2025-09-17
300084,2024-01-02,0.4135240580067248,300084_2024-01-02
300085,2025-09-17,0.4006689115787588,300085_2025-09-17
300092,2025-10-31,0.2550966724763407,300092_2025-10-31
300094,2026-01-12,0.411057678849297,300094_2026-01-12
300102,2024-12-12,0.3006087802076296,300102_2024-12-12
300106,2025-04-10,0.2449128304735042,300106_2025-04-10
300111,2026-01-12,0.6255143994530331,300111_2026-01-12
300118,2026-02-04,0.6270833473682792,300118_2026-02-04
300119,2025-10-15,0.2415780153671621,300119_2025-10-15
300121,2025-11-17,0.3036262731957083,300121_2025-11-17
300127,2024-12-04,0.35888888289934034,300127_2024-12-04
300132,2026-02-27,0.4415983738701632,300132_2026-02-27
300135,2024-11-20,0.3861209884156938,300135_2024-11-20
300136,2024-11-13,0.3845113458360189,300136_2024-11-13
300141,2024-01-02,0.5070955583112478,300141_2024-01-02
300147,2024-12-12,0.643114658265332,300147_2024-12-12
300151,2024-11-21,0.47247909561994733,300151_2024-11-21
300158,2025-11-14,0.24694713513968808,300158_2025-11-14
300159,2024-12-10,0.6268292491535309,300159_2024-12-10
300169,2024-11-07,0.5175834161205093,300169_2024-11-07
300174,2025-09-08,0.17727022356842437,300174_2025-09-08
300184,2025-09-23,0.22730917864814618,300184_2025-09-23
300188,2026-01-12,0.42786378538035225,300188_2026-01-12
300211,2025-10-10,0.26285157158539574,300211_2025-10-10
300213,2025-09-16,0.38171140767065026,300213_2025-09-16
300217,2026-02-09,0.3714830281670953,300217_2026-02-09
300218,2025-11-14,0.23532579147022636,300218_2025-11-14
300220,2025-08-20,0.24179430367950452,300220_2025-08-20
300228,2024-03-21,0.3717789976079393,300228_2024-03-21
300240,2025-09-16,0.25620763865763846,300240_2025-09-16
300243,2024-05-17,0.5216674356507841,300243_2024-05-17
300247,2024-01-09,0.37765957618003304,300247_2024-01-09
300253,2025-03-10,0.3421450478649436,300253_2025-03-10
300255,2025-12-11,0.5560597329827079,300255_2025-12-11
300256,2026-01-14,0.4268867684363766,300256_2026-01-14
300261,2025-11-03,0.2718326881089445,300261_2025-11-03
300269,2024-03-18,0.5719769588214695,300269_2024-03-18
300270,2025-03-12,0.35555560334892045,300270_2025-03-12
300277,2026-03-05,0.5575053005769286,300277_2026-03-05
300281,2024-01-02,0.4925619759909974,300281_2024-01-02
300283,2024-01-02,0.45101084540537917,300283_2024-01-02
300292,2024-12-13,0.3197279122539831,300292_2024-12-13
300293,2025-10-13,0.393793838808674,300293_2025-10-13
300303,2024-12-12,0.3088435376689013,300303_2024-12-12
300313,2024-01-17,0.5141294705973615,300313_2024-01-17
300319,2024-11-11,0.38169496532535163,300319_2024-11-11
300342,2024-12-12,0.332009931223813,300342_2024-12-12
300346,2024-11-11,0.24260100588408698,300346_2024-11-11
300348,2025-08-25,0.2926303995589444,300348_2025-08-25
300349,2025-03-14,0.23989030144175272,300349_2025-03-14
300351,2024-01-03,0.4380127602429692,300351_2024-01-03
300354,2025-10-31,0.37766255000347276,300354_2025-10-31
300357,2026-01-13,0.3314671018734282,300357_2026-01-13
300359,2025-08-25,0.20940821270911172,300359_2025-08-25
300364,2024-12-11,0.4099041838355234,300364_2024-12-11
300368,2026-01-06,0.5301507212687802,300368_2026-01-06
300373,2024-11-11,0.23058957096525584,300373_2024-11-11
300375,2024-11-11,0.2958257785399934,300375_2024-11-11
300387,2024-01-03,0.4479041873564395,300387_2024-01-03
300401,2024-11-07,0.27767801427494626,300401_2024-11-07
300413,2026-02-10,0.49649123816108853,300413_2026-02-10
300415,2024-11-11,0.25118107385794847,300415_2024-11-11
300418,2025-02-05,0.37416688419866884,300418_2025-02-05
300427,2026-03-09,0.6582914643363199,300427_2026-03-09
300438,2025-03-03,0.3491773241543577,300438_2025-03-03
300439,2025-08-12,0.17691658958891768,300439_2025-08-12
300442,2025-02-24,0.40214629628294857,300442_2025-02-24
300453,2024-12-03,0.17129633160269825,300453_2024-12-03
300455,2024-11-11,0.3186881292749811,300455_2024-11-11
300456,2026-02-26,0.5318417340002565,300456_2026-02-26
300466,2026-03-09,0.3538011375023646,300466_2026-03-09
300474,2025-10-09,0.33634719525569484,300474_2025-10-09
300484,2024-05-09,0.4709721320988279,300484_2024-05-09
300488,2024-01-04,0.37969923898647306,300488_2024-01-04
300489,2025-03-10,0.33418586590240285,300489_2025-03-10
300491,2025-09-08,0.3874501644466464,300491_2025-09-08
300500,2026-02-24,0.4032011803407861,300500_2026-02-24
300513,2026-01-13,0.38602943744717116,300513_2026-01-13
300515,2025-10-24,0.23736465085394873,300515_2025-10-24
300519,2025-12-03,0.22920532280861008,300519_2025-12-03
300523,2026-02-24,0.3147860404523472,300523_2026-02-24
300534,2024-01-03,0.3930530143701865,300534_2024-01-03
300539,2025-12-30,0.538707182595176,300539_2025-12-30
300540,2024-11-07,0.3195035795932966,300540_2024-11-07
300542,2024-12-16,0.4878228669932039,300542_2024-12-16
300543,2024-01-02,0.5223336309416668,300543_2024-01-02
300546,2025-10-27,0.2814327033349924,300546_2025-10-27
300561,2025-01-14,0.8265126381029626,300561_2025-01-14
300577,2025-01-20,0.344524971209376,300577_2025-01-20
300584,2025-11-14,0.47774687037322955,300584_2025-11-14
300587,2025-11-17,0.37032420846414393,300587_2025-11-17
300588,2026-01-14,0.38838226839356726,300588_2026-01-14
300591,2025-12-30,0.366062933859544,300591_2025-12-30
300599,2024-01-02,0.47317076501747957,300599_2024-01-02
300600,2025-11-24,0.40930981496469526,300600_2025-11-24
300603,2025-09-24,0.23990305151503963,300603_2025-09-24
300606,2024-03-21,0.4004954565554036,300606_2024-03-21
300614,2026-03-10,0.4833836604712145,300614_2026-03-10
300618,2026-02-27,0.41857392027941903,300618_2026-02-27
300622,2025-02-25,0.3878637461970571,300622_2025-02-25
300625,2026-03-18,0.34797791896137975,300625_2026-03-18
300626,2024-01-02,0.570397113622204,300626_2024-01-02
300629,2024-12-12,0.3321299152636112,300629_2024-12-12
300632,2024-01-02,0.42292492022691874,300632_2024-01-02
300637,2025-10-13,0.27112678942770496,300637_2025-10-13
300640,2024-01-02,0.477064189586731,300640_2024-01-02
300641,2024-06-12,0.5007100699325391,300641_2024-06-12
300642,2025-10-17,0.45528740095707326,300642_2025-10-17
300650,2025-11-17,0.3056379429553571,300650_2025-11-17
300668,2024-01-15,0.4171237241840873,300668_2024-01-15
300674,2025-07-11,0.3082926929403425,300674_2025-07-11
300677,2024-12-12,0.2694885318185319,300677_2024-12-12
300690,2024-12-10,0.3692307371056124,300690_2024-12-10
300698,2025-06-24,0.2710316048707073,300698_2025-06-24
300701,2026-01-21,0.39711946366016543,300701_2026-01-21
300703,2026-01-14,0.5642522033155897,300703_2026-01-14
300713,2025-11-13,0.24362184556182445,300713_2025-11-13
300718,2025-09-16,0.325204384507855,300718_2025-09-16
300719,2024-12-12,0.37732254609830085,300719_2024-12-12
300721,2025-07-01,0.19679488632358805,300721_2025-07-01
300738,2025-05-06,0.2650120252855841,300738_2025-05-06
300740,2024-05-09,0.4988751248617424,300740_2024-05-09
300755,2026-01-29,0.4521276340000741,300755_2026-01-29
300756,2025-12-25,0.3676998473543108,300756_2025-12-25
300761,2024-11-07,0.2266374952684323,300761_2024-11-07
300772,2024-12-02,0.37699683847042487,300772_2024-12-02
300779,2025-12-19,0.5738962124363026,300779_2025-12-19
300798,2024-01-04,0.4596100604982639,300798_2024-01-04
300803,2025-09-17,0.4229401614140495,300803_2025-09-17
300804,2026-03-13,0.4518540713722843,300804_2026-03-13
300809,2024-01-02,0.3895595573401885,300809_2024-01-02
300823,2024-01-02,0.5115761459455122,300823_2024-01-02
300825,2025-11-03,0.31058021070132613,300825_2025-11-03
300826,2025-09-17,0.16287878424999652,300826_2025-09-17
300827,2024-12-09,0.4948330761976006,300827_2024-12-09
300832,2024-12-30,0.3045473112784408,300832_2024-12-30
300840,2025-03-12,0.3848285395267315,300840_2025-03-12
300841,2025-12-01,0.4447186510970571,300841_2025-12-01
300843,2025-01-22,0.37783637140363596,300843_2025-01-22
300853,2025-08-06,0.2890365291110459,300853_2025-08-06
300860,2026-01-12,0.25367284334584445,300860_2026-01-12
300862,2024-02-29,0.2888096743898912,300862_2024-02-29
300869,2026-01-26,0.37591241595995717,300869_2026-01-26
300879,2025-07-07,0.3749999784953229,300879_2025-07-07
300880,2024-12-09,0.22673965186901907,300880_2024-12-09
300885,2024-01-02,0.49668875783960054,300885_2024-01-02
300889,2024-01-02,0.545508252872594,300889_2024-01-02
300892,2024-12-12,0.4507103907045926,300892_2024-12-12
300893,2024-03-18,0.21280227640173316,300893_2024-03-18
300897,2025-10-16,0.2915118082136061,300897_2025-10-16
300913,2024-05-27,0.37959647410191927,300913_2024-05-27
300916,2025-11-05,0.27678566596230464,300916_2025-11-05
300917,2024-11-07,0.5021276821859316,300917_2024-11-07
300918,2025-09-16,0.4822101370844799,300918_2025-09-16
300920,2024-01-02,0.5072735564986057,300920_2024-01-02
300923,2024-01-02,0.524839761688534,300923_2024-01-02
300946,2026-01-12,0.3661410588493718,300946_2026-01-12
300960,2024-01-04,0.5333037301964471,300960_2024-01-04
300993,2025-11-04,0.4190054328857593,300993_2025-11-04
301001,2025-01-09,0.4731961168162214,301001_2025-01-09
301010,2026-03-18,0.40964359907736075,301010_2026-03-18
301019,2026-01-14,0.3344543742273078,301019_2026-01-14
301037,2024-01-02,0.5666342333917525,301037_2024-01-02
301038,2025-10-23,0.36874002422315877,301038_2025-10-23
301043,2024-01-02,0.4162949751694467,301043_2024-01-02
301052,2026-01-12,0.5318161464093828,301052_2026-01-12
301056,2026-02-03,0.4914126821230204,301056_2026-02-03
301062,2025-03-19,0.2914622331616309,301062_2025-03-19
301065,2026-03-10,0.31295614859173876,301065_2026-03-10
301076,2025-09-17,0.4434435529552827,301076_2025-09-17
301082,2025-11-07,0.24456576839536512,301082_2025-11-07
301089,2026-01-27,0.41838807286679786,301089_2026-01-27
301091,2024-11-06,0.5213882070249185,301091_2024-11-06
301113,2026-03-10,0.39418266708365685,301113_2026-03-10
301117,2026-03-10,0.6898638170462332,301117_2026-03-10
301136,2026-01-12,0.5595727087424177,301136_2026-01-12
301139,2025-07-09,0.34881168674391894,301139_2025-07-09
301141,2025-10-13,0.3555055756572621,301141_2025-10-13
301151,2025-10-28,0.20550288125614152,301151_2025-10-28
301152,2025-03-03,0.3688445828598024,301152_2025-03-03
301161,2025-09-23,0.32234168049980655,301161_2025-09-23
301162,2026-03-12,0.4001683074625486,301162_2026-03-12
301168,2026-01-23,0.2191833292599357,301168_2026-01-23
301225,2026-01-19,0.5693641798364779,301225_2026-01-19
301234,2026-01-09,0.30585920342997125,301234_2026-01-09
301256,2026-01-15,0.488661461438289,301256_2026-01-15
301257,2024-01-15,0.4682567065872104,301257_2024-01-15
301268,2026-03-12,0.5467378943368243,301268_2026-03-12
301272,2025-10-09,0.29995545106709187,301272_2025-10-09
301296,2025-09-11,0.18625497067097196,301296_2025-09-11
301297,2024-12-20,0.33559047426653477,301297_2024-12-20
301316,2025-10-31,0.2932976176067741,301316_2025-10-31
301331,2025-11-13,0.24559106030991829,301331_2025-11-13
301339,2025-03-11,0.23706563706563707,301339_2025-03-11
301357,2026-01-09,0.5247253631436262,301357_2026-01-09
301358,2025-03-03,0.3991150610767432,301358_2025-03-03
301421,2025-10-13,0.38397578599670007,301421_2025-10-13
301456,2026-01-19,0.3779930082465844,301456_2026-01-19
301503,2025-10-29,0.1816143452836079,301503_2025-10-29
301511,2025-08-13,0.32469080092758107,301511_2025-08-13
301533,2026-01-30,0.449386935426205,301533_2026-01-30
600000,2025-09-11,0.3201133007766315,600000_2025-09-11
600007,2025-01-27,0.1466346509137701,600007_2025-01-27
600008,2024-12-12,0.13742694118126372,600008_2024-12-12
600016,2025-11-20,0.16190477537991596,600016_2025-11-20
600017,2025-07-24,0.11607586154005925,600017_2025-07-24
600023,2024-09-30,0.23625551275414017,600023_2024-09-30
600025,2024-09-30,0.2632034700126689,600025_2024-09-30
600027,2024-06-13,0.3061275308896488,600027_2024-06-13
600029,2026-02-09,0.39806997699860003,600029_2026-02-09
600038,2024-11-11,0.24755555867094045,600038_2024-11-11
600059,2025-06-30,0.1805682814154911,600059_2025-06-30
600061,2025-10-29,0.19130433229467597,600061_2025-10-29
600071,2025-02-07,0.2934738584268366,600071_2025-02-07
600073,2025-06-03,0.20837155142084107,600073_2025-06-03
600082,2026-02-11,0.4439461864024342,600082_2026-02-11
600095,2026-01-06,0.3711167307619586,600095_2026-01-06
600104,2025-12-15,0.33164558483078455,600104_2025-12-15
600115,2026-02-09,0.4507042153492122,600115_2026-02-09
600148,2024-03-20,0.25974028443183805,600148_2024-03-20
600155,2024-03-21,0.2928039511230315,600155_2024-03-21
600163,2024-12-24,0.25232197603304923,600163_2024-12-24
600168,2024-01-03,0.26431720451986596,600168_2024-01-03
600186,2024-01-03,0.46337577544090713,600186_2024-01-03
600203,2024-11-06,0.4631579181230293,600203_2024-11-06
600208,2025-10-15,0.35490605549916554,600208_2025-10-15
600212,2025-11-14,0.21920905445283254,600212_2025-11-14
600218,2026-01-21,0.38962108722881783,600218_2026-01-21
600221,2025-12-22,0.2684210925831898,600221_2025-12-22
600223,2025-08-21,0.15402569485859022,600223_2025-08-21
600243,2024-03-26,0.5580986140142614,600243_2024-03-26
600276,2026-01-13,0.28506657098033444,600276_2026-01-13
600279,2024-01-04,0.23922410628404492,600279_2024-01-04
600282,2026-03-02,0.21921980673185013,600282_2026-03-02
600292,2024-01-04,0.3301887317007668,600292_2024-01-04
600309,2026-03-02,0.27855820654487157,600309_2026-03-02
600310,2024-11-06,0.28622539992881313,600310_2024-11-06
600327,2025-12-19,0.41637010961722803,600327_2025-12-19
600346,2026-03-02,0.4245661210162854,600346_2026-03-02
600365,2025-12-02,0.24576270904873518,600365_2025-12-02
600369,2024-12-12,0.2603773422342426,600369_2024-12-12
600376,2025-11-18,0.4112792199060062,600376_2025-11-18
600380,2026-01-13,0.22176637170024252,600380_2026-01-13
600386,2025-03-20,0.23255814151730214,600386_2025-03-20
600406,2024-12-24,0.134310642787825,600406_2024-12-24
600419,2025-11-13,0.17353786372533983,600419_2025-11-13
600435,2026-03-02,0.4836112148050755,600435_2026-03-02
600439,2024-12-09,0.33928567431459455,600439_2024-12-09
600444,2025-12-12,0.2932932764553898,600444_2025-12-12
600461,2024-08-02,0.2963576104049961,600461_2024-08-02
600463,2025-08-07,0.16025137339619983,600463_2025-08-07
600468,2024-01-02,0.41728763501533145,600468_2024-01-02
600475,2026-03-10,0.45192671321157435,600475_2026-03-10
600482,2024-11-11,0.24132302949881096,600482_2024-11-11
600483,2024-10-08,0.17180207877667006,600483_2024-10-08
600487,2024-11-11,0.2446530719047762,600487_2024-11-11
600489,2024-09-30,0.21315786920202207,600489_2024-09-30
600495,2026-01-26,0.3154761737825134,600495_2026-01-26
600505,2025-07-07,0.28246939592298165,600505_2025-07-07
600543,2024-12-12,0.3573573660594579,600543_2024-12-12
600547,2024-09-30,0.2248187819016452,600547_2024-09-30
600548,2025-04-10,0.1527981257410936,600548_2025-04-10
600566,2024-07-22,0.2922896193627804,600566_2024-07-22
600570,2025-10-09,0.2929521715522245,600570_2025-10-09
600579,2026-01-12,0.3116329030738769,600579_2026-01-12
600580,2025-12-30,0.3561656593538991,600580_2025-12-30
600583,2024-04-19,0.2801167092811698,600583_2024-04-19
600605,2025-09-24,0.26346969889689675,600605_2025-09-24
600609,2025-05-07,0.21379305502456306,600609_2025-05-07
600610,2025-08-26,0.31923894272640857,600610_2025-08-26
600612,2024-04-03,0.4351535614457998,600612_2024-04-03
600616,2025-08-20,0.12333338845387597,600616_2025-08-20
600621,2024-03-18,0.26483729070935014,600621_2024-03-18
600635,2026-01-12,0.41004188450917817,600635_2026-01-12
600650,2025-08-26,0.19608969602220802,600650_2025-08-26
600653,2026-01-23,0.2500000453564436,600653_2026-01-23
600658,2025-10-29,0.31162794757214674,600658_2025-10-29
600660,2025-12-31,0.24349161883144754,600660_2025-12-31
600661,2024-12-12,0.37585736802220826,600661_2024-12-12
600668,2025-08-26,0.14263194292435144,600668_2025-08-26
600675,2024-01-29,0.4730021945565735,600675_2024-01-29
600679,2024-01-29,0.40000001531826723,600679_2024-01-29
600681,2025-11-12,0.2791971143869767,600681_2025-11-12
600684,2024-01-29,0.39949746719120105,600684_2024-01-29
600689,2024-01-29,0.545454535987375,600689_2024-01-29
600697,2026-02-05,0.33360365882317405,600697_2026-02-05
600704,2025-10-27,0.1907260009993787,600704_2025-10-27
600707,2025-03-18,0.27810651221390054,600707_2025-03-18
600715,2025-11-17,0.28195486806616227,600715_2025-11-17
600734,2026-01-15,0.724324311518076,600734_2026-01-15
600735,2025-08-26,0.49594436257056107,600735_2025-08-26
600736,2024-11-22,0.30248623748838954,600736_2024-11-22
600737,2026-01-30,0.41657273302660386,600737_2026-01-30
600738,2025-07-01,0.17983189672006597,600738_2025-07-01
600745,2025-11-10,0.5541414816629303,600745_2025-11-10
600751,2026-02-09,0.3674787929361139,600751_2026-02-09
600757,2025-07-11,0.1599597968460144,600757_2025-07-11
600778,2025-03-03,0.25336929178446493,600778_2025-03-03
600787,2024-12-03,0.38857779971654804,600787_2024-12-03
600792,2024-03-01,0.3641508984393372,600792_2024-03-01
600793,2025-05-26,0.40662004927536755,600793_2025-05-26
600794,2025-08-21,0.23395441157459065,600794_2025-08-21
600795,2024-09-30,0.23465835869333687,600795_2024-09-30
600797,2026-02-27,0.4535714334427231,600797_2026-02-27
600801,2026-01-26,0.39665525379210875,600801_2026-01-26
600808,2026-01-26,0.4639639608753338,600808_2026-01-26
600816,2025-02-07,0.24046920799924507,600816_2025-02-07
600824,2025-12-25,0.3624031220759722,600824_2025-12-25
600829,2024-01-04,0.35906863278584017,600829_2024-01-04
600830,2024-11-07,0.3534693652610044,600830_2024-11-07
600833,2026-01-23,0.3374113251022363,600833_2026-01-23
600843,2024-12-02,0.4185639182769656,600843_2024-12-02
600846,2026-01-16,0.36970118140225444,600846_2026-01-16
600857,2025-11-10,0.38131867424967725,600857_2025-11-10
600858,2026-01-20,0.40985010402190886,600858_2026-01-20
600864,2024-12-12,0.277278544792676,600864_2024-12-12
600873,2025-07-30,0.14592271605489796,600873_2025-07-30
600874,2024-12-12,0.14720000053534288,600874_2024-12-12
600876,2026-02-09,0.45149913949330317,600876_2026-02-09
600886,2024-09-30,0.18761060809258176,600886_2024-09-30
600889,2026-02-25,0.2905888933644535,600889_2026-02-25
600894,2025-04-25,0.16500826915419345,600894_2025-04-25
600900,2024-09-30,0.10249587792845453,600900_2024-09-30
600906,2025-08-22,0.15755366462330095,600906_2025-08-22
600909,2024-12-12,0.21150857568350803,600909_2024-12-12
600918,2025-10-09,0.16923076228162845,600918_2025-10-09
600928,2025-10-27,0.17899767845548337,600928_2025-10-27
600967,2025-10-13,0.36287315209798693,600967_2025-10-13
600975,2024-03-21,0.498550720498078,600975_2024-03-21
600985,2024-05-29,0.31496041322280355,600985_2024-05-29
600986,2025-03-21,0.31778422959906366,600986_2025-03-21
601000,2024-09-30,0.22243711793371776,601000_2024-09-30
601008,2025-08-12,0.21240310671152474,601008_2025-08-12
601020,2026-03-02,0.5676340498724495,601020_2026-03-02
601021,2026-02-05,0.2654777690805253,601021_2026-02-05
601088,2024-12-31,0.18698254713734414,601088_2024-12-31
601096,2026-03-09,0.4267338475710213,601096_2026-03-09
601101,2024-12-04,0.27352296707533924,601101_2024-12-04
601111,2026-02-09,0.3659066308919814,601111_2026-02-09
601113,2026-02-25,0.3569979740123767,601113_2026-02-25
601117,2024-12-25,0.20470585493975843,601117_2024-12-25
601121,2026-03-02,0.36003635461610095,601121_2026-03-02
601127,2026-01-07,0.5394887778321026,601127_2026-01-07
601137,2025-10-09,0.3271487875234051,601137_2025-10-09
601138,2024-11-11,0.4283599030824248,601138_2024-11-11
601156,2024-07-01,0.30468373401541204,601156_2024-07-01
601158,2024-01-29,0.17184279719647516,601158_2024-01-29
601162,2024-10-31,0.4140625215175025,601162_2024-10-31
601179,2024-12-24,0.24787132197358322,601179_2024-12-24
601188,2024-01-09,0.41056911592302664,601188_2024-01-09
601212,2024-05-20,0.29295775100264015,601212_2024-05-20
601228,2026-03-12,0.2209944820829311,601228_2026-03-12
601236,2026-01-12,0.22780207065470556,601236_2026-01-12
601279,2025-12-24,0.44827586798843944,601279_2025-12-24
601318,2026-02-09,0.28946160234268536,601318_2026-02-09
601326,2024-12-06,0.12957749591321568,601326_2024-12-06
601375,2025-10-29,0.16274094302399067,601375_2025-10-29
601399,2026-01-12,0.5226209023990935,601399_2026-01-12
601500,2025-02-11,0.20422535121771318,601500_2025-02-11
601528,2025-08-25,0.09401710978718608,601528_2025-08-25
601555,2025-08-22,0.1482356176882602,601555_2025-08-22
601567,2024-06-18,0.24053751472591556,601567_2024-06-18
601595,2024-04-29,0.48113890211147914,601595_2024-04-29
601598,2025-12-03,0.1450617297211137,601598_2025-12-03
601600,2024-10-14,0.3016213865839723,601600_2024-10-14
601601,2024-12-10,0.1944060131758582,601601_2024-12-10
601606,2026-01-09,0.49778718531719296,601606_2026-01-09
601609,2025-10-09,0.3286350456678842,601609_2025-10-09
601616,2025-03-12,0.28460041193672886,601616_2025-03-12
601628,2026-01-13,0.36331570056899004,601628_2026-01-13
601658,2025-10-28,0.17784301893114227,601658_2025-10-28
601766,2024-12-10,0.24228029481003432,601766_2024-12-10
601798,2025-11-03,0.21098266340824187,601798_2025-11-03
601827,2024-12-12,0.13904341706159323,601827_2024-12-12
601838,2025-10-16,0.1710455289735698,601838_2025-10-16
601860,2025-10-23,0.09798674702789849,601860_2025-10-23
601872,2024-09-30,0.21862585039843568,601872_2024-09-30
601888,2026-02-09,0.4756951420049101,601888_2026-02-09
601900,2025-07-11,0.17661772248563604,601900_2025-07-11
601916,2025-11-20,0.07911389576318985,601916_2025-11-20
601918,2024-07-09,0.3349420777092845,601918_2024-07-09
601928,2025-08-28,0.139693957850075,601928_2025-08-28
601985,2024-09-30,0.17223550018732542,601985_2024-09-30
601990,2024-11-07,0.23741088846669367,601990_2024-11-07
603015,2024-01-09,0.4868548930019208,603015_2024-01-09
603016,2025-02-26,0.3803143629786694,603016_2025-02-26
603019,2024-03-11,0.3621246013289025,603019_2024-03-11
603022,2024-01-11,0.3846153409624944,603022_2024-01-11
603025,2024-12-11,0.26658550900963296,603025_2024-12-11
603030,2026-01-26,0.4372990320734538,603030_2026-01-26
603036,2024-12-11,0.32955773543950584,603036_2024-12-11
603037,2026-01-23,0.5557903940263172,603037_2026-01-23
603048,2024-01-04,0.47168879272114456,603048_2024-01-04
603050,2024-09-30,0.24815820656537857,603050_2024-09-30
603055,2024-11-11,0.2698795226611278,603055_2024-11-11
603081,2026-01-30,0.43551288766811175,603081_2026-01-30
603088,2024-12-11,0.3835919866561657,603088_2024-12-11
603093,2024-01-25,0.34759117243679166,603093_2024-01-25
603095,2025-03-25,0.19772177472668845,603095_2025-03-25
603096,2025-02-17,0.2042513861499952,603096_2025-02-17
603099,2026-01-15,0.3337294242594594,603099_2026-01-15
603118,2025-09-30,0.21075582891066028,603118_2025-09-30
603121,2025-07-21,0.4094896354033748,603121_2025-07-21
603156,2024-05-09,0.2995594218469755,603156_2024-05-09
603160,2024-11-11,0.32250313082013293,603160_2024-11-11
603168,2024-01-10,0.5138332115969905,603168_2024-01-10
603173,2025-10-10,0.31576998038680476,603173_2025-10-10
603185,2026-01-06,0.5475471914768274,603185_2026-01-06
603189,2025-10-31,0.48072850123969746,603189_2025-10-31
603193,2025-07-28,0.3270772385981102,603193_2025-07-28
603199,2026-03-20,0.2705194369683228,603199_2026-03-20
603213,2025-08-19,0.14780901626892587,603213_2025-08-19
603214,2025-07-30,0.2355170686325238,603214_2025-07-30
603232,2026-02-09,0.541681422178197,603232_2026-02-09
603236,2025-10-09,0.3295949255478389,603236_2025-10-09
603255,2025-11-17,0.2968330837279709,603255_2025-11-17
603258,2025-08-26,0.24489798497551912,603258_2025-08-26
603275,2025-09-17,0.308036492729286,603275_2025-09-17
603300,2025-08-26,0.4168820150777275,603300_2025-08-26
603312,2026-03-11,0.39789585235940367,603312_2026-03-11
603359,2026-02-26,0.7246175229151529,603359_2026-02-26
603390,2025-07-10,0.19836589998424345,603390_2025-07-10
603393,2024-11-21,0.23778883824554198,603393_2024-11-21
603444,2026-01-13,0.3137901280991406,603444_2026-01-13
603508,2025-10-29,0.293313526120121,603508_2025-10-29
603528,2026-01-12,0.5158172215248055,603528_2026-01-12
603536,2025-12-02,0.39946201653750896,603536_2025-12-02
603568,2026-03-02,0.3875464589940309,603568_2026-03-02
603579,2026-01-06,0.40048358800774647,603579_2026-01-06
603580,2024-05-07,0.40344104191811114,603580_2024-05-07
603600,2024-01-25,0.3138461253030328,603600_2024-01-25
603606,2024-12-03,0.22361725881450759,603606_2024-12-03
603611,2025-10-27,0.24176677224340223,603611_2025-10-27
603618,2024-01-02,0.41950461958335616,603618_2024-01-02
603619,2024-05-29,0.3470045957862743,603619_2024-05-29
603626,2024-01-03,0.5340425792541296,603626_2024-01-03
603628,2024-03-11,0.4127291206023281,603628_2024-03-11
603633,2025-09-22,0.4547494371186933,603633_2025-09-22
603636,2025-12-02,0.3968363452208578,603636_2025-12-02
603637,2024-01-04,0.4398699867532563,603637_2024-01-04
603639,2025-10-29,0.17883456053736277,603639_2025-10-29
603648,2024-01-29,0.4762253274794602,603648_2024-01-29
603656,2024-01-15,0.46117369256590396,603656_2024-01-15
603666,2025-06-12,0.22958640957969226,603666_2025-06-12
603667,2026-02-10,0.46995829367215647,603667_2026-02-10
603683,2024-01-03,0.4472318372817266,603683_2024-01-03
603685,2024-01-02,0.34682485667038804,603685_2024-01-02
603686,2025-12-30,0.5910436707039252,603686_2025-12-30
603693,2025-07-07,0.25159644863222114,603693_2025-07-07
603707,2025-04-01,0.30000003406638515,603707_2025-04-01
603766,2026-02-24,0.2918950567939606,603766_2026-02-24
603767,2025-12-30,0.4375500408560712,603767_2025-12-30
603776,2025-09-17,0.22859664325225199,603776_2025-09-17
603777,2025-06-04,0.17108755322621083,603777_2025-06-04
603779,2024-12-06,0.45753206974659966,603779_2024-12-06
603790,2024-01-02,0.49025068787163467,603790_2024-01-02
603815,2025-11-07,0.6088458853398213,603815_2025-11-07
603818,2025-07-03,0.3314501000308125,603818_2025-07-03
603822,2026-03-05,0.5404067789724679,603822_2026-03-05
603839,2025-11-18,0.2816153508229173,603839_2025-11-18
603858,2025-11-14,0.16211795473373516,603858_2025-11-14
603860,2024-10-28,0.277088980205806,603860_2024-10-28
603926,2024-01-02,0.46129789536542504,603926_2024-01-02
603931,2025-05-06,0.22115553783178316,603931_2025-05-06
603977,2026-03-27,0.3649067122929222,603977_2026-03-27
603986,2025-02-24,0.2763636391193623,603986_2025-02-24
603992,2026-03-26,0.49171576760153796,603992_2026-03-26
605003,2026-03-02,0.5159391087427248,605003_2026-03-02
605007,2026-03-11,0.2817976866487467,605007_2026-03-11
605018,2025-07-17,0.20592591546701386,605018_2025-07-17
605058,2024-01-02,0.4498480370786169,605058_2024-01-02
605158,2024-04-02,0.2660263521139415,605158_2024-04-02
605178,2024-01-02,0.656065571012221,605178_2024-01-02
605179,2024-01-16,0.45143633478494194,605179_2024-01-16
605188,2026-01-12,0.4936237049288454,605188_2026-01-12
605258,2025-03-14,0.2826086888995903,605258_2025-03-14
605288,2024-01-02,0.4353572805551283,605288_2024-01-02
605296,2024-08-06,0.3026498877350222,605296_2024-08-06
605333,2025-03-10,0.31552722271547107,605333_2025-03-10
605337,2025-06-04,0.19803386503758952,605337_2025-06-04
605398,2026-02-27,0.4579467304312578,605398_2026-02-27
605499,2025-10-10,0.36460471938857175,605499_2025-10-10
688001,2025-03-18,0.3494147936220864,688001_2025-03-18
688010,2024-01-02,0.4905385888354018,688010_2024-01-02
688049,2025-10-09,0.30834173906333157,688049_2025-10-09
688062,2024-05-06,0.44602741607247964,688062_2024-05-06
688068,2026-01-09,0.6353483866068536,688068_2026-01-09
688073,2025-10-29,0.3966160714428175,688073_2025-10-29
688077,2025-10-13,0.34220072891751885,688077_2025-10-13
688078,2025-10-27,0.2970176991366053,688078_2025-10-27
688085,2026-02-27,0.4584085499783416,688085_2026-02-27
688088,2025-10-09,0.38722586747752896,688088_2025-10-09
688091,2025-08-18,0.47131498287550183,688091_2025-08-18
688100,2026-03-09,0.44126324659057026,688100_2026-03-09
688116,2025-11-17,0.3686912041824584,688116_2025-11-17
688129,2024-01-02,0.393298082095521,688129_2024-01-02
688136,2025-10-31,0.40193703767670313,688136_2025-10-31
688159,2025-09-17,0.5320256643574847,688159_2025-09-17
688160,2026-01-13,0.3822457618287149,688160_2026-01-13
688168,2025-09-11,0.38316151702481727,688168_2025-09-11
688197,2024-03-28,0.4439278526319389,688197_2024-03-28
688198,2026-01-15,0.3427642021094692,688198_2026-01-15
688201,2026-03-10,0.6277232678285458,688201_2026-03-10
688205,2025-02-12,0.594083376295358,688205_2025-02-12
688210,2026-02-26,0.6121982949739591,688210_2026-02-26
688212,2025-11-11,0.32600663550822395,688212_2025-11-11
688225,2025-03-18,0.3423874546426345,688225_2025-03-18
688228,2024-05-14,0.4840276248383997,688228_2024-05-14
688234,2025-03-12,0.3286458421291573,688234_2025-03-12
688235,2026-01-12,0.33612076977817845,688235_2026-01-12
688238,2025-10-09,0.24756100975256198,688238_2025-10-09
688252,2025-10-09,0.33734937639331153,688252_2025-10-09
688300,2025-01-17,0.3192668570339731,688300_2025-01-17
688302,2025-08-18,0.35669640616900156,688302_2025-08-18
688315,2025-09-10,0.24125872280517807,688315_2025-09-10
688327,2026-02-27,0.4164691951734523,688327_2026-02-27
688332,2025-01-21,0.402291539318693,688332_2025-01-21
688351,2024-05-06,0.4095477242442217,688351_2024-05-06
688357,2025-10-10,0.2417014778627321,688357_2025-10-10
688379,2024-01-04,0.4119980132929438,688379_2024-01-04
688399,2024-11-11,0.2958731022756008,688399_2024-11-11
688428,2025-08-18,0.40674425077509163,688428_2025-08-18
688435,2026-02-09,0.6094665481754031,688435_2026-02-09
688458,2025-09-24,0.3462160894067999,688458_2025-09-24
688466,2025-11-14,0.2414285805023293,688466_2025-11-14
688488,2024-05-10,0.6089254318044593,688488_2024-05-10
688505,2025-10-29,0.2177161248596911,688505_2025-10-29
688528,2025-10-27,0.21259845135977842,688528_2025-10-27
688538,2025-11-10,0.2237761853009272,688538_2025-11-10
688573,2025-09-11,0.38171878104873325,688573_2025-09-11
688577,2025-12-08,0.5108032343742112,688577_2025-12-08
688609,2024-10-21,0.42277581633306444,688609_2024-10-21
688619,2025-10-27,0.2171091302637901,688619_2025-10-27
688621,2026-01-12,0.3874839937280261,688621_2026-01-12
688648,2026-03-10,0.5816311390374168,688648_2026-03-10
688660,2026-01-09,0.5653140325210031,688660_2026-01-09
688670,2026-01-26,0.48694616692165843,688670_2026-01-26
688685,2025-10-28,0.4161973004440824,688685_2025-10-28
688698,2024-02-26,0.38129942617495904,688698_2024-02-26
688739,2026-01-26,0.2977736027581423,688739_2026-01-26
688768,2026-02-03,0.4448546871222154,688768_2026-02-03
688788,2026-02-10,0.5195286467493466,688788_2026-02-10
688793,2025-06-11,0.34032058213931693,688793_2025-06-11
688798,2025-09-30,0.3092069892630142,688798_2025-09-30
688981,2024-11-11,0.22366167466294726,688981_2024-11-11
