episode_id,code,signal_type,first_trigger_date,last_trigger_date,consecutive_confirmations,end_date,end_reason
000006_sv_legacy_1,000006,sv_legacy,2026-01-23,2026-01-23,1,2026-02-02,signal_inactive
000006_sv_legacy_2,000006,sv_legacy,2026-03-10,2026-03-10,1,2026-03-12,signal_inactive
000006_td_legacy_1,000006,td_legacy,2026-01-09,2026-01-09,1,2026-01-13,signal_inactive
000006_td_legacy_2,000006,td_legacy,2026-01-21,2026-01-23,2,2026-02-02,signal_inactive
000006_td_legacy_3,000006,td_legacy,2026-02-04,2026-02-04,1,2026-02-06,signal_inactive
000007_sv_legacy_1,000007,sv_legacy,2026-01-19,2026-01-19,1,2026-01-21,signal_inactive
000007_sv_legacy_2,000007,sv_legacy,2026-04-14,2026-04-14,1,2026-04-16,signal_inactive
000007_sv_legacy_3,000007,sv_legacy,2026-04-22,2026-04-22,1,2026-04-24,signal_inactive
000007_sv_legacy_4,000007,sv_legacy,2026-06-12,2026-06-23,4,2026-06-25,signal_inactive
000007_sv_legacy_5,000007,sv_legacy,2026-07-03,2026-07-03,1,2026-07-07,signal_inactive
000007_td_legacy_1,000007,td_legacy,2026-01-19,2026-01-19,1,2026-01-21,signal_inactive
000007_td_legacy_2,000007,td_legacy,2026-01-23,2026-01-23,1,2026-01-27,signal_inactive
000007_td_legacy_3,000007,td_legacy,2026-02-24,2026-02-24,1,2026-02-26,signal_inactive
000007_td_legacy_4,000007,td_legacy,2026-06-12,2026-06-16,2,2026-06-18,signal_inactive
000008_sv_legacy_1,000008,sv_legacy,2026-02-04,2026-02-04,1,2026-02-06,signal_inactive
000008_sv_legacy_2,000008,sv_legacy,2026-05-19,2026-05-19,1,2026-05-21,signal_inactive
000008_sv_legacy_3,000008,sv_legacy,2026-05-27,2026-05-27,1,2026-05-29,signal_inactive
000009_sv_legacy_1,000009,sv_legacy,2026-01-21,2026-01-21,1,2026-01-23,signal_inactive
000009_sv_legacy_2,000009,sv_legacy,2026-02-24,2026-02-24,1,2026-02-26,signal_inactive
000009_td_legacy_1,000009,td_legacy,2026-01-09,2026-01-09,1,2026-01-13,signal_inactive
000010_sv_legacy_1,000010,sv_legacy,2026-01-19,2026-01-19,1,2026-01-21,signal_inactive
000010_sv_legacy_2,000010,sv_legacy,2026-03-06,2026-03-10,2,2026-03-12,signal_inactive
000010_sv_legacy_3,000010,sv_legacy,2026-03-24,2026-03-24,1,2026-03-26,signal_inactive
000010_td_legacy_1,000010,td_legacy,2026-03-20,2026-03-20,1,2026-03-24,signal_inactive
000011_sv_legacy_1,000011,sv_legacy,2026-01-19,2026-01-19,1,2026-01-21,signal_inactive
000011_sv_legacy_2,000011,sv_legacy,2026-02-24,2026-02-24,1,2026-02-26,signal_inactive
000011_td_legacy_1,000011,td_legacy,2026-01-21,2026-01-21,1,2026-01-23,signal_inactive
000011_td_legacy_2,000011,td_legacy,2026-01-29,2026-01-29,1,2026-02-02,signal_inactive
000011_td_legacy_3,000011,td_legacy,2026-02-04,2026-02-04,1,2026-02-06,signal_inactive
000014_sv_legacy_1,000014,sv_legacy,2026-01-19,2026-01-19,1,2026-01-21,signal_inactive
000014_td_legacy_1,000014,td_legacy,2026-01-23,2026-01-23,1,2026-01-27,signal_inactive
000014_td_legacy_2,000014,td_legacy,2026-01-29,2026-01-29,1,2026-02-02,signal_inactive
000017_sv_legacy_1,000017,sv_legacy,2026-01-19,2026-01-19,1,2026-01-21,signal_inactive
000017_sv_legacy_2,000017,sv_legacy,2026-03-06,2026-03-10,2,2026-03-12,signal_inactive
000017_sv_legacy_3,000017,sv_legacy,2026-04-10,2026-04-10,1,2026-04-14,signal_inactive
000017_td_legacy_1,000017,td_legacy,2026-01-09,2026-01-09,1,2026-01-13,signal_inactive
000017_td_legacy_2,000017,td_legacy,2026-01-21,2026-01-21,1,2026-01-23,signal_inactive
000017_td_legacy_3,000017,td_legacy,2026-02-06,2026-02-06,1,2026-02-10,signal_inactive
000017_td_legacy_4,000017,td_legacy,2026-02-24,2026-02-24,1,2026-02-26,signal_inactive
000017_td_legacy_5,000017,td_legacy,2026-04-08,2026-04-08,1,2026-04-10,signal_inactive
000019_sv_legacy_1,000019,sv_legacy,2026-05-13,2026-05-13,1,2026-06-02,signal_inactive
000019_sv_legacy_2,000019,sv_legacy,2026-06-10,2026-06-10,1,2026-06-12,signal_inactive
000019_td_legacy_1,000019,td_legacy,2026-01-09,2026-01-09,1,2026-01-13,signal_inactive
000019_td_legacy_2,000019,td_legacy,2026-01-21,2026-01-21,1,2026-01-23,signal_inactive
000019_td_legacy_3,000019,td_legacy,2026-03-02,2026-03-02,1,2026-03-04,signal_inactive
000019_td_legacy_4,000019,td_legacy,2026-03-12,2026-03-16,2,2026-03-18,signal_inactive
000020_sv_legacy_1,000020,sv_legacy,2026-01-15,2026-01-15,1,2026-01-19,signal_inactive
000020_sv_legacy_2,000020,sv_legacy,2026-02-10,2026-02-10,1,2026-02-12,signal_inactive
000020_sv_legacy_3,000020,sv_legacy,2026-02-24,2026-02-24,1,2026-02-26,signal_inactive
000020_sv_legacy_4,000020,sv_legacy,2026-04-01,2026-04-01,1,2026-04-03,signal_inactive
000020_sv_legacy_5,000020,sv_legacy,2026-05-07,2026-05-07,1,,
000020_td_legacy_1,000020,td_legacy,2026-01-05,2026-01-05,1,2026-01-07,signal_inactive
000020_td_legacy_2,000020,td_legacy,2026-02-04,2026-02-04,1,2026-02-06,signal_inactive
000020_td_legacy_3,000020,td_legacy,2026-04-10,2026-04-14,2,2026-04-16,signal_inactive
000020_td_legacy_4,000020,td_legacy,2026-04-20,2026-04-20,1,2026-04-22,signal_inactive
000021_sv_legacy_1,000021,sv_legacy,2026-04-01,2026-04-01,1,2026-04-03,signal_inactive
000021_sv_legacy_2,000021,sv_legacy,2026-04-16,2026-04-16,1,2026-04-20,signal_inactive
000021_sv_legacy_3,000021,sv_legacy,2026-04-24,2026-04-24,1,2026-04-28,signal_inactive
000021_sv_legacy_4,000021,sv_legacy,2026-06-02,2026-06-02,1,2026-06-04,signal_inactive
000021_sv_legacy_5,000021,sv_legacy,2026-08-12,2026-08-14,2,2026-08-18,signal_inactive
000021_sv_legacy_6,000021,sv_legacy,2026-08-20,2026-08-20,1,2026-08-24,signal_inactive
000021_td_legacy_1,000021,td_legacy,2026-01-09,2026-01-09,1,2026-01-13,signal_inactive
000021_td_legacy_2,000021,td_legacy,2026-04-10,2026-04-14,2,2026-04-16,signal_inactive
000025_sv_legacy_1,000025,sv_legacy,2026-03-06,2026-03-10,2,2026-03-12,signal_inactive
000025_sv_legacy_2,000025,sv_legacy,2026-03-16,2026-03-18,2,,
000025_td_legacy_1,000025,td_legacy,2026-01-05,2026-01-05,1,2026-01-07,signal_inactive
000025_td_legacy_2,000025,td_legacy,2026-01-09,2026-01-09,1,2026-01-13,signal_inactive
000025_td_legacy_3,000025,td_legacy,2026-01-21,2026-01-23,2,2026-01-27,signal_inactive
000025_td_legacy_4,000025,td_legacy,2026-02-04,2026-02-04,1,2026-02-06,signal_inactive
000025_td_legacy_5,000025,td_legacy,2026-02-24,2026-02-24,1,2026-02-26,signal_inactive
000025_td_legacy_6,000025,td_legacy,2026-03-10,2026-03-10,1,2026-03-12,signal_inactive
000026_sv_legacy_1,000026,sv_legacy,2026-08-20,2026-08-20,1,2026-08-24,signal_inactive
000026_td_legacy_1,000026,td_legacy,2026-07-03,2026-07-03,1,2026-07-07,signal_inactive
000027_sv_legacy_1,000027,sv_legacy,2026-02-06,2026-02-06,1,2026-02-10,signal_inactive
000027_sv_legacy_2,000027,sv_legacy,2026-03-06,2026-03-10,2,2026-03-12,signal_inactive
000027_sv_legacy_3,000027,sv_legacy,2026-05-11,2026-05-11,1,2026-05-13,signal_inactive
000027_sv_legacy_4,000027,sv_legacy,2026-07-03,2026-07-03,1,2026-07-07,signal_inactive
000027_sv_legacy_5,000027,sv_legacy,2026-07-27,2026-07-27,1,2026-07-29,signal_inactive
000027_sv_legacy_6,000027,sv_legacy,2026-08-10,2026-08-10,1,2026-08-26,signal_inactive
000027_td_legacy_1,000027,td_legacy,2026-01-09,2026-01-13,2,2026-01-15,signal_inactive
000027_td_legacy_2,000027,td_legacy,2026-02-04,2026-02-04,1,2026-02-06,signal_inactive
000027_td_legacy_3,000027,td_legacy,2026-02-12,2026-02-12,1,2026-02-24,signal_inactive
000027_td_legacy_4,000027,td_legacy,2026-03-20,2026-03-20,1,2026-03-24,signal_inactive
000027_td_legacy_5,000027,td_legacy,2026-04-08,2026-04-08,1,2026-04-10,signal_inactive
000027_td_legacy_6,000027,td_legacy,2026-05-11,2026-05-13,2,2026-05-15,signal_inactive
000027_td_legacy_7,000027,td_legacy,2026-05-25,2026-05-27,2,2026-05-29,signal_inactive
000029_sv_legacy_1,000029,sv_legacy,2026-01-15,2026-01-15,1,2026-01-19,signal_inactive
000029_sv_legacy_2,000029,sv_legacy,2026-01-23,2026-01-23,1,2026-01-29,signal_inactive
000029_td_legacy_1,000029,td_legacy,2026-01-21,2026-01-21,1,2026-01-23,signal_inactive
000031_sv_legacy_1,000031,sv_legacy,2026-01-19,2026-01-19,1,2026-01-21,signal_inactive
000031_sv_legacy_2,000031,sv_legacy,2026-02-04,2026-02-04,1,2026-02-06,signal_inactive
000031_sv_legacy_3,000031,sv_legacy,2026-04-01,2026-04-01,1,2026-04-03,signal_inactive
000031_td_legacy_1,000031,td_legacy,2026-02-12,2026-02-12,1,2026-03-02,signal_inactive
000031_td_legacy_2,000031,td_legacy,2026-04-14,2026-04-14,1,2026-04-16,signal_inactive
000034_sv_legacy_1,000034,sv_legacy,2026-01-09,2026-01-09,1,2026-01-13,signal_inactive
000034_sv_legacy_2,000034,sv_legacy,2026-01-21,2026-01-21,1,2026-01-23,signal_inactive
000034_td_legacy_1,000034,td_legacy,2026-01-09,2026-01-09,1,2026-01-13,signal_inactive
000035_sv_legacy_1,000035,sv_legacy,2026-03-04,2026-03-04,1,2026-03-06,signal_inactive
000035_sv_legacy_2,000035,sv_legacy,2026-04-01,2026-04-01,1,2026-04-03,signal_inactive
000035_sv_legacy_3,000035,sv_legacy,2026-04-22,2026-04-22,1,2026-04-24,signal_inactive
000035_sv_legacy_4,000035,sv_legacy,2026-05-19,2026-05-19,1,2026-05-21,signal_inactive
000035_td_legacy_1,000035,td_legacy,2026-01-23,2026-01-23,1,2026-01-27,signal_inactive
000035_td_legacy_2,000035,td_legacy,2026-04-08,2026-04-08,1,2026-04-10,signal_inactive
000035_td_legacy_3,000035,td_legacy,2026-04-16,2026-04-16,1,2026-04-20,signal_inactive
000035_td_legacy_4,000035,td_legacy,2026-05-07,2026-05-07,1,2026-05-11,signal_inactive
000035_td_legacy_5,000035,td_legacy,2026-05-19,2026-05-19,1,2026-05-21,signal_inactive
000036_sv_legacy_1,000036,sv_legacy,2026-02-06,2026-02-06,1,2026-02-10,signal_inactive
000036_sv_legacy_2,000036,sv_legacy,2026-03-04,2026-03-04,1,2026-03-06,signal_inactive
000036_sv_legacy_3,000036,sv_legacy,2026-03-10,2026-03-10,1,2026-03-12,signal_inactive
000036_sv_legacy_4,000036,sv_legacy,2026-03-16,2026-03-16,1,2026-03-18,signal_inactive
000036_sv_legacy_5,000036,sv_legacy,2026-04-16,2026-04-16,1,2026-04-20,signal_inactive
000036_sv_legacy_6,000036,sv_legacy,2026-04-22,2026-04-22,1,2026-04-24,signal_inactive
000036_sv_legacy_7,000036,sv_legacy,2026-05-19,2026-05-19,1,2026-05-21,signal_inactive
000036_td_legacy_1,000036,td_legacy,2026-02-12,2026-02-12,1,2026-02-24,signal_inactive
000036_td_legacy_2,000036,td_legacy,2026-03-10,2026-03-10,1,2026-03-12,signal_inactive
000037_sv_legacy_1,000037,sv_legacy,2026-02-06,2026-02-06,1,2026-02-10,signal_inactive
000037_sv_legacy_2,000037,sv_legacy,2026-02-24,2026-02-24,1,2026-02-26,signal_inactive
000037_sv_legacy_3,000037,sv_legacy,2026-03-04,2026-03-04,1,2026-03-06,signal_inactive
000037_sv_legacy_4,000037,sv_legacy,2026-05-11,2026-05-11,1,2026-05-13,signal_inactive
000037_sv_legacy_5,000037,sv_legacy,2026-07-03,2026-07-03,1,2026-07-07,signal_inactive
000037_sv_legacy_6,000037,sv_legacy,2026-07-27,2026-07-27,1,2026-07-29,signal_inactive
000037_sv_legacy_7,000037,sv_legacy,2026-07-31,2026-07-31,1,2026-08-04,signal_inactive
000037_sv_legacy_8,000037,sv_legacy,2026-08-12,2026-08-12,1,2026-08-14,signal_inactive
000037_td_legacy_1,000037,td_legacy,2026-03-06,2026-03-12,3,2026-03-16,signal_inactive
000037_td_legacy_2,000037,td_legacy,2026-06-16,2026-06-16,1,2026-07-01,signal_inactive
000037_td_legacy_3,000037,td_legacy,2026-08-18,2026-08-26,2,2026-08-28,signal_inactive
000039_sv_legacy_1,000039,sv_legacy,2026-01-09,2026-01-09,1,2026-01-13,signal_inactive
000039_sv_legacy_2,000039,sv_legacy,2026-01-21,2026-01-21,1,2026-01-23,signal_inactive
000039_sv_legacy_3,000039,sv_legacy,2026-03-10,2026-03-10,1,2026-03-12,signal_inactive
000039_sv_legacy_4,000039,sv_legacy,2026-04-03,2026-04-03,1,2026-04-08,signal_inactive
000039_sv_legacy_5,000039,sv_legacy,2026-04-16,2026-04-16,1,2026-04-20,signal_inactive
000039_sv_legacy_6,000039,sv_legacy,2026-04-22,2026-04-22,1,2026-04-24,signal_inactive
000039_sv_legacy_7,000039,sv_legacy,2026-05-19,2026-05-19,1,2026-06-02,signal_inactive
000039_sv_legacy_8,000039,sv_legacy,2026-07-27,2026-07-27,1,2026-07-29,signal_inactive
000039_td_legacy_1,000039,td_legacy,2026-01-05,2026-01-05,1,2026-01-07,signal_inactive
000039_td_legacy_2,000039,td_legacy,2026-01-09,2026-01-09,1,2026-01-13,signal_inactive
000039_td_legacy_3,000039,td_legacy,2026-01-19,2026-01-19,1,2026-01-21,signal_inactive
000039_td_legacy_4,000039,td_legacy,2026-02-12,2026-02-12,1,2026-02-24,signal_inactive
000039_td_legacy_5,000039,td_legacy,2026-03-02,2026-03-02,1,2026-03-04,signal_inactive
000039_td_legacy_6,000039,td_legacy,2026-04-10,2026-04-10,1,2026-04-14,signal_inactive
000039_td_legacy_7,000039,td_legacy,2026-04-16,2026-04-16,1,2026-04-20,signal_inactive
000039_td_legacy_8,000039,td_legacy,2026-04-28,2026-04-28,1,2026-04-30,signal_inactive
000042_sv_legacy_1,000042,sv_legacy,2026-01-13,2026-01-13,1,2026-01-15,signal_inactive
000042_sv_legacy_2,000042,sv_legacy,2026-02-10,2026-02-10,1,2026-02-12,signal_inactive
000042_sv_legacy_3,000042,sv_legacy,2026-03-06,2026-03-10,2,2026-03-12,signal_inactive
000042_sv_legacy_4,000042,sv_legacy,2026-04-10,2026-04-10,1,2026-04-14,signal_inactive
000042_sv_legacy_5,000042,sv_legacy,2026-07-01,2026-07-03,2,2026-07-07,signal_inactive
000042_sv_legacy_6,000042,sv_legacy,2026-07-23,2026-07-23,1,2026-07-27,signal_inactive
000042_sv_legacy_7,000042,sv_legacy,2026-07-31,2026-07-31,1,2026-08-04,signal_inactive
000042_sv_legacy_8,000042,sv_legacy,2026-08-10,2026-08-10,1,2026-08-12,signal_inactive
000042_td_legacy_1,000042,td_legacy,2026-01-07,2026-01-07,1,2026-01-09,signal_inactive
000042_td_legacy_2,000042,td_legacy,2026-04-22,2026-04-22,1,2026-04-24,signal_inactive
000042_td_legacy_3,000042,td_legacy,2026-05-25,2026-05-25,1,2026-05-27,signal_inactive
000042_td_legacy_4,000042,td_legacy,2026-07-29,2026-07-29,1,2026-07-31,signal_inactive
000042_td_legacy_5,000042,td_legacy,2026-08-04,2026-08-06,2,2026-08-10,signal_inactive
000042_td_legacy_6,000042,td_legacy,2026-08-18,2026-08-18,1,2026-08-20,signal_inactive
000045_sv_legacy_1,000045,sv_legacy,2026-01-15,2026-01-15,1,2026-01-19,signal_inactive
000045_sv_legacy_2,000045,sv_legacy,2026-01-23,2026-01-23,1,2026-01-27,signal_inactive
000045_sv_legacy_3,000045,sv_legacy,2026-05-13,2026-05-13,1,2026-05-15,signal_inactive
000045_td_legacy_1,000045,td_legacy,2026-02-10,2026-02-10,1,2026-02-12,signal_inactive
000045_td_legacy_2,000045,td_legacy,2026-03-20,2026-03-20,1,2026-03-24,signal_inactive
000045_td_legacy_3,000045,td_legacy,2026-05-13,2026-05-13,1,2026-05-15,signal_inactive
000045_td_legacy_4,000045,td_legacy,2026-05-19,2026-05-19,1,2026-05-21,signal_inactive
000048_sv_legacy_1,000048,sv_legacy,2026-03-24,2026-03-24,1,2026-03-26,signal_inactive
000048_td_legacy_1,000048,td_legacy,2026-02-06,2026-02-06,1,2026-02-10,signal_inactive
000048_td_legacy_2,000048,td_legacy,2026-02-12,2026-02-12,1,2026-02-24,signal_inactive
000048_td_legacy_3,000048,td_legacy,2026-03-10,2026-03-12,2,2026-03-16,signal_inactive
000048_td_legacy_4,000048,td_legacy,2026-05-11,2026-05-11,1,2026-05-13,signal_inactive
000049_sv_legacy_1,000049,sv_legacy,2026-01-05,2026-01-05,1,2026-01-07,signal_inactive
000049_sv_legacy_2,000049,sv_legacy,2026-01-15,2026-01-15,1,2026-01-19,signal_inactive
000049_sv_legacy_3,000049,sv_legacy,2026-01-21,2026-01-21,1,2026-01-23,signal_inactive
000049_sv_legacy_4,000049,sv_legacy,2026-02-24,2026-02-24,1,2026-02-26,signal_inactive
000049_sv_legacy_5,000049,sv_legacy,2026-03-10,2026-03-10,1,2026-03-12,signal_inactive
000049_sv_legacy_6,000049,sv_legacy,2026-04-01,2026-04-01,1,2026-04-08,signal_inactive
000049_sv_legacy_7,000049,sv_legacy,2026-04-14,2026-04-16,2,2026-04-20,signal_inactive
000049_sv_legacy_8,000049,sv_legacy,2026-04-24,2026-04-24,1,2026-04-28,signal_inactive
000049_sv_legacy_9,000049,sv_legacy,2026-05-11,2026-05-13,2,2026-05-15,signal_inactive
000049_td_legacy_1,000049,td_legacy,2026-01-15,2026-01-19,2,2026-01-21,signal_inactive
000049_td_legacy_2,000049,td_legacy,2026-02-12,2026-02-12,1,2026-02-24,signal_inactive
000049_td_legacy_3,000049,td_legacy,2026-03-10,2026-03-10,1,2026-03-12,signal_inactive
000049_td_legacy_4,000049,td_legacy,2026-03-20,2026-03-20,1,2026-03-24,signal_inactive
000049_td_legacy_5,000049,td_legacy,2026-04-08,2026-04-08,1,2026-04-10,signal_inactive
000049_td_legacy_6,000049,td_legacy,2026-04-14,2026-04-14,1,2026-04-16,signal_inactive
000050_sv_legacy_1,000050,sv_legacy,2026-01-19,2026-01-19,1,2026-01-21,signal_inactive
000050_sv_legacy_2,000050,sv_legacy,2026-01-27,2026-01-27,1,2026-01-29,signal_inactive
000050_sv_legacy_3,000050,sv_legacy,2026-02-12,2026-02-12,1,2026-02-24,signal_inactive
000050_td_legacy_1,000050,td_legacy,2026-01-23,2026-01-23,1,2026-01-27,signal_inactive
000055_sv_legacy_1,000055,sv_legacy,2026-01-19,2026-01-19,1,2026-01-21,signal_inactive
000058_sv_legacy_1,000058,sv_legacy,2026-02-24,2026-02-24,1,2026-02-26,signal_inactive
000058_sv_legacy_2,000058,sv_legacy,2026-03-18,2026-03-18,1,,
000058_td_legacy_1,000058,td_legacy,2026-01-23,2026-01-23,1,2026-01-27,signal_inactive
000058_td_legacy_2,000058,td_legacy,2026-03-10,2026-03-10,1,2026-03-12,signal_inactive
000059_td_legacy_1,000059,td_legacy,2026-03-02,2026-03-02,1,2026-03-04,signal_inactive
000059_td_legacy_2,000059,td_legacy,2026-04-24,2026-04-24,1,2026-04-28,signal_inactive
000060_sv_legacy_1,000060,sv_legacy,2026-01-13,2026-01-13,1,2026-01-15,signal_inactive
000060_sv_legacy_2,000060,sv_legacy,2026-01-21,2026-01-21,1,2026-01-23,signal_inactive
000060_sv_legacy_3,000060,sv_legacy,2026-03-04,2026-04-01,2,2026-04-03,signal_inactive
000060_sv_legacy_4,000060,sv_legacy,2026-06-02,2026-06-02,1,2026-06-04,signal_inactive
000060_sv_legacy_5,000060,sv_legacy,2026-06-29,2026-07-01,2,2026-07-03,signal_inactive
000060_sv_legacy_6,000060,sv_legacy,2026-08-12,2026-08-14,2,2026-08-18,signal_inactive
000060_td_legacy_1,000060,td_legacy,2026-01-05,2026-01-05,1,2026-01-07,signal_inactive
000060_td_legacy_2,000060,td_legacy,2026-04-14,2026-04-14,1,2026-04-16,signal_inactive
000060_td_legacy_3,000060,td_legacy,2026-08-04,2026-08-04,1,2026-08-06,signal_inactive
000061_sv_legacy_1,000061,sv_legacy,2026-01-19,2026-01-19,1,2026-01-21,signal_inactive
000061_sv_legacy_2,000061,sv_legacy,2026-03-10,2026-03-10,1,2026-03-12,signal_inactive
000061_sv_legacy_3,000061,sv_legacy,2026-03-20,2026-04-01,2,2026-04-03,signal_inactive
000061_sv_legacy_4,000061,sv_legacy,2026-04-08,2026-04-10,2,2026-04-14,signal_inactive
000061_sv_legacy_5,000061,sv_legacy,2026-04-16,2026-04-16,1,2026-04-20,signal_inactive
000061_td_legacy_1,000061,td_legacy,2026-03-02,2026-03-02,1,2026-03-04,signal_inactive
000061_td_legacy_2,000061,td_legacy,2026-04-08,2026-04-08,1,2026-04-10,signal_inactive
000061_td_legacy_3,000061,td_legacy,2026-04-14,2026-04-14,1,2026-04-16,signal_inactive
000062_sv_legacy_1,000062,sv_legacy,2026-05-07,2026-05-07,1,2026-05-11,signal_inactive
000062_sv_legacy_2,000062,sv_legacy,2026-07-03,2026-07-03,1,2026-07-07,signal_inactive
000062_sv_legacy_3,000062,sv_legacy,2026-08-12,2026-08-14,2,2026-08-18,signal_inactive
000062_sv_legacy_4,000062,sv_legacy,2026-08-20,2026-08-20,1,2026-08-24,signal_inactive
000062_td_legacy_1,000062,td_legacy,2026-07-03,2026-07-03,1,2026-07-07,signal_inactive
000062_td_legacy_2,000062,td_legacy,2026-08-04,2026-08-04,1,2026-08-06,signal_inactive
000062_td_legacy_3,000062,td_legacy,2026-08-12,2026-08-12,1,2026-08-14,signal_inactive
000063_td_legacy_1,000063,td_legacy,2026-02-26,2026-02-26,1,,
000065_sv_legacy_1,000065,sv_legacy,2026-01-27,2026-01-27,1,2026-01-29,signal_inactive
000065_sv_legacy_2,000065,sv_legacy,2026-03-12,2026-03-12,1,2026-03-16,signal_inactive
000065_sv_legacy_3,000065,sv_legacy,2026-05-13,2026-05-13,1,2026-05-15,signal_inactive
000065_sv_legacy_4,000065,sv_legacy,2026-05-19,2026-05-19,1,2026-05-21,signal_inactive
000065_td_legacy_1,000065,td_legacy,2026-03-30,2026-03-30,1,2026-04-01,signal_inactive
000066_sv_legacy_1,000066,sv_legacy,2026-05-11,2026-05-11,1,2026-05-13,signal_inactive
000066_sv_legacy_2,000066,sv_legacy,2026-06-29,2026-06-29,1,2026-07-01,signal_inactive
000066_td_legacy_1,000066,td_legacy,2026-01-05,2026-01-05,1,2026-01-07,signal_inactive
000066_td_legacy_2,000066,td_legacy,2026-08-04,2026-08-04,1,2026-08-06,signal_inactive
000068_sv_legacy_1,000068,sv_legacy,2026-01-05,2026-01-05,1,2026-01-07,signal_inactive
000068_sv_legacy_2,000068,sv_legacy,2026-01-19,2026-01-19,1,2026-01-21,signal_inactive
000068_sv_legacy_3,000068,sv_legacy,2026-02-06,2026-02-06,1,2026-02-10,signal_inactive
000068_td_legacy_1,000068,td_legacy,2026-01-23,2026-01-23,1,2026-01-27,signal_inactive
000070_sv_legacy_1,000070,sv_legacy,2026-01-05,2026-01-05,1,2026-01-07,signal_inactive
000070_sv_legacy_2,000070,sv_legacy,2026-01-21,2026-01-21,1,2026-01-23,signal_inactive
000070_sv_legacy_3,000070,sv_legacy,2026-03-12,2026-03-12,1,2026-03-16,signal_inactive
000070_sv_legacy_4,000070,sv_legacy,2026-06-04,2026-06-04,1,2026-06-08,signal_inactive
000070_sv_legacy_5,000070,sv_legacy,2026-08-20,2026-08-20,1,2026-08-24,signal_inactive
000070_td_legacy_1,000070,td_legacy,2026-01-09,2026-01-09,1,2026-01-13,signal_inactive
000070_td_legacy_2,000070,td_legacy,2026-03-12,2026-03-12,1,2026-03-16,signal_inactive
000078_sv_legacy_1,000078,sv_legacy,2026-03-06,2026-03-10,2,2026-03-12,signal_inactive
000078_sv_legacy_2,000078,sv_legacy,2026-04-24,2026-04-24,1,2026-04-28,signal_inactive
000078_td_legacy_1,000078,td_legacy,2026-01-07,2026-01-07,1,2026-01-09,signal_inactive
000078_td_legacy_2,000078,td_legacy,2026-03-06,2026-03-06,1,2026-03-10,signal_inactive
000089_sv_legacy_1,000089,sv_legacy,2026-01-27,2026-01-27,1,2026-01-29,signal_inactive
000089_sv_legacy_2,000089,sv_legacy,2026-02-04,2026-02-04,1,2026-02-06,signal_inactive
000089_sv_legacy_3,000089,sv_legacy,2026-02-24,2026-02-24,1,2026-02-26,signal_inactive
000089_sv_legacy_4,000089,sv_legacy,2026-03-10,2026-03-12,2,2026-03-16,signal_inactive
000089_td_legacy_1,000089,td_legacy,2026-03-12,2026-03-12,1,2026-03-16,signal_inactive
000100_sv_legacy_1,000100,sv_legacy,2026-08-04,2026-08-04,1,2026-08-06,signal_inactive
000100_td_legacy_1,000100,td_legacy,2026-08-04,2026-08-04,1,2026-08-06,signal_inactive
000153_sv_legacy_1,000153,sv_legacy,2026-02-24,2026-02-24,1,2026-02-26,signal_inactive
000155_sv_legacy_1,000155,sv_legacy,2026-01-15,2026-01-19,2,2026-01-21,signal_inactive
000155_sv_legacy_2,000155,sv_legacy,2026-02-06,2026-02-06,1,2026-02-10,signal_inactive
000155_sv_legacy_3,000155,sv_legacy,2026-03-04,2026-03-04,1,2026-03-06,signal_inactive
000155_sv_legacy_4,000155,sv_legacy,2026-04-22,2026-04-22,1,2026-04-24,signal_inactive
000155_sv_legacy_5,000155,sv_legacy,2026-05-13,2026-05-13,1,2026-05-19,signal_inactive
000155_sv_legacy_6,000155,sv_legacy,2026-07-27,2026-07-27,1,2026-07-29,signal_inactive
000155_sv_legacy_7,000155,sv_legacy,2026-08-20,2026-08-20,1,2026-08-24,signal_inactive
000155_sv_legacy_8,000155,sv_legacy,2026-08-26,2026-08-26,1,2026-08-28,signal_inactive
000155_td_legacy_1,000155,td_legacy,2026-04-08,2026-04-08,1,2026-04-10,signal_inactive
000155_td_legacy_2,000155,td_legacy,2026-04-28,2026-04-28,1,2026-04-30,signal_inactive
000155_td_legacy_3,000155,td_legacy,2026-06-12,2026-06-12,1,2026-06-16,signal_inactive
000155_td_legacy_4,000155,td_legacy,2026-07-01,2026-07-01,1,2026-07-03,signal_inactive
000155_td_legacy_5,000155,td_legacy,2026-08-28,2026-08-28,1,,
000156_sv_legacy_1,000156,sv_legacy,2026-03-06,2026-03-10,2,2026-03-12,signal_inactive
000156_sv_legacy_2,000156,sv_legacy,2026-03-16,2026-03-16,1,2026-03-18,signal_inactive
000156_td_legacy_1,000156,td_legacy,2026-03-10,2026-03-10,1,2026-03-12,signal_inactive
000157_sv_legacy_1,000157,sv_legacy,2026-01-15,2026-01-19,2,2026-01-21,signal_inactive
000157_sv_legacy_2,000157,sv_legacy,2026-02-26,2026-02-26,1,2026-03-02,signal_inactive
000157_sv_legacy_3,000157,sv_legacy,2026-03-04,2026-03-04,1,2026-03-06,signal_inactive
000157_sv_legacy_4,000157,sv_legacy,2026-04-01,2026-04-01,1,2026-04-03,signal_inactive
000157_sv_legacy_5,000157,sv_legacy,2026-04-20,2026-04-20,1,2026-04-22,signal_inactive
000157_sv_legacy_6,000157,sv_legacy,2026-05-13,2026-05-13,1,2026-05-15,signal_inactive
000157_td_legacy_1,000157,td_legacy,2026-01-19,2026-01-19,1,2026-01-21,signal_inactive
000157_td_legacy_2,000157,td_legacy,2026-02-12,2026-02-12,1,2026-02-24,signal_inactive
000157_td_legacy_3,000157,td_legacy,2026-04-01,2026-04-01,1,2026-04-03,signal_inactive
000159_sv_legacy_1,000159,sv_legacy,2026-04-01,2026-04-01,1,2026-04-03,signal_inactive
000159_sv_legacy_2,000159,sv_legacy,2026-04-10,2026-04-10,1,2026-04-14,signal_inactive
000159_sv_legacy_3,000159,sv_legacy,2026-04-16,2026-04-16,1,2026-04-20,signal_inactive
000159_td_legacy_1,000159,td_legacy,2026-05-19,2026-05-19,1,2026-05-21,signal_inactive
000166_sv_legacy_1,000166,sv_legacy,2026-01-09,2026-01-09,1,2026-01-13,signal_inactive
000166_sv_legacy_2,000166,sv_legacy,2026-02-04,2026-02-04,1,2026-02-06,signal_inactive
000166_td_legacy_1,000166,td_legacy,2026-01-29,2026-01-29,1,2026-02-02,signal_inactive
000301_sv_legacy_1,000301,sv_legacy,2026-04-14,2026-04-16,2,2026-04-20,signal_inactive
000301_sv_legacy_2,000301,sv_legacy,2026-05-19,2026-05-19,1,2026-05-21,signal_inactive
000301_sv_legacy_3,000301,sv_legacy,2026-07-23,2026-07-27,2,2026-07-29,signal_inactive
000301_sv_legacy_4,000301,sv_legacy,2026-08-14,2026-08-14,1,2026-08-18,signal_inactive
000301_sv_legacy_5,000301,sv_legacy,2026-08-26,2026-08-26,1,2026-08-28,signal_inactive
000301_td_legacy_1,000301,td_legacy,2026-03-02,2026-03-02,1,2026-03-04,signal_inactive
000301_td_legacy_2,000301,td_legacy,2026-04-16,2026-04-16,1,2026-04-20,signal_inactive
000301_td_legacy_3,000301,td_legacy,2026-05-11,2026-05-11,1,2026-05-13,signal_inactive
000301_td_legacy_4,000301,td_legacy,2026-07-23,2026-07-23,1,2026-07-27,signal_inactive
000301_td_legacy_5,000301,td_legacy,2026-08-10,2026-08-10,1,2026-08-12,signal_inactive
000301_td_legacy_6,000301,td_legacy,2026-08-18,2026-08-18,1,2026-08-20,signal_inactive
000333_sv_legacy_1,000333,sv_legacy,2026-01-07,2026-01-07,1,2026-01-09,signal_inactive
000333_sv_legacy_2,000333,sv_legacy,2026-01-19,2026-01-19,1,2026-01-21,signal_inactive
000333_sv_legacy_3,000333,sv_legacy,2026-01-29,2026-02-02,2,2026-02-04,signal_inactive
000333_sv_legacy_4,000333,sv_legacy,2026-02-10,2026-02-24,3,2026-02-26,signal_inactive
000333_sv_legacy_5,000333,sv_legacy,2026-03-10,2026-03-10,1,2026-03-12,signal_inactive
000333_sv_legacy_6,000333,sv_legacy,2026-03-18,2026-03-18,1,2026-03-20,signal_inactive
000333_sv_legacy_7,000333,sv_legacy,2026-03-24,2026-03-24,1,2026-03-26,signal_inactive
000333_sv_legacy_8,000333,sv_legacy,2026-04-20,2026-04-20,1,2026-04-22,signal_inactive
000333_sv_legacy_9,000333,sv_legacy,2026-05-13,2026-05-13,1,2026-05-15,signal_inactive
000333_sv_legacy_10,000333,sv_legacy,2026-06-02,2026-06-02,1,2026-06-04,signal_inactive
000333_sv_legacy_11,000333,sv_legacy,2026-07-01,2026-07-03,2,2026-07-07,signal_inactive
000333_sv_legacy_12,000333,sv_legacy,2026-07-15,2026-07-15,1,2026-07-17,signal_inactive
000333_sv_legacy_13,000333,sv_legacy,2026-08-10,2026-08-10,1,2026-08-12,signal_inactive
000333_sv_legacy_14,000333,sv_legacy,2026-08-28,2026-08-28,1,2026-09-01,signal_inactive
000333_td_legacy_1,000333,td_legacy,2026-01-07,2026-01-07,1,2026-01-09,signal_inactive
000333_td_legacy_2,000333,td_legacy,2026-01-19,2026-01-19,1,2026-01-21,signal_inactive
000333_td_legacy_3,000333,td_legacy,2026-02-04,2026-02-04,1,2026-02-06,signal_inactive
000333_td_legacy_4,000333,td_legacy,2026-04-20,2026-04-20,1,2026-04-22,signal_inactive
000333_td_legacy_5,000333,td_legacy,2026-04-28,2026-04-28,1,2026-04-30,signal_inactive
000333_td_legacy_6,000333,td_legacy,2026-06-02,2026-06-02,1,2026-06-04,signal_inactive
000333_td_legacy_7,000333,td_legacy,2026-07-15,2026-07-15,1,2026-07-17,signal_inactive
000333_td_legacy_8,000333,td_legacy,2026-07-29,2026-07-29,1,2026-07-31,signal_inactive
000333_td_legacy_9,000333,td_legacy,2026-08-28,2026-08-28,1,2026-09-01,signal_inactive
000338_sv_legacy_1,000338,sv_legacy,2026-02-26,2026-02-26,1,2026-03-02,signal_inactive
000338_sv_legacy_2,000338,sv_legacy,2026-04-16,2026-04-16,1,2026-04-20,signal_inactive
000338_sv_legacy_3,000338,sv_legacy,2026-05-11,2026-05-11,1,2026-05-13,signal_inactive
000338_sv_legacy_4,000338,sv_legacy,2026-05-15,2026-05-15,1,2026-05-19,signal_inactive
000338_sv_legacy_5,000338,sv_legacy,2026-08-12,2026-08-12,1,2026-08-14,signal_inactive
000338_sv_legacy_6,000338,sv_legacy,2026-09-01,2026-09-01,1,,
000338_td_legacy_1,000338,td_legacy,2026-04-30,2026-04-30,1,2026-05-07,signal_inactive
000338_td_legacy_2,000338,td_legacy,2026-07-27,2026-07-27,1,2026-07-29,signal_inactive
000338_td_legacy_3,000338,td_legacy,2026-09-01,2026-09-01,1,,
000400_sv_legacy_1,000400,sv_legacy,2026-04-01,2026-04-01,1,2026-04-03,signal_inactive
000400_sv_legacy_2,000400,sv_legacy,2026-04-14,2026-04-14,1,2026-04-16,signal_inactive
000400_td_legacy_1,000400,td_legacy,2026-03-02,2026-03-02,1,2026-03-04,signal_inactive
000400_td_legacy_2,000400,td_legacy,2026-04-10,2026-04-10,1,2026-04-14,signal_inactive
000400_td_legacy_3,000400,td_legacy,2026-05-13,2026-05-13,1,2026-05-15,signal_inactive
000400_td_legacy_4,000400,td_legacy,2026-05-25,2026-05-25,1,2026-05-27,signal_inactive
000404_sv_legacy_1,000404,sv_legacy,2026-07-15,2026-07-15,1,2026-07-17,signal_inactive
000404_sv_legacy_2,000404,sv_legacy,2026-07-23,2026-07-27,2,2026-07-29,signal_inactive
000404_sv_legacy_3,000404,sv_legacy,2026-07-31,2026-07-31,1,2026-08-04,signal_inactive
000404_td_legacy_1,000404,td_legacy,2026-05-15,2026-05-15,1,2026-05-19,signal_inactive
000404_td_legacy_2,000404,td_legacy,2026-06-12,2026-06-12,1,2026-06-16,signal_inactive
000404_td_legacy_3,000404,td_legacy,2026-07-15,2026-07-15,1,2026-07-17,signal_inactive
000404_td_legacy_4,000404,td_legacy,2026-07-21,2026-07-21,1,2026-07-23,signal_inactive
000404_td_legacy_5,000404,td_legacy,2026-07-29,2026-07-29,1,2026-07-31,signal_inactive
000407_sv_legacy_1,000407,sv_legacy,2026-01-19,2026-01-19,1,2026-01-21,signal_inactive
000407_sv_legacy_2,000407,sv_legacy,2026-02-04,2026-02-04,1,2026-02-06,signal_inactive
000407_sv_legacy_3,000407,sv_legacy,2026-03-24,2026-03-24,1,2026-03-26,signal_inactive
000407_sv_legacy_4,000407,sv_legacy,2026-04-10,2026-04-10,1,2026-04-14,signal_inactive
000407_sv_legacy_5,000407,sv_legacy,2026-04-22,2026-04-22,1,2026-04-24,signal_inactive
000407_sv_legacy_6,000407,sv_legacy,2026-05-13,2026-05-15,2,2026-05-19,signal_inactive
000407_sv_legacy_7,000407,sv_legacy,2026-06-18,2026-06-23,2,,
000407_td_legacy_1,000407,td_legacy,2026-01-29,2026-01-29,1,2026-02-02,signal_inactive
000407_td_legacy_2,000407,td_legacy,2026-03-02,2026-03-02,1,2026-03-04,signal_inactive
000407_td_legacy_3,000407,td_legacy,2026-04-20,2026-04-22,2,2026-04-24,signal_inactive
000407_td_legacy_4,000407,td_legacy,2026-04-28,2026-04-28,1,2026-04-30,signal_inactive
000407_td_legacy_5,000407,td_legacy,2026-06-12,2026-06-12,1,2026-06-16,signal_inactive
000407_td_legacy_6,000407,td_legacy,2026-06-23,2026-06-23,1,,
000408_sv_legacy_1,000408,sv_legacy,2026-01-15,2026-01-19,2,2026-01-21,signal_inactive
000408_sv_legacy_2,000408,sv_legacy,2026-02-06,2026-02-06,1,2026-02-10,signal_inactive
000408_sv_legacy_3,000408,sv_legacy,2026-02-24,2026-02-24,1,2026-02-26,signal_inactive
000408_sv_legacy_4,000408,sv_legacy,2026-03-04,2026-03-04,1,2026-03-06,signal_inactive
000408_sv_legacy_5,000408,sv_legacy,2026-03-10,2026-03-10,1,2026-03-12,signal_inactive
000408_sv_legacy_6,000408,sv_legacy,2026-07-27,2026-07-29,2,2026-07-31,signal_inactive
000408_td_legacy_1,000408,td_legacy,2026-01-15,2026-01-15,1,2026-01-19,signal_inactive
000408_td_legacy_2,000408,td_legacy,2026-01-23,2026-01-23,1,2026-01-27,signal_inactive
000408_td_legacy_3,000408,td_legacy,2026-02-12,2026-02-12,1,2026-02-24,signal_inactive
000408_td_legacy_4,000408,td_legacy,2026-02-26,2026-02-26,1,2026-03-02,signal_inactive
000408_td_legacy_5,000408,td_legacy,2026-03-10,2026-03-10,1,2026-03-12,signal_inactive
000408_td_legacy_6,000408,td_legacy,2026-07-29,2026-07-29,1,2026-07-31,signal_inactive
000408_td_legacy_7,000408,td_legacy,2026-08-04,2026-08-04,1,2026-08-06,signal_inactive
000410_sv_legacy_1,000410,sv_legacy,2026-03-04,2026-03-04,1,2026-03-06,signal_inactive
000410_sv_legacy_2,000410,sv_legacy,2026-03-10,2026-03-10,1,2026-03-12,signal_inactive
000410_sv_legacy_3,000410,sv_legacy,2026-03-18,2026-03-18,1,,
000410_td_legacy_1,000410,td_legacy,2026-01-07,2026-01-07,1,2026-01-09,signal_inactive
000410_td_legacy_2,000410,td_legacy,2026-01-23,2026-01-23,1,2026-01-27,signal_inactive
000410_td_legacy_3,000410,td_legacy,2026-03-06,2026-03-06,1,2026-03-10,signal_inactive
000411_sv_legacy_1,000411,sv_legacy,2026-01-05,2026-01-05,1,2026-01-07,signal_inactive
000411_sv_legacy_2,000411,sv_legacy,2026-02-12,2026-02-12,1,2026-02-24,signal_inactive
000411_sv_legacy_3,000411,sv_legacy,2026-03-04,2026-03-10,3,2026-03-12,signal_inactive
000411_sv_legacy_4,000411,sv_legacy,2026-04-10,2026-04-10,1,2026-04-14,signal_inactive
000411_td_legacy_1,000411,td_legacy,2026-01-19,2026-01-19,1,2026-01-21,signal_inactive
000411_td_legacy_2,000411,td_legacy,2026-03-10,2026-03-10,1,2026-03-12,signal_inactive
000415_sv_legacy_1,000415,sv_legacy,2026-01-05,2026-01-05,1,2026-01-07,signal_inactive
000415_sv_legacy_2,000415,sv_legacy,2026-01-09,2026-01-09,1,2026-01-13,signal_inactive
000415_sv_legacy_3,000415,sv_legacy,2026-01-15,2026-01-15,1,2026-01-19,signal_inactive
000415_sv_legacy_4,000415,sv_legacy,2026-02-24,2026-02-24,1,2026-02-26,signal_inactive
000415_sv_legacy_5,000415,sv_legacy,2026-03-06,2026-03-10,2,2026-04-01,signal_inactive
000415_sv_legacy_6,000415,sv_legacy,2026-04-10,2026-04-10,1,2026-04-14,signal_inactive
000415_sv_legacy_7,000415,sv_legacy,2026-04-20,2026-04-20,1,2026-04-22,signal_inactive
000415_sv_legacy_8,000415,sv_legacy,2026-05-07,2026-05-07,1,2026-05-11,signal_inactive
000415_sv_legacy_9,000415,sv_legacy,2026-08-20,2026-08-20,1,2026-08-24,signal_inactive
000415_sv_legacy_10,000415,sv_legacy,2026-08-26,2026-08-28,2,,
000415_td_legacy_1,000415,td_legacy,2026-01-09,2026-01-09,1,2026-01-13,signal_inactive
000415_td_legacy_2,000415,td_legacy,2026-02-24,2026-02-24,1,2026-02-26,signal_inactive
000415_td_legacy_3,000415,td_legacy,2026-04-01,2026-04-01,1,2026-04-03,signal_inactive
000415_td_legacy_4,000415,td_legacy,2026-07-23,2026-07-23,1,2026-07-27,signal_inactive
000415_td_legacy_5,000415,td_legacy,2026-07-31,2026-07-31,1,2026-08-04,signal_inactive
000415_td_legacy_6,000415,td_legacy,2026-08-10,2026-08-10,1,2026-08-12,signal_inactive
000417_sv_legacy_1,000417,sv_legacy,2026-03-10,2026-03-10,1,2026-03-12,signal_inactive
000417_sv_legacy_2,000417,sv_legacy,2026-03-16,2026-03-16,1,2026-03-18,signal_inactive
000417_sv_legacy_3,000417,sv_legacy,2026-07-01,2026-07-01,1,2026-07-03,signal_inactive
000417_td_legacy_1,000417,td_legacy,2026-02-04,2026-02-04,1,2026-02-06,signal_inactive
000417_td_legacy_2,000417,td_legacy,2026-02-12,2026-02-12,1,2026-02-24,signal_inactive
000417_td_legacy_3,000417,td_legacy,2026-03-10,2026-03-10,1,2026-03-12,signal_inactive
000417_td_legacy_4,000417,td_legacy,2026-07-01,2026-07-01,1,2026-07-03,signal_inactive
000419_sv_legacy_1,000419,sv_legacy,2026-01-05,2026-01-05,1,2026-01-07,signal_inactive
000419_sv_legacy_2,000419,sv_legacy,2026-02-24,2026-02-24,1,2026-02-26,signal_inactive
000419_sv_legacy_3,000419,sv_legacy,2026-03-10,2026-03-10,1,2026-03-12,signal_inactive
000419_sv_legacy_4,000419,sv_legacy,2026-03-18,2026-03-18,1,2026-04-01,signal_inactive
000419_sv_legacy_5,000419,sv_legacy,2026-04-24,2026-04-24,1,2026-04-28,signal_inactive
000419_td_legacy_1,000419,td_legacy,2026-01-09,2026-01-09,1,2026-01-13,signal_inactive
000419_td_legacy_2,000419,td_legacy,2026-02-24,2026-02-24,1,2026-02-26,signal_inactive
000419_td_legacy_3,000419,td_legacy,2026-03-06,2026-03-06,1,2026-03-10,signal_inactive
000419_td_legacy_4,000419,td_legacy,2026-04-24,2026-04-24,1,2026-04-28,signal_inactive
000420_sv_legacy_1,000420,sv_legacy,2026-01-27,2026-01-27,1,2026-01-29,signal_inactive
000420_sv_legacy_2,000420,sv_legacy,2026-03-06,2026-03-10,2,2026-03-12,signal_inactive
000420_sv_legacy_3,000420,sv_legacy,2026-04-01,2026-04-01,1,2026-04-03,signal_inactive
000420_sv_legacy_4,000420,sv_legacy,2026-04-16,2026-04-16,1,2026-04-20,signal_inactive
000420_sv_legacy_5,000420,sv_legacy,2026-05-11,2026-05-13,2,2026-05-15,signal_inactive
000420_td_legacy_1,000420,td_legacy,2026-01-07,2026-01-07,1,2026-01-09,signal_inactive
000420_td_legacy_2,000420,td_legacy,2026-07-03,2026-07-03,1,2026-07-07,signal_inactive
000420_td_legacy_3,000420,td_legacy,2026-07-29,2026-07-29,1,2026-07-31,signal_inactive
000421_sv_legacy_1,000421,sv_legacy,2026-01-13,2026-01-15,2,2026-01-19,signal_inactive
000421_sv_legacy_2,000421,sv_legacy,2026-01-21,2026-01-21,1,2026-01-23,signal_inactive
000421_sv_legacy_3,000421,sv_legacy,2026-02-06,2026-02-06,1,2026-02-10,signal_inactive
000421_sv_legacy_4,000421,sv_legacy,2026-03-06,2026-03-06,1,2026-03-10,signal_inactive
000421_sv_legacy_5,000421,sv_legacy,2026-03-12,2026-03-12,1,2026-03-16,signal_inactive
000421_sv_legacy_6,000421,sv_legacy,2026-03-18,2026-03-18,1,2026-03-20,signal_inactive
000421_sv_legacy_7,000421,sv_legacy,2026-04-10,2026-04-10,1,2026-04-28,signal_inactive
000422_sv_legacy_1,000422,sv_legacy,2026-01-13,2026-01-13,1,2026-01-15,signal_inactive
000422_sv_legacy_2,000422,sv_legacy,2026-04-16,2026-04-16,1,2026-04-20,signal_inactive
000422_sv_legacy_3,000422,sv_legacy,2026-06-16,2026-06-16,1,2026-06-18,signal_inactive
000422_sv_legacy_4,000422,sv_legacy,2026-06-29,2026-06-29,1,,
000422_td_legacy_1,000422,td_legacy,2026-05-11,2026-05-11,1,2026-05-13,signal_inactive
000422_td_legacy_2,000422,td_legacy,2026-06-16,2026-06-16,1,2026-06-18,signal_inactive
000425_sv_legacy_1,000425,sv_legacy,2026-01-15,2026-01-15,1,2026-01-19,signal_inactive
000425_sv_legacy_2,000425,sv_legacy,2026-01-29,2026-01-29,1,2026-02-02,signal_inactive
000425_sv_legacy_3,000425,sv_legacy,2026-03-04,2026-03-06,2,2026-03-10,signal_inactive
000425_sv_legacy_4,000425,sv_legacy,2026-04-14,2026-04-14,1,2026-04-16,signal_inactive
000426_sv_legacy_1,000426,sv_legacy,2026-01-09,2026-01-09,1,2026-01-13,signal_inactive
000426_sv_legacy_2,000426,sv_legacy,2026-04-01,2026-04-01,1,2026-04-03,signal_inactive
000426_sv_legacy_3,000426,sv_legacy,2026-04-16,2026-04-16,1,2026-04-20,signal_inactive
000426_sv_legacy_4,000426,sv_legacy,2026-05-29,2026-05-29,1,2026-06-02,signal_inactive
000426_td_legacy_1,000426,td_legacy,2026-04-20,2026-04-20,1,2026-04-22,signal_inactive
000426_td_legacy_2,000426,td_legacy,2026-06-12,2026-06-12,1,2026-06-16,signal_inactive
000428_sv_legacy_1,000428,sv_legacy,2026-02-10,2026-02-10,1,2026-02-12,signal_inactive
000428_sv_legacy_2,000428,sv_legacy,2026-03-18,2026-03-18,1,2026-03-20,signal_inactive
000428_sv_legacy_3,000428,sv_legacy,2026-04-20,2026-04-20,1,2026-04-22,signal_inactive
000428_sv_legacy_4,000428,sv_legacy,2026-04-24,2026-04-24,1,2026-04-28,signal_inactive
000428_sv_legacy_5,000428,sv_legacy,2026-05-13,2026-05-13,1,2026-05-15,signal_inactive
000428_sv_legacy_6,000428,sv_legacy,2026-05-19,2026-05-19,1,2026-05-21,signal_inactive
000428_sv_legacy_7,000428,sv_legacy,2026-06-12,2026-06-12,1,2026-06-23,signal_inactive
000428_sv_legacy_8,000428,sv_legacy,2026-07-03,2026-07-03,1,2026-07-07,signal_inactive
000428_sv_legacy_9,000428,sv_legacy,2026-08-04,2026-08-04,1,2026-08-06,signal_inactive
000428_sv_legacy_10,000428,sv_legacy,2026-08-20,2026-08-20,1,2026-08-24,signal_inactive
000428_td_legacy_1,000428,td_legacy,2026-01-07,2026-01-09,2,2026-01-13,signal_inactive
000428_td_legacy_2,000428,td_legacy,2026-01-19,2026-01-19,1,2026-01-21,signal_inactive
000428_td_legacy_3,000428,td_legacy,2026-01-29,2026-02-02,2,2026-02-04,signal_inactive
000428_td_legacy_4,000428,td_legacy,2026-03-06,2026-03-06,1,2026-03-10,signal_inactive
000428_td_legacy_5,000428,td_legacy,2026-03-18,2026-03-18,1,2026-03-20,signal_inactive
000428_td_legacy_6,000428,td_legacy,2026-04-16,2026-04-16,1,2026-04-20,signal_inactive
000428_td_legacy_7,000428,td_legacy,2026-05-11,2026-05-11,1,2026-05-13,signal_inactive
000428_td_legacy_8,000428,td_legacy,2026-05-21,2026-05-21,1,2026-05-25,signal_inactive
000430_sv_legacy_1,000430,sv_legacy,2026-01-21,2026-01-21,1,2026-01-23,signal_inactive
000488_sv_legacy_1,000488,sv_legacy,2026-06-12,2026-06-12,1,2026-06-16,signal_inactive
000488_sv_legacy_2,000488,sv_legacy,2026-07-07,2026-07-07,1,2026-07-09,signal_inactive
000488_sv_legacy_3,000488,sv_legacy,2026-07-27,2026-07-27,1,2026-07-29,signal_inactive
000488_sv_legacy_4,000488,sv_legacy,2026-07-31,2026-07-31,1,,
000488_td_legacy_1,000488,td_legacy,2026-07-23,2026-07-23,1,2026-07-27,signal_inactive
000488_td_legacy_2,000488,td_legacy,2026-07-29,2026-07-29,1,2026-07-31,signal_inactive
000498_sv_legacy_1,000498,sv_legacy,2026-02-24,2026-02-24,1,2026-02-26,signal_inactive
000498_sv_legacy_2,000498,sv_legacy,2026-03-06,2026-03-06,1,2026-03-10,signal_inactive
000498_sv_legacy_3,000498,sv_legacy,2026-04-10,2026-04-10,1,2026-04-14,signal_inactive
000498_td_legacy_1,000498,td_legacy,2026-01-05,2026-01-05,1,2026-01-07,signal_inactive
000498_td_legacy_2,000498,td_legacy,2026-03-10,2026-03-10,1,2026-03-12,signal_inactive
000498_td_legacy_3,000498,td_legacy,2026-03-30,2026-03-30,1,2026-04-01,signal_inactive
000498_td_legacy_4,000498,td_legacy,2026-04-14,2026-04-14,1,2026-04-16,signal_inactive
000501_sv_legacy_1,000501,sv_legacy,2026-03-10,2026-03-10,1,2026-03-12,signal_inactive
000501_sv_legacy_2,000501,sv_legacy,2026-03-16,2026-03-16,1,,
000501_td_legacy_1,000501,td_legacy,2026-01-07,2026-01-07,1,2026-01-09,signal_inactive
000501_td_legacy_2,000501,td_legacy,2026-03-10,2026-03-10,1,2026-03-12,signal_inactive
000504_sv_legacy_1,000504,sv_legacy,2026-01-13,2026-01-15,2,2026-01-19,signal_inactive
000504_td_legacy_1,000504,td_legacy,2026-06-02,2026-06-02,1,2026-06-04,signal_inactive
000505_sv_legacy_1,000505,sv_legacy,2026-02-06,2026-02-06,1,2026-02-10,signal_inactive
000505_sv_legacy_2,000505,sv_legacy,2026-03-06,2026-03-06,1,2026-03-10,signal_inactive
000505_sv_legacy_3,000505,sv_legacy,2026-04-10,2026-04-10,1,2026-04-14,signal_inactive
000505_sv_legacy_4,000505,sv_legacy,2026-04-16,2026-04-20,2,2026-04-22,signal_inactive
000505_td_legacy_1,000505,td_legacy,2026-03-02,2026-03-02,1,2026-03-04,signal_inactive
000505_td_legacy_2,000505,td_legacy,2026-03-12,2026-03-12,1,2026-03-16,signal_inactive
000505_td_legacy_3,000505,td_legacy,2026-04-30,2026-04-30,1,,
000506_td_legacy_1,000506,td_legacy,2026-01-09,2026-01-09,1,2026-01-13,signal_inactive
000506_td_legacy_2,000506,td_legacy,2026-06-02,2026-06-02,1,2026-06-04,signal_inactive
000507_sv_legacy_1,000507,sv_legacy,2026-04-01,2026-04-01,1,2026-04-08,signal_inactive
000507_td_legacy_1,000507,td_legacy,2026-03-12,2026-03-12,1,2026-03-16,signal_inactive
000509_sv_legacy_1,000509,sv_legacy,2026-02-06,2026-02-06,1,2026-02-10,signal_inactive
000509_sv_legacy_2,000509,sv_legacy,2026-03-04,2026-03-04,1,2026-03-06,signal_inactive
000509_sv_legacy_3,000509,sv_legacy,2026-03-10,2026-03-10,1,2026-03-12,signal_inactive
000509_sv_legacy_4,000509,sv_legacy,2026-03-18,2026-03-18,1,2026-03-20,signal_inactive
000509_sv_legacy_5,000509,sv_legacy,2026-05-15,2026-05-15,1,2026-05-19,signal_inactive
000509_sv_legacy_6,000509,sv_legacy,2026-08-10,2026-08-10,1,2026-08-12,signal_inactive
000509_sv_legacy_7,000509,sv_legacy,2026-08-20,2026-08-20,1,2026-08-24,signal_inactive
000509_sv_legacy_8,000509,sv_legacy,2026-09-01,2026-09-01,1,,
000509_td_legacy_1,000509,td_legacy,2026-03-10,2026-03-10,1,2026-03-12,signal_inactive
000509_td_legacy_2,000509,td_legacy,2026-03-16,2026-03-18,2,2026-03-20,signal_inactive
000509_td_legacy_3,000509,td_legacy,2026-03-30,2026-03-30,1,2026-04-01,signal_inactive
000509_td_legacy_4,000509,td_legacy,2026-08-12,2026-08-12,1,2026-08-14,signal_inactive
000509_td_legacy_5,000509,td_legacy,2026-08-24,2026-08-24,1,2026-08-26,signal_inactive
000510_sv_legacy_1,000510,sv_legacy,2026-01-23,2026-01-23,1,2026-01-27,signal_inactive
000510_sv_legacy_2,000510,sv_legacy,2026-04-24,2026-04-24,1,2026-04-30,signal_inactive
000510_sv_legacy_3,000510,sv_legacy,2026-06-04,2026-06-04,1,2026-06-08,signal_inactive
000510_sv_legacy_4,000510,sv_legacy,2026-06-18,2026-06-18,1,2026-06-23,signal_inactive
000510_sv_legacy_5,000510,sv_legacy,2026-08-12,2026-08-12,1,2026-08-14,signal_inactive
000510_td_legacy_1,000510,td_legacy,2026-04-14,2026-04-14,1,2026-04-16,signal_inactive
000510_td_legacy_2,000510,td_legacy,2026-04-20,2026-04-20,1,2026-04-22,signal_inactive
000510_td_legacy_3,000510,td_legacy,2026-05-11,2026-05-11,1,2026-05-13,signal_inactive
000514_sv_legacy_1,000514,sv_legacy,2026-01-15,2026-01-15,1,2026-01-19,signal_inactive
000514_sv_legacy_2,000514,sv_legacy,2026-02-24,2026-02-24,1,2026-02-26,signal_inactive
000514_td_legacy_1,000514,td_legacy,2026-01-29,2026-01-29,1,2026-02-02,signal_inactive
000514_td_legacy_2,000514,td_legacy,2026-02-04,2026-02-04,1,2026-02-06,signal_inactive
000518_sv_legacy_1,000518,sv_legacy,2026-03-04,2026-03-04,1,2026-03-06,signal_inactive
000518_sv_legacy_2,000518,sv_legacy,2026-03-24,2026-03-24,1,2026-03-26,signal_inactive
000518_sv_legacy_3,000518,sv_legacy,2026-04-08,2026-04-08,1,2026-04-10,signal_inactive
000518_sv_legacy_4,000518,sv_legacy,2026-04-24,2026-04-24,1,2026-04-28,signal_inactive
000518_sv_legacy_5,000518,sv_legacy,2026-04-30,2026-04-30,1,2026-05-07,signal_inactive
000518_sv_legacy_6,000518,sv_legacy,2026-07-03,2026-07-03,1,2026-07-07,signal_inactive
000518_sv_legacy_7,000518,sv_legacy,2026-07-29,2026-07-29,1,2026-07-31,signal_inactive
000518_sv_legacy_8,000518,sv_legacy,2026-08-20,2026-08-20,1,2026-08-24,signal_inactive
000518_td_legacy_1,000518,td_legacy,2026-03-12,2026-03-16,2,2026-03-18,signal_inactive
000518_td_legacy_2,000518,td_legacy,2026-04-08,2026-04-08,1,2026-04-10,signal_inactive
000518_td_legacy_3,000518,td_legacy,2026-05-07,2026-05-07,1,2026-05-11,signal_inactive
000518_td_legacy_4,000518,td_legacy,2026-07-03,2026-07-03,1,2026-07-07,signal_inactive
000518_td_legacy_5,000518,td_legacy,2026-08-20,2026-08-20,1,2026-08-24,signal_inactive
000518_td_legacy_6,000518,td_legacy,2026-09-01,2026-09-01,1,,
000519_sv_legacy_1,000519,sv_legacy,2026-06-02,2026-06-02,1,2026-06-04,signal_inactive
000519_td_legacy_1,000519,td_legacy,2026-06-12,2026-06-12,1,2026-06-16,signal_inactive
000519_td_legacy_2,000519,td_legacy,2026-06-25,2026-06-25,1,2026-06-29,signal_inactive
000523_sv_legacy_1,000523,sv_legacy,2026-01-19,2026-01-19,1,2026-01-21,signal_inactive
000523_sv_legacy_2,000523,sv_legacy,2026-03-16,2026-03-18,2,2026-04-01,signal_inactive
000523_sv_legacy_3,000523,sv_legacy,2026-04-10,2026-04-10,1,2026-04-14,signal_inactive
000523_sv_legacy_4,000523,sv_legacy,2026-04-20,2026-04-20,1,2026-04-22,signal_inactive
000523_sv_legacy_5,000523,sv_legacy,2026-04-24,2026-04-24,1,2026-04-28,signal_inactive
000523_td_legacy_1,000523,td_legacy,2026-03-16,2026-03-16,1,2026-03-18,signal_inactive
000524_sv_legacy_1,000524,sv_legacy,2026-01-19,2026-01-19,1,2026-01-21,signal_inactive
000524_td_legacy_1,000524,td_legacy,2026-01-09,2026-01-09,1,2026-01-13,signal_inactive
000530_sv_legacy_1,000530,sv_legacy,2026-02-06,2026-02-06,1,2026-02-10,signal_inactive
000530_sv_legacy_2,000530,sv_legacy,2026-03-10,2026-03-10,1,2026-03-12,signal_inactive
000530_sv_legacy_3,000530,sv_legacy,2026-04-14,2026-04-14,1,2026-04-16,signal_inactive
000530_sv_legacy_4,000530,sv_legacy,2026-04-22,2026-04-22,1,2026-04-24,signal_inactive
000530_td_legacy_1,000530,td_legacy,2026-03-10,2026-03-10,1,2026-03-12,signal_inactive
000530_td_legacy_2,000530,td_legacy,2026-04-08,2026-04-08,1,2026-04-10,signal_inactive
000531_sv_legacy_1,000531,sv_legacy,2026-02-06,2026-02-06,1,2026-02-10,signal_inactive
000531_sv_legacy_2,000531,sv_legacy,2026-02-24,2026-02-24,1,2026-02-26,signal_inactive
000531_sv_legacy_3,000531,sv_legacy,2026-04-08,2026-04-08,1,2026-04-10,signal_inactive
000531_sv_legacy_4,000531,sv_legacy,2026-04-16,2026-04-16,1,2026-04-20,signal_inactive
000531_sv_legacy_5,000531,sv_legacy,2026-04-22,2026-04-22,1,2026-04-24,signal_inactive
000531_sv_legacy_6,000531,sv_legacy,2026-05-11,2026-05-11,1,2026-05-13,signal_inactive
000531_sv_legacy_7,000531,sv_legacy,2026-07-27,2026-07-27,1,2026-07-29,signal_inactive
000531_sv_legacy_8,000531,sv_legacy,2026-07-31,2026-07-31,1,,
000531_td_legacy_1,000531,td_legacy,2026-01-09,2026-01-09,1,2026-01-13,signal_inactive
000531_td_legacy_2,000531,td_legacy,2026-01-19,2026-01-19,1,2026-01-21,signal_inactive
000531_td_legacy_3,000531,td_legacy,2026-02-26,2026-02-26,1,2026-03-02,signal_inactive
000531_td_legacy_4,000531,td_legacy,2026-03-12,2026-03-12,1,2026-03-16,signal_inactive
000531_td_legacy_5,000531,td_legacy,2026-03-20,2026-03-20,1,2026-03-24,signal_inactive
000531_td_legacy_6,000531,td_legacy,2026-04-08,2026-04-08,1,2026-04-10,signal_inactive
000531_td_legacy_7,000531,td_legacy,2026-04-20,2026-04-22,2,2026-04-24,signal_inactive
000531_td_legacy_8,000531,td_legacy,2026-05-13,2026-05-13,1,2026-05-15,signal_inactive
000531_td_legacy_9,000531,td_legacy,2026-05-25,2026-05-25,1,2026-05-27,signal_inactive
000531_td_legacy_10,000531,td_legacy,2026-07-23,2026-07-23,1,2026-07-27,signal_inactive
000531_td_legacy_11,000531,td_legacy,2026-07-31,2026-07-31,1,,
000532_sv_legacy_1,000532,sv_legacy,2026-01-21,2026-01-21,1,2026-01-23,signal_inactive
000532_sv_legacy_2,000532,sv_legacy,2026-02-26,2026-02-26,1,2026-03-02,signal_inactive
000532_sv_legacy_3,000532,sv_legacy,2026-04-01,2026-04-01,1,2026-04-03,signal_inactive
000532_sv_legacy_4,000532,sv_legacy,2026-04-16,2026-04-20,2,2026-04-22,signal_inactive
000532_sv_legacy_5,000532,sv_legacy,2026-04-24,2026-04-24,1,,
000532_td_legacy_1,000532,td_legacy,2026-02-26,2026-02-26,1,2026-03-02,signal_inactive
000532_td_legacy_2,000532,td_legacy,2026-04-08,2026-04-08,1,2026-04-10,signal_inactive
000532_td_legacy_3,000532,td_legacy,2026-04-14,2026-04-14,1,2026-04-16,signal_inactive
000532_td_legacy_4,000532,td_legacy,2026-04-20,2026-04-20,1,2026-04-22,signal_inactive
000533_sv_legacy_1,000533,sv_legacy,2026-01-05,2026-01-05,1,2026-01-07,signal_inactive
000533_sv_legacy_2,000533,sv_legacy,2026-06-12,2026-06-12,1,2026-06-16,signal_inactive
000533_sv_legacy_3,000533,sv_legacy,2026-07-03,2026-07-03,1,2026-07-07,signal_inactive
000533_sv_legacy_4,000533,sv_legacy,2026-08-20,2026-08-20,1,2026-08-24,signal_inactive
000533_sv_legacy_5,000533,sv_legacy,2026-08-28,2026-08-28,1,,
000533_td_legacy_1,000533,td_legacy,2026-01-13,2026-01-13,1,2026-01-15,signal_inactive
000533_td_legacy_2,000533,td_legacy,2026-04-10,2026-04-14,2,2026-04-16,signal_inactive
000533_td_legacy_3,000533,td_legacy,2026-08-28,2026-08-28,1,,
000534_sv_legacy_1,000534,sv_legacy,2026-04-20,2026-04-20,1,2026-04-22,signal_inactive
000534_sv_legacy_2,000534,sv_legacy,2026-08-20,2026-08-20,1,,
000534_td_legacy_1,000534,td_legacy,2026-05-19,2026-05-19,1,2026-06-02,signal_inactive
000534_td_legacy_2,000534,td_legacy,2026-06-12,2026-06-12,1,2026-06-18,signal_inactive
000536_sv_legacy_1,000536,sv_legacy,2026-01-21,2026-01-21,1,2026-01-23,signal_inactive
000536_sv_legacy_2,000536,sv_legacy,2026-03-24,2026-03-24,1,,
000536_td_legacy_1,000536,td_legacy,2026-01-05,2026-01-05,1,2026-01-07,signal_inactive
000536_td_legacy_2,000536,td_legacy,2026-03-10,2026-03-16,3,2026-03-18,signal_inactive
000537_sv_legacy_1,000537,sv_legacy,2026-04-01,2026-04-01,1,2026-04-03,signal_inactive
000537_sv_legacy_2,000537,sv_legacy,2026-04-16,2026-04-16,1,2026-04-20,signal_inactive
000537_sv_legacy_3,000537,sv_legacy,2026-04-22,2026-04-22,1,2026-04-24,signal_inactive
000537_sv_legacy_4,000537,sv_legacy,2026-05-11,2026-05-11,1,2026-05-13,signal_inactive
000537_sv_legacy_5,000537,sv_legacy,2026-07-03,2026-07-03,1,2026-07-07,signal_inactive
000537_sv_legacy_6,000537,sv_legacy,2026-07-27,2026-07-27,1,2026-07-29,signal_inactive
000537_td_legacy_1,000537,td_legacy,2026-04-08,2026-04-08,1,2026-04-10,signal_inactive
000537_td_legacy_2,000537,td_legacy,2026-04-20,2026-04-22,2,2026-04-24,signal_inactive
000537_td_legacy_3,000537,td_legacy,2026-05-11,2026-05-11,1,2026-05-13,signal_inactive
000537_td_legacy_4,000537,td_legacy,2026-05-25,2026-05-25,1,2026-05-27,signal_inactive
000537_td_legacy_5,000537,td_legacy,2026-07-17,2026-07-17,1,2026-07-21,signal_inactive
000537_td_legacy_6,000537,td_legacy,2026-07-31,2026-07-31,1,2026-08-10,signal_inactive
000538_sv_legacy_1,000538,sv_legacy,2026-01-09,2026-01-13,2,,
000539_sv_legacy_1,000539,sv_legacy,2026-04-16,2026-04-16,1,2026-04-20,signal_inactive
000539_sv_legacy_2,000539,sv_legacy,2026-09-01,2026-09-01,1,,
000539_td_legacy_1,000539,td_legacy,2026-03-12,2026-03-12,1,2026-03-16,signal_inactive
000539_td_legacy_2,000539,td_legacy,2026-08-12,2026-08-12,1,2026-08-14,signal_inactive
000539_td_legacy_3,000539,td_legacy,2026-08-26,2026-08-26,1,2026-08-28,signal_inactive
000543_sv_legacy_1,000543,sv_legacy,2026-03-18,2026-03-18,1,2026-03-20,signal_inactive
000543_sv_legacy_2,000543,sv_legacy,2026-04-10,2026-04-10,1,2026-04-14,signal_inactive
000543_sv_legacy_3,000543,sv_legacy,2026-04-28,2026-04-28,1,2026-04-30,signal_inactive
000543_sv_legacy_4,000543,sv_legacy,2026-05-21,2026-05-21,1,2026-05-25,signal_inactive
000543_sv_legacy_5,000543,sv_legacy,2026-05-27,2026-05-27,1,2026-05-29,signal_inactive
000543_sv_legacy_6,000543,sv_legacy,2026-07-03,2026-07-03,1,2026-07-07,signal_inactive
000543_sv_legacy_7,000543,sv_legacy,2026-07-23,2026-07-27,2,2026-07-29,signal_inactive
000543_td_legacy_1,000543,td_legacy,2026-05-13,2026-05-13,1,2026-05-15,signal_inactive
000543_td_legacy_2,000543,td_legacy,2026-05-27,2026-05-27,1,2026-05-29,signal_inactive
000543_td_legacy_3,000543,td_legacy,2026-07-03,2026-07-03,1,2026-07-07,signal_inactive
000543_td_legacy_4,000543,td_legacy,2026-07-23,2026-07-23,1,2026-07-27,signal_inactive
000544_sv_legacy_1,000544,sv_legacy,2026-01-15,2026-01-19,2,2026-01-21,signal_inactive
000544_sv_legacy_2,000544,sv_legacy,2026-03-06,2026-03-10,2,2026-03-12,signal_inactive
000544_sv_legacy_3,000544,sv_legacy,2026-03-18,2026-03-18,1,2026-03-20,signal_inactive
000544_sv_legacy_4,000544,sv_legacy,2026-03-24,2026-03-24,1,2026-03-26,signal_inactive
000544_sv_legacy_5,000544,sv_legacy,2026-05-13,2026-05-13,1,2026-05-19,signal_inactive
000544_td_legacy_1,000544,td_legacy,2026-01-19,2026-01-19,1,2026-01-21,signal_inactive
000544_td_legacy_2,000544,td_legacy,2026-02-26,2026-03-02,2,2026-03-04,signal_inactive
000544_td_legacy_3,000544,td_legacy,2026-03-10,2026-03-10,1,2026-03-12,signal_inactive
000544_td_legacy_4,000544,td_legacy,2026-05-19,2026-05-19,1,,
000545_sv_legacy_1,000545,sv_legacy,2026-01-15,2026-01-15,1,2026-01-19,signal_inactive
000545_sv_legacy_2,000545,sv_legacy,2026-01-23,2026-01-23,1,2026-01-27,signal_inactive
000545_sv_legacy_3,000545,sv_legacy,2026-02-04,2026-02-04,1,2026-02-06,signal_inactive
000545_sv_legacy_4,000545,sv_legacy,2026-04-01,2026-04-01,1,2026-04-08,signal_inactive
000545_sv_legacy_5,000545,sv_legacy,2026-04-28,2026-04-28,1,2026-04-30,signal_inactive
000545_sv_legacy_6,000545,sv_legacy,2026-05-13,2026-05-13,1,2026-05-15,signal_inactive
000545_sv_legacy_7,000545,sv_legacy,2026-05-19,2026-05-19,1,2026-06-02,signal_inactive
000545_td_legacy_1,000545,td_legacy,2026-01-23,2026-01-23,1,2026-01-27,signal_inactive
000545_td_legacy_2,000545,td_legacy,2026-04-28,2026-04-28,1,2026-04-30,signal_inactive
000545_td_legacy_3,000545,td_legacy,2026-06-12,2026-06-12,1,2026-06-16,signal_inactive
000546_sv_legacy_1,000546,sv_legacy,2026-01-19,2026-01-19,1,2026-01-21,signal_inactive
000546_sv_legacy_2,000546,sv_legacy,2026-03-06,2026-03-06,1,2026-03-10,signal_inactive
000546_sv_legacy_3,000546,sv_legacy,2026-04-22,2026-04-22,1,2026-04-24,signal_inactive
000546_td_legacy_1,000546,td_legacy,2026-04-22,2026-04-22,1,2026-04-24,signal_inactive
000546_td_legacy_2,000546,td_legacy,2026-06-12,2026-06-12,1,2026-06-16,signal_inactive
000547_sv_legacy_1,000547,sv_legacy,2026-01-09,2026-01-09,1,2026-01-13,signal_inactive
000547_sv_legacy_2,000547,sv_legacy,2026-02-12,2026-02-12,1,2026-02-24,signal_inactive
000547_sv_legacy_3,000547,sv_legacy,2026-03-04,2026-03-04,1,2026-03-06,signal_inactive
000547_sv_legacy_4,000547,sv_legacy,2026-03-16,2026-03-16,1,2026-03-18,signal_inactive
000547_sv_legacy_5,000547,sv_legacy,2026-04-24,2026-04-24,1,2026-05-07,signal_inactive
000547_sv_legacy_6,000547,sv_legacy,2026-05-13,2026-05-13,1,2026-05-15,signal_inactive
000547_sv_legacy_7,000547,sv_legacy,2026-06-16,2026-06-16,1,2026-06-18,signal_inactive
000547_td_legacy_1,000547,td_legacy,2026-01-09,2026-01-09,1,2026-01-13,signal_inactive
000547_td_legacy_2,000547,td_legacy,2026-03-16,2026-03-16,1,2026-03-18,signal_inactive
000547_td_legacy_3,000547,td_legacy,2026-04-14,2026-04-14,1,2026-04-16,signal_inactive
000548_sv_legacy_1,000548,sv_legacy,2026-01-15,2026-01-15,1,2026-01-19,signal_inactive
000548_sv_legacy_2,000548,sv_legacy,2026-03-30,2026-03-30,1,2026-04-01,signal_inactive
000548_sv_legacy_3,000548,sv_legacy,2026-04-10,2026-04-10,1,2026-04-14,signal_inactive
000548_sv_legacy_4,000548,sv_legacy,2026-04-16,2026-04-16,1,2026-04-20,signal_inactive
000548_sv_legacy_5,000548,sv_legacy,2026-04-24,2026-04-24,1,2026-04-28,signal_inactive
000548_td_legacy_1,000548,td_legacy,2026-01-21,2026-01-21,1,2026-01-23,signal_inactive
000548_td_legacy_2,000548,td_legacy,2026-02-24,2026-02-24,1,2026-02-26,signal_inactive
000548_td_legacy_3,000548,td_legacy,2026-04-08,2026-04-08,1,2026-04-10,signal_inactive
000551_sv_legacy_1,000551,sv_legacy,2026-01-27,2026-01-27,1,2026-01-29,signal_inactive
000551_sv_legacy_2,000551,sv_legacy,2026-02-12,2026-02-12,1,2026-02-24,signal_inactive
000551_sv_legacy_3,000551,sv_legacy,2026-03-10,2026-03-10,1,2026-03-12,signal_inactive
000551_sv_legacy_4,000551,sv_legacy,2026-04-01,2026-04-01,1,2026-04-03,signal_inactive
000551_sv_legacy_5,000551,sv_legacy,2026-04-10,2026-04-10,1,2026-04-14,signal_inactive
000551_sv_legacy_6,000551,sv_legacy,2026-04-16,2026-04-16,1,2026-04-20,signal_inactive
000551_sv_legacy_7,000551,sv_legacy,2026-05-07,2026-05-07,1,2026-05-11,signal_inactive
000551_sv_legacy_8,000551,sv_legacy,2026-08-10,2026-08-10,1,2026-08-12,signal_inactive
000551_sv_legacy_9,000551,sv_legacy,2026-08-14,2026-08-14,1,2026-08-18,signal_inactive
000551_td_legacy_1,000551,td_legacy,2026-03-10,2026-03-10,1,2026-03-12,signal_inactive
000551_td_legacy_2,000551,td_legacy,2026-04-22,2026-04-22,1,2026-04-24,signal_inactive
000551_td_legacy_3,000551,td_legacy,2026-05-07,2026-05-07,1,2026-05-11,signal_inactive
000551_td_legacy_4,000551,td_legacy,2026-08-04,2026-08-04,1,2026-08-06,signal_inactive
000551_td_legacy_5,000551,td_legacy,2026-08-10,2026-08-10,1,2026-08-12,signal_inactive
000552_sv_legacy_1,000552,sv_legacy,2026-07-03,2026-07-03,1,2026-07-07,signal_inactive
000552_sv_legacy_2,000552,sv_legacy,2026-07-23,2026-07-27,2,2026-07-29,signal_inactive
000552_sv_legacy_3,000552,sv_legacy,2026-08-10,2026-08-10,1,2026-08-12,signal_inactive
000552_td_legacy_1,000552,td_legacy,2026-05-25,2026-05-29,2,2026-06-02,signal_inactive
000552_td_legacy_2,000552,td_legacy,2026-07-03,2026-07-03,1,2026-07-07,signal_inactive
000552_td_legacy_3,000552,td_legacy,2026-07-23,2026-07-23,1,2026-07-27,signal_inactive
000552_td_legacy_4,000552,td_legacy,2026-08-24,2026-08-24,1,2026-08-26,signal_inactive
000552_td_legacy_5,000552,td_legacy,2026-08-28,2026-08-28,1,2026-09-01,signal_inactive
000554_sv_legacy_1,000554,sv_legacy,2026-01-19,2026-01-19,1,2026-01-21,signal_inactive
000554_sv_legacy_2,000554,sv_legacy,2026-02-04,2026-02-04,1,2026-02-06,signal_inactive
000554_sv_legacy_3,000554,sv_legacy,2026-04-16,2026-04-20,2,2026-04-22,signal_inactive
000554_td_legacy_1,000554,td_legacy,2026-01-09,2026-01-09,1,2026-01-13,signal_inactive
000554_td_legacy_2,000554,td_legacy,2026-01-21,2026-01-21,1,2026-01-23,signal_inactive
000554_td_legacy_3,000554,td_legacy,2026-03-26,2026-03-26,1,2026-03-30,signal_inactive
000555_sv_legacy_1,000555,sv_legacy,2026-01-19,2026-01-19,1,2026-01-21,signal_inactive
000555_sv_legacy_2,000555,sv_legacy,2026-03-16,2026-03-16,1,2026-03-18,signal_inactive
000555_sv_legacy_3,000555,sv_legacy,2026-04-10,2026-04-10,1,2026-04-14,signal_inactive
000555_sv_legacy_4,000555,sv_legacy,2026-04-22,2026-04-22,1,2026-04-24,signal_inactive
000555_td_legacy_1,000555,td_legacy,2026-01-05,2026-01-05,1,2026-01-07,signal_inactive
000555_td_legacy_2,000555,td_legacy,2026-02-06,2026-02-06,1,2026-02-10,signal_inactive
000555_td_legacy_3,000555,td_legacy,2026-02-12,2026-02-12,1,2026-02-24,signal_inactive
000555_td_legacy_4,000555,td_legacy,2026-04-14,2026-04-14,1,2026-04-16,signal_inactive
000558_sv_legacy_1,000558,sv_legacy,2026-01-19,2026-01-19,1,2026-01-21,signal_inactive
000558_td_legacy_1,000558,td_legacy,2026-01-07,2026-01-09,2,2026-01-13,signal_inactive
000558_td_legacy_2,000558,td_legacy,2026-01-21,2026-01-21,1,2026-01-23,signal_inactive
000558_td_legacy_3,000558,td_legacy,2026-02-10,2026-02-10,1,,
000559_sv_legacy_1,000559,sv_legacy,2026-01-23,2026-01-23,1,2026-01-27,signal_inactive
000559_sv_legacy_2,000559,sv_legacy,2026-04-14,2026-04-16,2,2026-04-20,signal_inactive
000559_td_legacy_1,000559,td_legacy,2026-01-21,2026-01-21,1,2026-01-23,signal_inactive
000559_td_legacy_2,000559,td_legacy,2026-04-01,2026-04-01,1,2026-04-03,signal_inactive
000559_td_legacy_3,000559,td_legacy,2026-04-14,2026-04-14,1,2026-04-16,signal_inactive
000559_td_legacy_4,000559,td_legacy,2026-04-20,2026-04-20,1,2026-04-22,signal_inactive
000559_td_legacy_5,000559,td_legacy,2026-04-30,2026-05-07,2,2026-05-11,signal_inactive
000561_sv_legacy_1,000561,sv_legacy,2026-01-19,2026-01-19,1,2026-01-21,signal_inactive
000561_sv_legacy_2,000561,sv_legacy,2026-02-06,2026-02-06,1,2026-02-10,signal_inactive
000561_sv_legacy_3,000561,sv_legacy,2026-03-10,2026-03-10,1,2026-03-12,signal_inactive
000561_td_legacy_1,000561,td_legacy,2026-01-07,2026-01-07,1,2026-01-09,signal_inactive
000563_sv_legacy_1,000563,sv_legacy,2026-01-19,2026-01-19,1,2026-01-21,signal_inactive
000565_sv_legacy_1,000565,sv_legacy,2026-05-19,2026-05-19,1,,
000566_sv_legacy_1,000566,sv_legacy,2026-01-05,2026-01-05,1,2026-01-07,signal_inactive
000566_sv_legacy_2,000566,sv_legacy,2026-01-21,2026-01-21,1,2026-01-23,signal_inactive
000566_sv_legacy_3,000566,sv_legacy,2026-03-06,2026-03-06,1,2026-03-10,signal_inactive
000566_sv_legacy_4,000566,sv_legacy,2026-03-16,2026-03-18,2,2026-03-30,signal_inactive
000566_td_legacy_1,000566,td_legacy,2026-01-23,2026-01-23,1,2026-01-27,signal_inactive
000566_td_legacy_2,000566,td_legacy,2026-03-06,2026-03-06,1,2026-03-10,signal_inactive
000567_sv_legacy_1,000567,sv_legacy,2026-08-10,2026-08-10,1,2026-08-12,signal_inactive
000567_td_legacy_1,000567,td_legacy,2026-01-09,2026-01-09,1,2026-01-13,signal_inactive
000567_td_legacy_2,000567,td_legacy,2026-01-23,2026-01-23,1,2026-02-02,signal_inactive
000567_td_legacy_3,000567,td_legacy,2026-02-04,2026-02-04,1,2026-02-06,signal_inactive
000567_td_legacy_4,000567,td_legacy,2026-08-26,2026-08-26,1,2026-08-28,signal_inactive
000570_sv_legacy_1,000570,sv_legacy,2026-01-15,2026-01-15,1,2026-01-19,signal_inactive
000570_sv_legacy_2,000570,sv_legacy,2026-02-24,2026-02-26,2,2026-03-02,signal_inactive
000570_sv_legacy_3,000570,sv_legacy,2026-03-10,2026-03-10,1,2026-03-12,signal_inactive
000570_sv_legacy_4,000570,sv_legacy,2026-04-10,2026-04-10,1,2026-04-14,signal_inactive
000570_sv_legacy_5,000570,sv_legacy,2026-04-20,2026-04-22,2,2026-04-24,signal_inactive
000570_sv_legacy_6,000570,sv_legacy,2026-05-19,2026-05-19,1,2026-05-21,signal_inactive
000570_sv_legacy_7,000570,sv_legacy,2026-06-23,2026-06-23,1,,
000570_td_legacy_1,000570,td_legacy,2026-03-30,2026-03-30,1,2026-04-01,signal_inactive
000570_td_legacy_2,000570,td_legacy,2026-04-14,2026-04-14,1,2026-04-16,signal_inactive
000570_td_legacy_3,000570,td_legacy,2026-05-11,2026-05-11,1,2026-05-13,signal_inactive
000570_td_legacy_4,000570,td_legacy,2026-06-23,2026-06-23,1,,
000571_sv_legacy_1,000571,sv_legacy,2026-01-09,2026-01-09,1,2026-01-13,signal_inactive
000571_sv_legacy_2,000571,sv_legacy,2026-02-12,2026-02-12,1,2026-02-24,signal_inactive
000571_sv_legacy_3,000571,sv_legacy,2026-03-10,2026-03-10,1,2026-03-12,signal_inactive
000571_sv_legacy_4,000571,sv_legacy,2026-04-10,2026-04-10,1,2026-04-14,signal_inactive
000571_sv_legacy_5,000571,sv_legacy,2026-04-22,2026-04-22,1,2026-04-24,signal_inactive
000571_sv_legacy_6,000571,sv_legacy,2026-06-29,2026-06-29,1,,
000571_td_legacy_1,000571,td_legacy,2026-01-05,2026-01-05,1,2026-01-07,signal_inactive
000571_td_legacy_2,000571,td_legacy,2026-02-04,2026-02-04,1,2026-02-06,signal_inactive
000571_td_legacy_3,000571,td_legacy,2026-03-10,2026-03-10,1,2026-03-12,signal_inactive
000571_td_legacy_4,000571,td_legacy,2026-04-22,2026-04-22,1,2026-04-24,signal_inactive
000572_sv_legacy_1,000572,sv_legacy,2026-04-10,2026-04-10,1,2026-04-14,signal_inactive
000572_sv_legacy_2,000572,sv_legacy,2026-04-16,2026-04-16,1,2026-04-20,signal_inactive
000572_td_legacy_1,000572,td_legacy,2026-02-06,2026-02-06,1,2026-02-10,signal_inactive
000573_sv_legacy_1,000573,sv_legacy,2026-02-04,2026-02-04,1,2026-02-06,signal_inactive
000573_sv_legacy_2,000573,sv_legacy,2026-03-04,2026-03-04,1,2026-03-06,signal_inactive
000573_sv_legacy_3,000573,sv_legacy,2026-03-10,2026-03-10,1,2026-03-12,signal_inactive
000573_sv_legacy_4,000573,sv_legacy,2026-06-04,2026-06-04,1,2026-06-08,signal_inactive
000573_sv_legacy_5,000573,sv_legacy,2026-06-16,2026-06-16,1,,
000573_td_legacy_1,000573,td_legacy,2026-02-24,2026-02-24,1,2026-02-26,signal_inactive
000573_td_legacy_2,000573,td_legacy,2026-03-10,2026-03-10,1,2026-03-12,signal_inactive
000576_sv_legacy_1,000576,sv_legacy,2026-02-26,2026-02-26,1,,
000576_td_legacy_1,000576,td_legacy,2026-02-04,2026-02-04,1,2026-02-06,signal_inactive
000576_td_legacy_2,000576,td_legacy,2026-02-24,2026-02-24,1,2026-02-26,signal_inactive
000581_sv_legacy_1,000581,sv_legacy,2026-01-09,2026-01-09,1,2026-01-13,signal_inactive
000581_sv_legacy_2,000581,sv_legacy,2026-01-15,2026-01-15,1,2026-01-19,signal_inactive
000581_sv_legacy_3,000581,sv_legacy,2026-01-23,2026-01-27,2,2026-01-29,signal_inactive
000581_sv_legacy_4,000581,sv_legacy,2026-03-18,2026-03-18,1,2026-04-01,signal_inactive
000581_td_legacy_1,000581,td_legacy,2026-01-19,2026-01-19,1,2026-01-21,signal_inactive
000581_td_legacy_2,000581,td_legacy,2026-01-23,2026-01-23,1,2026-01-27,signal_inactive
000581_td_legacy_3,000581,td_legacy,2026-01-29,2026-01-29,1,2026-02-02,signal_inactive
000581_td_legacy_4,000581,td_legacy,2026-02-12,2026-02-12,1,2026-02-24,signal_inactive
000581_td_legacy_5,000581,td_legacy,2026-03-10,2026-03-10,1,2026-03-12,signal_inactive
000581_td_legacy_6,000581,td_legacy,2026-04-24,2026-04-24,1,2026-04-28,signal_inactive
000581_td_legacy_7,000581,td_legacy,2026-04-30,2026-04-30,1,,
000582_sv_legacy_1,000582,sv_legacy,2026-01-27,2026-01-27,1,2026-01-29,signal_inactive
000582_sv_legacy_2,000582,sv_legacy,2026-03-04,2026-03-06,2,2026-03-10,signal_inactive
000582_sv_legacy_3,000582,sv_legacy,2026-03-12,2026-03-16,2,2026-03-18,signal_inactive
000582_sv_legacy_4,000582,sv_legacy,2026-04-14,2026-04-16,2,2026-04-20,signal_inactive
000582_sv_legacy_5,000582,sv_legacy,2026-07-29,2026-07-29,1,2026-07-31,signal_inactive
000582_td_legacy_1,000582,td_legacy,2026-01-07,2026-01-07,1,2026-01-09,signal_inactive
000582_td_legacy_2,000582,td_legacy,2026-01-27,2026-01-27,1,2026-01-29,signal_inactive
000582_td_legacy_3,000582,td_legacy,2026-03-12,2026-03-12,1,2026-03-16,signal_inactive
000582_td_legacy_4,000582,td_legacy,2026-03-30,2026-03-30,1,2026-04-01,signal_inactive
000582_td_legacy_5,000582,td_legacy,2026-04-10,2026-04-10,1,2026-04-14,signal_inactive
000582_td_legacy_6,000582,td_legacy,2026-04-20,2026-04-20,1,2026-04-22,signal_inactive
000582_td_legacy_7,000582,td_legacy,2026-04-30,2026-04-30,1,2026-05-07,signal_inactive
000582_td_legacy_8,000582,td_legacy,2026-07-01,2026-07-01,1,2026-07-03,signal_inactive
000582_td_legacy_9,000582,td_legacy,2026-07-21,2026-07-21,1,2026-07-23,signal_inactive
000582_td_legacy_10,000582,td_legacy,2026-07-29,2026-07-29,1,2026-07-31,signal_inactive
000582_td_legacy_11,000582,td_legacy,2026-09-01,2026-09-01,1,,
000586_sv_legacy_1,000586,sv_legacy,2026-01-07,2026-01-07,1,2026-01-09,signal_inactive
000586_sv_legacy_2,000586,sv_legacy,2026-01-19,2026-01-21,2,2026-01-23,signal_inactive
000586_sv_legacy_3,000586,sv_legacy,2026-03-04,2026-03-04,1,2026-03-06,signal_inactive
000586_sv_legacy_4,000586,sv_legacy,2026-03-18,2026-03-18,1,2026-03-20,signal_inactive
000586_sv_legacy_5,000586,sv_legacy,2026-04-01,2026-04-01,1,2026-04-03,signal_inactive
000586_sv_legacy_6,000586,sv_legacy,2026-05-25,2026-05-25,1,2026-05-27,signal_inactive
000586_sv_legacy_7,000586,sv_legacy,2026-06-04,2026-06-04,1,2026-06-08,signal_inactive
000586_sv_legacy_8,000586,sv_legacy,2026-07-03,2026-07-03,1,2026-07-07,signal_inactive
000586_td_legacy_1,000586,td_legacy,2026-07-03,2026-07-03,1,2026-07-07,signal_inactive
000589_sv_legacy_1,000589,sv_legacy,2026-03-06,2026-03-10,2,2026-03-12,signal_inactive
000589_sv_legacy_2,000589,sv_legacy,2026-04-01,2026-04-01,1,2026-04-08,signal_inactive
000589_sv_legacy_3,000589,sv_legacy,2026-04-10,2026-04-14,2,2026-04-16,signal_inactive
000589_sv_legacy_4,000589,sv_legacy,2026-05-07,2026-05-07,1,2026-05-11,signal_inactive
000589_sv_legacy_5,000589,sv_legacy,2026-05-19,2026-05-19,1,2026-05-21,signal_inactive
000590_sv_legacy_1,000590,sv_legacy,2026-02-04,2026-02-04,1,2026-02-06,signal_inactive
000590_td_legacy_1,000590,td_legacy,2026-01-19,2026-01-19,1,2026-01-21,signal_inactive
000590_td_legacy_2,000590,td_legacy,2026-02-04,2026-02-06,2,2026-02-10,signal_inactive
000590_td_legacy_3,000590,td_legacy,2026-02-24,2026-02-24,1,2026-02-26,signal_inactive
000591_sv_legacy_1,000591,sv_legacy,2026-02-02,2026-02-02,1,2026-02-04,signal_inactive
000591_sv_legacy_2,000591,sv_legacy,2026-02-06,2026-02-06,1,2026-02-10,signal_inactive
000591_sv_legacy_3,000591,sv_legacy,2026-02-12,2026-02-24,2,2026-02-26,signal_inactive
000591_sv_legacy_4,000591,sv_legacy,2026-04-01,2026-04-01,1,2026-04-03,signal_inactive
000591_sv_legacy_5,000591,sv_legacy,2026-05-15,2026-05-15,1,2026-05-19,signal_inactive
000591_sv_legacy_6,000591,sv_legacy,2026-06-04,2026-06-04,1,2026-07-01,signal_inactive
000591_sv_legacy_7,000591,sv_legacy,2026-07-27,2026-07-27,1,2026-07-29,signal_inactive
000591_td_legacy_1,000591,td_legacy,2026-03-20,2026-03-20,1,2026-03-24,signal_inactive
000591_td_legacy_2,000591,td_legacy,2026-04-08,2026-04-08,1,2026-04-10,signal_inactive
000591_td_legacy_3,000591,td_legacy,2026-04-20,2026-04-20,1,2026-04-22,signal_inactive
000591_td_legacy_4,000591,td_legacy,2026-05-19,2026-05-19,1,2026-05-21,signal_inactive
000591_td_legacy_5,000591,td_legacy,2026-07-01,2026-07-01,1,2026-07-03,signal_inactive
000591_td_legacy_6,000591,td_legacy,2026-07-23,2026-07-23,1,2026-07-27,signal_inactive
000592_sv_legacy_1,000592,sv_legacy,2026-03-10,2026-03-10,1,2026-03-12,signal_inactive
000592_sv_legacy_2,000592,sv_legacy,2026-03-16,2026-03-16,1,2026-03-30,signal_inactive
000592_sv_legacy_3,000592,sv_legacy,2026-05-13,2026-05-13,1,2026-05-15,signal_inactive
000592_td_legacy_1,000592,td_legacy,2026-03-16,2026-03-16,1,2026-03-30,signal_inactive
000592_td_legacy_2,000592,td_legacy,2026-05-13,2026-05-13,1,2026-05-15,signal_inactive
000593_sv_legacy_1,000593,sv_legacy,2026-02-06,2026-02-06,1,2026-02-10,signal_inactive
000593_sv_legacy_2,000593,sv_legacy,2026-03-06,2026-03-06,1,2026-03-12,signal_inactive
000593_sv_legacy_3,000593,sv_legacy,2026-04-10,2026-04-10,1,2026-04-14,signal_inactive
000593_td_legacy_1,000593,td_legacy,2026-05-19,2026-05-19,1,2026-05-21,signal_inactive
000595_sv_legacy_1,000595,sv_legacy,2026-07-15,2026-07-15,1,2026-07-23,signal_inactive
000595_sv_legacy_2,000595,sv_legacy,2026-08-10,2026-08-12,2,2026-08-14,signal_inactive
000595_sv_legacy_3,000595,sv_legacy,2026-08-26,2026-08-26,1,2026-08-28,signal_inactive
000595_td_legacy_1,000595,td_legacy,2026-08-12,2026-08-12,1,2026-08-14,signal_inactive
000595_td_legacy_2,000595,td_legacy,2026-08-26,2026-08-26,1,2026-08-28,signal_inactive
000599_sv_legacy_1,000599,sv_legacy,2026-01-21,2026-01-21,1,2026-01-23,signal_inactive
000599_sv_legacy_2,000599,sv_legacy,2026-01-27,2026-01-27,1,2026-01-29,signal_inactive
000599_sv_legacy_3,000599,sv_legacy,2026-02-10,2026-02-10,1,2026-02-12,signal_inactive
000599_sv_legacy_4,000599,sv_legacy,2026-02-24,2026-02-24,1,2026-02-26,signal_inactive
000599_sv_legacy_5,000599,sv_legacy,2026-03-04,2026-03-04,1,2026-03-06,signal_inactive
000599_sv_legacy_6,000599,sv_legacy,2026-03-10,2026-03-10,1,2026-03-12,signal_inactive
000599_sv_legacy_7,000599,sv_legacy,2026-04-16,2026-04-16,1,2026-04-20,signal_inactive
000599_sv_legacy_8,000599,sv_legacy,2026-04-22,2026-04-22,1,2026-04-28,signal_inactive
000599_td_legacy_1,000599,td_legacy,2026-01-23,2026-01-23,1,2026-01-27,signal_inactive
000599_td_legacy_2,000599,td_legacy,2026-02-24,2026-02-24,1,2026-02-26,signal_inactive
000599_td_legacy_3,000599,td_legacy,2026-04-28,2026-04-28,1,2026-04-30,signal_inactive
000600_sv_legacy_1,000600,sv_legacy,2026-01-19,2026-01-19,1,2026-01-21,signal_inactive
000600_sv_legacy_2,000600,sv_legacy,2026-01-23,2026-01-23,1,2026-01-27,signal_inactive
000600_sv_legacy_3,000600,sv_legacy,2026-02-04,2026-02-04,1,2026-02-06,signal_inactive
000600_sv_legacy_4,000600,sv_legacy,2026-02-24,2026-02-24,1,2026-02-26,signal_inactive
000600_sv_legacy_5,000600,sv_legacy,2026-04-01,2026-04-01,1,2026-04-03,signal_inactive
000600_sv_legacy_6,000600,sv_legacy,2026-04-10,2026-04-10,1,2026-04-14,signal_inactive
000600_sv_legacy_7,000600,sv_legacy,2026-04-16,2026-04-16,1,2026-04-20,signal_inactive
000600_sv_legacy_8,000600,sv_legacy,2026-05-11,2026-05-11,1,2026-05-13,signal_inactive
000600_sv_legacy_9,000600,sv_legacy,2026-07-23,2026-07-27,2,2026-07-29,signal_inactive
000600_sv_legacy_10,000600,sv_legacy,2026-08-28,2026-08-28,1,,
000600_td_legacy_1,000600,td_legacy,2026-04-10,2026-04-10,1,2026-04-14,signal_inactive
000600_td_legacy_2,000600,td_legacy,2026-05-11,2026-05-13,2,2026-05-15,signal_inactive
000600_td_legacy_3,000600,td_legacy,2026-07-23,2026-07-23,1,2026-07-27,signal_inactive
000601_sv_legacy_1,000601,sv_legacy,2026-04-01,2026-04-01,1,2026-04-03,signal_inactive
000601_sv_legacy_2,000601,sv_legacy,2026-04-16,2026-04-16,1,2026-04-20,signal_inactive
000601_sv_legacy_3,000601,sv_legacy,2026-05-11,2026-05-11,1,2026-05-13,signal_inactive
000601_sv_legacy_4,000601,sv_legacy,2026-05-19,2026-05-21,2,2026-05-25,signal_inactive
000601_sv_legacy_5,000601,sv_legacy,2026-07-09,2026-07-09,1,2026-07-13,signal_inactive
000601_sv_legacy_6,000601,sv_legacy,2026-08-20,2026-08-20,1,2026-08-24,signal_inactive
000601_td_legacy_1,000601,td_legacy,2026-05-11,2026-05-11,1,2026-05-13,signal_inactive
000601_td_legacy_2,000601,td_legacy,2026-05-19,2026-05-19,1,2026-05-21,signal_inactive
000601_td_legacy_3,000601,td_legacy,2026-05-25,2026-05-25,1,2026-05-27,signal_inactive
000601_td_legacy_4,000601,td_legacy,2026-08-10,2026-08-12,2,2026-08-14,signal_inactive
000601_td_legacy_5,000601,td_legacy,2026-08-26,2026-08-26,1,2026-08-28,signal_inactive
000603_sv_legacy_1,000603,sv_legacy,2026-03-10,2026-04-01,2,2026-04-03,signal_inactive
000603_sv_legacy_2,000603,sv_legacy,2026-04-16,2026-04-16,1,2026-04-20,signal_inactive
000603_td_legacy_1,000603,td_legacy,2026-04-20,2026-04-22,2,2026-04-24,signal_inactive
000603_td_legacy_2,000603,td_legacy,2026-05-25,2026-06-02,2,2026-06-04,signal_inactive
000605_sv_legacy_1,000605,sv_legacy,2026-02-04,2026-02-04,1,2026-02-06,signal_inactive
000605_sv_legacy_2,000605,sv_legacy,2026-03-10,2026-03-10,1,2026-03-12,signal_inactive
000605_td_legacy_1,000605,td_legacy,2026-03-10,2026-03-10,1,2026-03-12,signal_inactive
000607_sv_legacy_1,000607,sv_legacy,2026-03-06,2026-03-06,1,2026-03-10,signal_inactive
000607_sv_legacy_2,000607,sv_legacy,2026-03-18,2026-03-18,1,2026-05-07,signal_inactive
000607_sv_legacy_3,000607,sv_legacy,2026-05-19,2026-05-19,1,,
000607_td_legacy_1,000607,td_legacy,2026-01-05,2026-01-05,1,2026-01-07,signal_inactive
000608_sv_legacy_1,000608,sv_legacy,2026-03-04,2026-03-04,1,2026-03-06,signal_inactive
000608_sv_legacy_2,000608,sv_legacy,2026-03-30,2026-03-30,1,2026-04-01,signal_inactive
000608_sv_legacy_3,000608,sv_legacy,2026-04-20,2026-04-20,1,2026-04-22,signal_inactive
000608_sv_legacy_4,000608,sv_legacy,2026-05-07,2026-05-07,1,2026-05-11,signal_inactive
000608_sv_legacy_5,000608,sv_legacy,2026-05-19,2026-05-19,1,2026-05-21,signal_inactive
000608_sv_legacy_6,000608,sv_legacy,2026-06-23,2026-06-23,1,2026-06-25,signal_inactive
000608_sv_legacy_7,000608,sv_legacy,2026-07-27,2026-07-27,1,2026-07-29,signal_inactive
000608_td_legacy_1,000608,td_legacy,2026-04-08,2026-04-08,1,2026-04-10,signal_inactive
000608_td_legacy_2,000608,td_legacy,2026-08-12,2026-08-12,1,2026-08-14,signal_inactive
000608_td_legacy_3,000608,td_legacy,2026-08-26,2026-08-26,1,2026-08-28,signal_inactive
000609_sv_legacy_1,000609,sv_legacy,2026-06-04,2026-06-04,1,2026-06-08,signal_inactive
000609_sv_legacy_2,000609,sv_legacy,2026-07-13,2026-07-13,1,2026-08-04,signal_inactive
000609_sv_legacy_3,000609,sv_legacy,2026-08-14,2026-08-14,1,2026-08-18,signal_inactive
000609_td_legacy_1,000609,td_legacy,2026-07-09,2026-07-09,1,2026-07-13,signal_inactive
000612_sv_legacy_1,000612,sv_legacy,2026-01-15,2026-01-15,1,2026-01-19,signal_inactive
000612_sv_legacy_2,000612,sv_legacy,2026-02-24,2026-02-24,1,2026-02-26,signal_inactive
000612_sv_legacy_3,000612,sv_legacy,2026-04-01,2026-04-01,1,2026-04-03,signal_inactive
000612_sv_legacy_4,000612,sv_legacy,2026-04-24,2026-04-24,1,2026-04-28,signal_inactive
000612_sv_legacy_5,000612,sv_legacy,2026-05-13,2026-05-13,1,2026-05-25,signal_inactive
000612_sv_legacy_6,000612,sv_legacy,2026-06-29,2026-06-29,1,,
000612_td_legacy_1,000612,td_legacy,2026-03-02,2026-03-02,1,2026-03-04,signal_inactive
000612_td_legacy_2,000612,td_legacy,2026-06-18,2026-06-18,1,2026-06-23,signal_inactive
000615_sv_legacy_1,000615,sv_legacy,2026-01-15,2026-01-15,1,2026-01-19,signal_inactive
000615_sv_legacy_2,000615,sv_legacy,2026-01-21,2026-01-21,1,2026-01-23,signal_inactive
000615_sv_legacy_3,000615,sv_legacy,2026-02-02,2026-02-02,1,2026-02-04,signal_inactive
000615_sv_legacy_4,000615,sv_legacy,2026-03-04,2026-03-04,1,2026-03-06,signal_inactive
000615_sv_legacy_5,000615,sv_legacy,2026-03-12,2026-03-16,2,2026-03-18,signal_inactive
000615_sv_legacy_6,000615,sv_legacy,2026-03-24,2026-03-24,1,2026-03-26,signal_inactive
000615_td_legacy_1,000615,td_legacy,2026-02-04,2026-02-04,1,2026-02-06,signal_inactive
000617_sv_legacy_1,000617,sv_legacy,2026-01-19,2026-01-19,1,2026-01-21,signal_inactive
000617_td_legacy_1,000617,td_legacy,2026-01-09,2026-01-09,1,2026-01-13,signal_inactive
000619_sv_legacy_1,000619,sv_legacy,2026-03-10,2026-03-10,1,2026-03-12,signal_inactive
000619_sv_legacy_2,000619,sv_legacy,2026-03-18,2026-03-18,1,2026-03-30,signal_inactive
000619_sv_legacy_3,000619,sv_legacy,2026-04-10,2026-04-10,1,2026-04-14,signal_inactive
000619_sv_legacy_4,000619,sv_legacy,2026-04-20,2026-04-20,1,2026-04-22,signal_inactive
000619_td_legacy_1,000619,td_legacy,2026-02-04,2026-02-04,1,2026-02-06,signal_inactive
000620_sv_legacy_1,000620,sv_legacy,2026-02-06,2026-02-06,1,2026-02-10,signal_inactive
000620_sv_legacy_2,000620,sv_legacy,2026-03-04,2026-03-04,1,2026-03-06,signal_inactive
000620_sv_legacy_3,000620,sv_legacy,2026-04-01,2026-04-01,1,2026-04-03,signal_inactive
000620_td_legacy_1,000620,td_legacy,2026-03-12,2026-03-12,1,2026-03-16,signal_inactive
000620_td_legacy_2,000620,td_legacy,2026-05-11,2026-05-11,1,2026-05-13,signal_inactive
000620_td_legacy_3,000620,td_legacy,2026-06-02,2026-06-02,1,2026-06-04,signal_inactive
000623_sv_legacy_1,000623,sv_legacy,2026-01-09,2026-01-09,1,2026-01-13,signal_inactive
000623_sv_legacy_2,000623,sv_legacy,2026-01-19,2026-01-19,1,2026-01-21,signal_inactive
000623_sv_legacy_3,000623,sv_legacy,2026-02-04,2026-02-04,1,2026-02-06,signal_inactive
000626_sv_legacy_1,000626,sv_legacy,2026-01-05,2026-01-05,1,2026-01-07,signal_inactive
000626_sv_legacy_2,000626,sv_legacy,2026-01-19,2026-01-21,2,2026-01-23,signal_inactive
000626_sv_legacy_3,000626,sv_legacy,2026-02-04,2026-02-04,1,2026-02-06,signal_inactive
000626_sv_legacy_4,000626,sv_legacy,2026-02-10,2026-02-10,1,2026-02-12,signal_inactive
000626_sv_legacy_5,000626,sv_legacy,2026-04-01,2026-04-01,1,2026-04-03,signal_inactive
000626_sv_legacy_6,000626,sv_legacy,2026-06-23,2026-06-23,1,,
000626_td_legacy_1,000626,td_legacy,2026-04-30,2026-04-30,1,2026-05-07,signal_inactive
000626_td_legacy_2,000626,td_legacy,2026-06-12,2026-06-12,1,2026-06-16,signal_inactive
000626_td_legacy_3,000626,td_legacy,2026-06-23,2026-06-23,1,,
000628_sv_legacy_1,000628,sv_legacy,2026-05-15,2026-05-19,2,2026-05-29,signal_inactive
000628_sv_legacy_2,000628,sv_legacy,2026-07-03,2026-07-03,1,2026-07-07,signal_inactive
000628_sv_legacy_3,000628,sv_legacy,2026-08-12,2026-08-12,1,2026-08-14,signal_inactive
000628_sv_legacy_4,000628,sv_legacy,2026-08-28,2026-08-28,1,,
000628_td_legacy_1,000628,td_legacy,2026-05-15,2026-05-15,1,2026-05-19,signal_inactive
000629_sv_legacy_1,000629,sv_legacy,2026-01-19,2026-01-19,1,2026-01-21,signal_inactive
000629_sv_legacy_2,000629,sv_legacy,2026-03-06,2026-03-06,1,2026-03-10,signal_inactive
000629_sv_legacy_3,000629,sv_legacy,2026-04-01,2026-04-01,1,2026-04-03,signal_inactive
000629_sv_legacy_4,000629,sv_legacy,2026-04-16,2026-04-16,1,2026-04-20,signal_inactive
000629_td_legacy_1,000629,td_legacy,2026-01-21,2026-01-21,1,2026-01-23,signal_inactive
000629_td_legacy_2,000629,td_legacy,2026-04-14,2026-04-14,1,2026-04-16,signal_inactive
000630_sv_legacy_1,000630,sv_legacy,2026-03-10,2026-03-10,1,2026-04-01,signal_inactive
000630_sv_legacy_2,000630,sv_legacy,2026-04-16,2026-04-16,1,2026-04-20,signal_inactive
000630_sv_legacy_3,000630,sv_legacy,2026-05-13,2026-05-13,1,2026-05-15,signal_inactive
000630_sv_legacy_4,000630,sv_legacy,2026-06-29,2026-06-29,1,,
000630_td_legacy_1,000630,td_legacy,2026-01-21,2026-01-21,1,2026-01-23,signal_inactive
000630_td_legacy_2,000630,td_legacy,2026-03-10,2026-03-10,1,2026-04-01,signal_inactive
000630_td_legacy_3,000630,td_legacy,2026-05-11,2026-05-11,1,2026-05-13,signal_inactive
000631_sv_legacy_1,000631,sv_legacy,2026-01-19,2026-01-19,1,2026-01-21,signal_inactive
000631_sv_legacy_2,000631,sv_legacy,2026-03-04,2026-03-04,1,2026-03-06,signal_inactive
000631_td_legacy_1,000631,td_legacy,2026-02-10,2026-02-10,1,2026-02-12,signal_inactive
000631_td_legacy_2,000631,td_legacy,2026-05-07,2026-05-07,1,2026-05-11,signal_inactive
000631_td_legacy_3,000631,td_legacy,2026-05-25,2026-05-25,1,2026-05-27,signal_inactive
000632_sv_legacy_1,000632,sv_legacy,2026-01-21,2026-01-21,1,2026-01-23,signal_inactive
000632_sv_legacy_2,000632,sv_legacy,2026-01-27,2026-01-27,1,2026-02-02,signal_inactive
000632_sv_legacy_3,000632,sv_legacy,2026-03-04,2026-03-04,1,2026-03-06,signal_inactive
000632_sv_legacy_4,000632,sv_legacy,2026-03-10,2026-03-10,1,2026-03-12,signal_inactive
000632_sv_legacy_5,000632,sv_legacy,2026-03-18,2026-03-18,1,2026-03-30,signal_inactive
000632_sv_legacy_6,000632,sv_legacy,2026-04-08,2026-04-08,1,2026-04-22,signal_inactive
000632_sv_legacy_7,000632,sv_legacy,2026-04-24,2026-04-24,1,,
000632_td_legacy_1,000632,td_legacy,2026-01-23,2026-01-23,1,2026-01-27,signal_inactive
000632_td_legacy_2,000632,td_legacy,2026-04-08,2026-04-22,2,2026-04-24,signal_inactive
000633_sv_legacy_1,000633,sv_legacy,2026-01-05,2026-01-05,1,2026-01-07,signal_inactive
000633_sv_legacy_2,000633,sv_legacy,2026-01-19,2026-01-19,1,2026-01-21,signal_inactive
000633_sv_legacy_3,000633,sv_legacy,2026-02-26,2026-02-26,1,2026-03-02,signal_inactive
000633_sv_legacy_4,000633,sv_legacy,2026-03-04,2026-04-01,4,2026-04-03,signal_inactive
000633_sv_legacy_5,000633,sv_legacy,2026-04-10,2026-04-10,1,2026-04-14,signal_inactive
000633_sv_legacy_6,000633,sv_legacy,2026-04-16,2026-04-16,1,2026-04-20,signal_inactive
000633_sv_legacy_7,000633,sv_legacy,2026-05-13,2026-05-13,1,2026-05-15,signal_inactive
000633_td_legacy_1,000633,td_legacy,2026-01-15,2026-01-15,1,2026-01-19,signal_inactive
000633_td_legacy_2,000633,td_legacy,2026-01-23,2026-01-23,1,2026-01-27,signal_inactive
000635_sv_legacy_1,000635,sv_legacy,2026-03-16,2026-04-01,2,2026-04-03,signal_inactive
000635_sv_legacy_2,000635,sv_legacy,2026-04-10,2026-04-16,3,2026-04-20,signal_inactive
000635_sv_legacy_3,000635,sv_legacy,2026-04-24,2026-04-24,1,2026-04-28,signal_inactive
000635_sv_legacy_4,000635,sv_legacy,2026-05-13,2026-05-13,1,2026-05-15,signal_inactive
000636_sv_legacy_1,000636,sv_legacy,2026-01-15,2026-01-15,1,2026-01-19,signal_inactive
000636_sv_legacy_2,000636,sv_legacy,2026-01-21,2026-01-23,2,2026-01-27,signal_inactive
000636_sv_legacy_3,000636,sv_legacy,2026-02-10,2026-02-10,1,2026-02-12,signal_inactive
000636_sv_legacy_4,000636,sv_legacy,2026-04-22,2026-04-22,1,2026-04-24,signal_inactive
000636_sv_legacy_5,000636,sv_legacy,2026-05-07,2026-05-07,1,2026-05-11,signal_inactive
000636_sv_legacy_6,000636,sv_legacy,2026-08-14,2026-08-14,1,2026-08-18,signal_inactive
000636_td_legacy_1,000636,td_legacy,2026-01-07,2026-01-09,2,2026-01-13,signal_inactive
000636_td_legacy_2,000636,td_legacy,2026-01-21,2026-01-21,1,2026-01-23,signal_inactive
000636_td_legacy_3,000636,td_legacy,2026-03-02,2026-03-02,1,2026-04-01,signal_inactive
000636_td_legacy_4,000636,td_legacy,2026-04-10,2026-04-10,1,2026-04-14,signal_inactive
000636_td_legacy_5,000636,td_legacy,2026-04-22,2026-04-22,1,2026-04-24,signal_inactive
000636_td_legacy_6,000636,td_legacy,2026-06-29,2026-06-29,1,2026-07-01,signal_inactive
000637_sv_legacy_1,000637,sv_legacy,2026-01-19,2026-01-19,1,2026-01-21,signal_inactive
000637_sv_legacy_2,000637,sv_legacy,2026-03-06,2026-03-06,1,2026-03-10,signal_inactive
000637_sv_legacy_3,000637,sv_legacy,2026-04-01,2026-04-01,1,2026-04-03,signal_inactive
000637_sv_legacy_4,000637,sv_legacy,2026-04-16,2026-04-20,2,2026-04-22,signal_inactive
000637_td_legacy_1,000637,td_legacy,2026-01-09,2026-01-09,1,2026-01-13,signal_inactive
000637_td_legacy_2,000637,td_legacy,2026-01-21,2026-01-21,1,2026-01-23,signal_inactive
000637_td_legacy_3,000637,td_legacy,2026-01-29,2026-01-29,1,2026-02-02,signal_inactive
000637_td_legacy_4,000637,td_legacy,2026-03-06,2026-03-06,1,2026-03-10,signal_inactive
000639_sv_legacy_1,000639,sv_legacy,2026-01-19,2026-01-19,1,2026-01-21,signal_inactive
000639_td_legacy_1,000639,td_legacy,2026-01-29,2026-01-29,1,2026-02-10,signal_inactive
000650_sv_legacy_1,000650,sv_legacy,2026-01-19,2026-01-19,1,2026-01-21,signal_inactive
000650_sv_legacy_2,000650,sv_legacy,2026-02-24,2026-02-24,1,2026-02-26,signal_inactive
000650_td_legacy_1,000650,td_legacy,2026-01-23,2026-01-23,1,2026-01-27,signal_inactive
000652_sv_legacy_1,000652,sv_legacy,2026-01-05,2026-01-05,1,2026-01-07,signal_inactive
000652_sv_legacy_2,000652,sv_legacy,2026-03-10,2026-03-10,1,2026-03-12,signal_inactive
000652_td_legacy_1,000652,td_legacy,2026-02-24,2026-02-24,1,2026-02-26,signal_inactive
000652_td_legacy_2,000652,td_legacy,2026-03-10,2026-03-10,1,2026-03-12,signal_inactive
000652_td_legacy_3,000652,td_legacy,2026-03-30,2026-03-30,1,2026-05-11,signal_inactive
000655_sv_legacy_1,000655,sv_legacy,2026-01-09,2026-01-13,2,2026-01-15,signal_inactive
000655_sv_legacy_2,000655,sv_legacy,2026-04-01,2026-04-01,1,2026-04-03,signal_inactive
000655_sv_legacy_3,000655,sv_legacy,2026-04-16,2026-04-20,2,2026-04-22,signal_inactive
000655_sv_legacy_4,000655,sv_legacy,2026-05-13,2026-05-13,1,2026-05-15,signal_inactive
000655_td_legacy_1,000655,td_legacy,2026-01-05,2026-01-05,1,2026-01-07,signal_inactive
000655_td_legacy_2,000655,td_legacy,2026-01-19,2026-01-19,1,2026-01-21,signal_inactive
000655_td_legacy_3,000655,td_legacy,2026-01-23,2026-01-23,1,2026-01-27,signal_inactive
000655_td_legacy_4,000655,td_legacy,2026-04-14,2026-04-14,1,2026-04-16,signal_inactive
000656_sv_legacy_1,000656,sv_legacy,2026-02-04,2026-02-04,1,2026-02-06,signal_inactive
000656_td_legacy_1,000656,td_legacy,2026-01-21,2026-01-23,2,2026-01-27,signal_inactive
000657_sv_legacy_1,000657,sv_legacy,2026-01-05,2026-01-05,1,2026-01-07,signal_inactive
000657_sv_legacy_2,000657,sv_legacy,2026-02-10,2026-02-10,1,2026-02-12,signal_inactive
000657_sv_legacy_3,000657,sv_legacy,2026-02-24,2026-02-24,1,2026-02-26,signal_inactive
000657_sv_legacy_4,000657,sv_legacy,2026-03-04,2026-03-10,3,2026-03-12,signal_inactive
000657_sv_legacy_5,000657,sv_legacy,2026-04-01,2026-04-03,2,2026-04-08,signal_inactive
000657_sv_legacy_6,000657,sv_legacy,2026-05-11,2026-05-11,1,2026-05-13,signal_inactive
000657_sv_legacy_7,000657,sv_legacy,2026-07-01,2026-07-01,1,2026-07-03,signal_inactive
000657_sv_legacy_8,000657,sv_legacy,2026-08-12,2026-08-14,2,2026-08-18,signal_inactive
000657_td_legacy_1,000657,td_legacy,2026-03-10,2026-03-10,1,2026-03-12,signal_inactive
000657_td_legacy_2,000657,td_legacy,2026-04-14,2026-04-14,1,2026-04-16,signal_inactive
000657_td_legacy_3,000657,td_legacy,2026-05-21,2026-05-21,1,2026-05-25,signal_inactive
000657_td_legacy_4,000657,td_legacy,2026-07-01,2026-07-01,1,2026-07-03,signal_inactive
000657_td_legacy_5,000657,td_legacy,2026-08-18,2026-08-18,1,2026-08-20,signal_inactive
000659_sv_legacy_1,000659,sv_legacy,2026-01-21,2026-01-23,2,2026-01-27,signal_inactive
000659_sv_legacy_2,000659,sv_legacy,2026-02-04,2026-02-04,1,2026-02-06,signal_inactive
000659_sv_legacy_3,000659,sv_legacy,2026-02-26,2026-02-26,1,2026-03-02,signal_inactive
000659_sv_legacy_4,000659,sv_legacy,2026-03-30,2026-04-01,2,2026-04-10,signal_inactive
000659_sv_legacy_5,000659,sv_legacy,2026-04-16,2026-04-16,1,2026-05-07,signal_inactive
000659_sv_legacy_6,000659,sv_legacy,2026-05-15,2026-05-15,1,2026-05-19,signal_inactive
000659_td_legacy_1,000659,td_legacy,2026-03-30,2026-03-30,1,2026-04-01,signal_inactive
000661_sv_legacy_1,000661,sv_legacy,2026-01-29,2026-01-29,1,,
000663_sv_legacy_1,000663,sv_legacy,2026-01-05,2026-01-07,2,2026-01-09,signal_inactive
000663_sv_legacy_2,000663,sv_legacy,2026-01-19,2026-01-19,1,2026-01-21,signal_inactive
000663_sv_legacy_3,000663,sv_legacy,2026-02-06,2026-02-10,2,2026-02-12,signal_inactive
000663_sv_legacy_4,000663,sv_legacy,2026-03-06,2026-03-06,1,2026-04-01,signal_inactive
000663_sv_legacy_5,000663,sv_legacy,2026-04-08,2026-04-10,2,2026-04-14,signal_inactive
000663_sv_legacy_6,000663,sv_legacy,2026-04-30,2026-04-30,1,2026-05-07,signal_inactive
000663_td_legacy_1,000663,td_legacy,2026-02-06,2026-02-06,1,2026-02-10,signal_inactive
000663_td_legacy_2,000663,td_legacy,2026-04-08,2026-04-08,1,2026-04-10,signal_inactive
000663_td_legacy_3,000663,td_legacy,2026-04-28,2026-04-30,2,2026-05-07,signal_inactive
000665_sv_legacy_1,000665,sv_legacy,2026-02-12,2026-02-12,1,2026-02-24,signal_inactive
000665_td_legacy_1,000665,td_legacy,2026-01-09,2026-01-09,1,2026-01-13,signal_inactive
000665_td_legacy_2,000665,td_legacy,2026-01-23,2026-01-23,1,2026-01-27,signal_inactive
000668_sv_legacy_1,000668,sv_legacy,2026-01-13,2026-01-15,2,2026-01-19,signal_inactive
000668_sv_legacy_2,000668,sv_legacy,2026-02-06,2026-02-06,1,2026-02-10,signal_inactive
000668_sv_legacy_3,000668,sv_legacy,2026-03-06,2026-03-18,2,2026-03-30,signal_inactive
000668_sv_legacy_4,000668,sv_legacy,2026-04-01,2026-04-03,2,2026-04-08,signal_inactive
000668_sv_legacy_5,000668,sv_legacy,2026-04-30,2026-04-30,1,2026-05-07,signal_inactive
000668_sv_legacy_6,000668,sv_legacy,2026-06-12,2026-06-12,1,2026-06-16,signal_inactive
000668_sv_legacy_7,000668,sv_legacy,2026-07-03,2026-07-03,1,2026-07-07,signal_inactive
000668_sv_legacy_8,000668,sv_legacy,2026-08-20,2026-08-20,1,2026-08-24,signal_inactive
000668_td_legacy_1,000668,td_legacy,2026-02-10,2026-02-10,1,2026-02-12,signal_inactive
000668_td_legacy_2,000668,td_legacy,2026-07-03,2026-07-03,1,2026-07-07,signal_inactive
000668_td_legacy_3,000668,td_legacy,2026-08-12,2026-08-12,1,2026-08-14,signal_inactive
