dimension,signal_type,horizon,events,effective_n,stocks,dates,median,mean,positive_rate,result_negative_n,result_positive_n,result_neutral_n,path_direct_failure_n,path_immediate_continuation_n,path_spike_then_fade_n,path_deep_drawdown_recovery_n,path_delayed_start_n,result_unknown_n,path_unknown_n,weekly_base_pattern,weekly_weekday_path,weekly_eligibility_state,half
signal_type,sv_legacy,1,623,623,151,,-0.002169197396963,-0.0023295265465856653,0.4317817014446228,313,259.0,51.0,348,258.0,16.0,1.0,,,,,,,
signal_type,sv_legacy,2,623,623,151,,-0.0046511627906975,-0.004404415687725231,0.42696629213483145,333,257.0,33.0,326,193.0,40.0,9.0,55.0,,,,,,
signal_type,sv_legacy,3,623,623,151,,-0.0051643192488262,-0.0058097293597511685,0.42375601926163725,339,254.0,30.0,307,167.0,62.0,12.0,75.0,,,,,,
signal_type,sv_legacy,5,623,623,151,,-0.0072463768115941,-0.0033594269153611927,0.434991974317817,337,267.0,19.0,271,150.0,85.0,41.0,76.0,,,,,,
signal_type,sv_legacy,10,623,623,151,,-0.0169491525423729,-0.00955727761261244,0.4157303370786517,358,256.0,9.0,218,124.0,149.0,74.0,58.0,,,,,,
signal_type,sv_legacy,15,623,616,151,,-0.0186964333520995,-0.004130489009911023,0.4155844155844156,351,254.0,11.0,185,110.0,177.0,99.0,45.0,7.0,7.0,,,,
signal_type,sv_legacy,20,623,599,151,,-0.0310077519379845,-0.012354968162419749,0.3806343906510851,366,225.0,8.0,168,87.0,206.0,104.0,34.0,24.0,24.0,,,,
signal_type,td_legacy,1,437,437,141,,-0.003717472118959,-0.00211581669748127,0.4462242562929062,229,184.0,24.0,240,183.0,13.0,1.0,,,,,,,
signal_type,td_legacy,2,437,437,141,,-0.0045385779122542,-0.003179595985659026,0.42105263157894735,238,181.0,18.0,222,138.0,34.0,7.0,36.0,,,,,,
signal_type,td_legacy,3,437,437,141,,-0.005181347150259,-0.002000193647767757,0.43249427917620137,232,186.0,19.0,209,128.0,42.0,17.0,41.0,,,,,,
signal_type,td_legacy,5,437,437,141,,-0.0095541401273886,-0.00603369449194732,0.40274599542334094,249,171.0,17.0,199,109.0,67.0,21.0,41.0,,,,,,
signal_type,td_legacy,10,437,437,141,,-0.020912547528517,-0.01809080368396707,0.39359267734553777,259,171.0,7.0,152,88.0,114.0,51.0,32.0,,,,,,
signal_type,td_legacy,15,437,430,141,,-0.03318833651300155,-0.02208615804365404,0.37209302325581395,267,160.0,3.0,130,68.0,140.0,66.0,26.0,7.0,7.0,,,,
signal_type,td_legacy,20,437,422,141,,-0.0477667493796526,-0.032035609670331214,0.35071090047393366,272,146.0,4.0,120,55.0,156.0,70.0,21.0,15.0,15.0,,,,
weekly_base_pattern,,1,190,190,87,,-0.004526152703358349,-0.0038168102726618635,0.41578947368421054,98,73.0,19.0,112,73.0,5.0,,,,,double_positive_efficiency_improved,,,
weekly_base_pattern,,2,190,190,87,,-0.0016909082162806502,-0.0007138889617887191,0.4842105263157895,94,87.0,9.0,95,63.0,8.0,2.0,22.0,,,double_positive_efficiency_improved,,,
weekly_base_pattern,,3,190,190,87,,-0.0073563218390804,-0.0012531192971737028,0.4368421052631579,103,81.0,6.0,89,50.0,20.0,8.0,23.0,,,double_positive_efficiency_improved,,,
weekly_base_pattern,,5,190,190,87,,-0.00412055136464585,0.0013440012215188313,0.4368421052631579,98,81.0,11.0,79,47.0,30.0,15.0,19.0,,,double_positive_efficiency_improved,,,
weekly_base_pattern,,10,190,190,87,,-0.0178660093630302,-0.009735445894551813,0.3894736842105263,114,72.0,4.0,64,32.0,54.0,28.0,12.0,,,double_positive_efficiency_improved,,,
weekly_base_pattern,,15,190,185,87,,-0.0206185567010308,-0.007701156511089993,0.4,110,74.0,1.0,53,25.0,58.0,36.0,13.0,5.0,5.0,double_positive_efficiency_improved,,,
weekly_base_pattern,,20,190,183,87,,-0.0292236297504075,-0.018892730528793755,0.39344262295081966,109,71.0,3.0,48,22.0,64.0,37.0,12.0,7.0,7.0,double_positive_efficiency_improved,,,
weekly_base_pattern,,1,409,409,141,,-0.0015243902439024,-0.0012008602787958683,0.4669926650366748,201,182.0,26.0,218,182.0,9.0,,,,,negative_to_positive,,,
weekly_base_pattern,,2,409,409,141,,-0.0052219321148825,-0.004172836105909647,0.4083129584352078,227,164.0,18.0,218,131.0,27.0,3.0,30.0,,,negative_to_positive,,,
weekly_base_pattern,,3,409,409,141,,-0.004341534008683,-0.002855529243024421,0.44254278728606355,214,174.0,21.0,210,126.0,25.0,6.0,42.0,,,negative_to_positive,,,
weekly_base_pattern,,5,409,409,141,,-0.0115606936416184,-0.007971710851084623,0.38141809290953543,241,152.0,16.0,206,102.0,51.0,10.0,40.0,,,negative_to_positive,,,
weekly_base_pattern,,10,409,409,141,,-0.0166240409207161,-0.015144197617337691,0.4058679706601467,237,165.0,7.0,156,92.0,88.0,41.0,32.0,,,negative_to_positive,,,
weekly_base_pattern,,15,409,403,141,,-0.0227272727272727,-0.017050093330307995,0.38461538461538464,243,155.0,5.0,132,80.0,116.0,48.0,27.0,6.0,6.0,negative_to_positive,,,
weekly_base_pattern,,20,409,399,141,,-0.0315315315315316,-0.021950757452783562,0.3609022556390977,254,142.0,3.0,124,66.0,133.0,56.0,20.0,10.0,10.0,negative_to_positive,,,
weekly_base_pattern,,1,461,461,135,,-0.0041152263374486,-0.002515316983706985,0.420824295010846,243,188.0,30.0,258,186.0,15.0,2.0,,,,none,,,
weekly_base_pattern,,2,461,461,135,,-0.0056022408963585,-0.0049698601933382,0.41431670281995664,250,187.0,24.0,235,137.0,39.0,11.0,39.0,,,none,,,
weekly_base_pattern,,3,461,461,135,,-0.0053763440860215,-0.006697487827200643,0.40997830802603036,254,185.0,22.0,217,119.0,59.0,15.0,51.0,,,none,,,
weekly_base_pattern,,5,461,461,135,,-0.0065934065934064,-0.0037409500113795412,0.4511930585683297,247,205.0,9.0,185,110.0,71.0,37.0,58.0,,,none,,,
weekly_base_pattern,,10,461,461,135,,-0.0198598130841121,-0.012616385286540563,0.41431670281995664,266,190.0,5.0,150,88.0,121.0,56.0,46.0,,,none,,,
weekly_base_pattern,,15,461,458,135,,-0.02694974042551265,-0.008178007908756888,0.40829694323144106,265,185.0,8.0,130,73.0,143.0,81.0,31.0,3.0,3.0,none,,,
weekly_base_pattern,,20,461,439,135,,-0.0484848484848485,-0.019826722778449442,0.36446469248291574,275,158.0,6.0,116,54.0,165.0,81.0,23.0,22.0,22.0,none,,,
weekly_weekday_path,,1,230,230,112,,0.0025575447570331,0.001437113938093239,0.5391304347826087,92,120.0,18.0,101,120.0,9.0,,,,,,completed_week,,
weekly_weekday_path,,2,230,230,112,,-0.0046672077922077,-0.0041521542980029955,0.4217391304347826,127,95.0,8.0,108,81.0,27.0,4.0,10.0,,,,completed_week,,
weekly_weekday_path,,3,230,230,112,,-0.0041828394389491,-0.005196108980230057,0.43043478260869567,122,97.0,11.0,104,70.0,29.0,8.0,19.0,,,,completed_week,,
weekly_weekday_path,,5,230,230,112,,-0.0121741004093944,-0.009662725774355101,0.34782608695652173,141,78.0,11.0,104,49.0,48.0,14.0,15.0,,,,completed_week,,
weekly_weekday_path,,10,230,230,112,,-0.021130231576231298,-0.02479182459628521,0.3739130434782609,140,84.0,6.0,74,48.0,72.0,24.0,12.0,,,,completed_week,,
weekly_weekday_path,,15,230,222,112,,-0.0329763495162734,-0.018106929481929164,0.35135135135135137,143,78.0,1.0,58,38.0,86.0,27.0,13.0,8.0,8.0,,completed_week,,
weekly_weekday_path,,20,230,222,112,,-0.03180507205554505,-0.02155026409536459,0.36936936936936937,138,81.0,3.0,50,33.0,91.0,40.0,8.0,8.0,8.0,,completed_week,,
weekly_weekday_path,,1,428,428,134,,-0.00772953353945415,-0.005773330513226452,0.3574766355140187,254,149.0,25.0,270,147.0,9.0,2.0,,,,,midweek_partial,,
weekly_weekday_path,,2,428,428,134,,-0.00636538641618705,-0.006285644248476247,0.397196261682243,239,165.0,24.0,241,117.0,22.0,7.0,41.0,,,,midweek_partial,,
weekly_weekday_path,,3,428,428,134,,-0.00564508310249305,-0.0038611744453452574,0.42990654205607476,230,180.0,18.0,220,108.0,28.0,11.0,61.0,,,,midweek_partial,,
weekly_weekday_path,,5,428,428,134,,-0.00475225225225215,0.003360057531419411,0.45794392523364486,223,193.0,12.0,191,103.0,44.0,28.0,62.0,,,,midweek_partial,,
weekly_weekday_path,,10,428,428,134,,-0.0044964262508122,0.004297274355922203,0.48130841121495327,219,205.0,4.0,145,87.0,78.0,65.0,53.0,,,,midweek_partial,,
weekly_weekday_path,,15,428,428,134,,-0.01585161714593165,-0.0005538061329287839,0.441588785046729,232,188.0,8.0,124,67.0,116.0,82.0,39.0,,,,midweek_partial,,
weekly_weekday_path,,20,428,405,134,,-0.0236220472440945,-0.002789805023557224,0.4074074074074074,237,163.0,5.0,114,54.0,128.0,77.0,32.0,23.0,23.0,,midweek_partial,,
weekly_weekday_path,,1,191,191,106,,0.0,0.00019090150961076997,0.46596858638743455,90,86.0,15.0,99,86.0,6.0,,,,,,monday,,
weekly_weekday_path,,2,191,191,106,,0.0020613244009275,0.004698153687182739,0.5130890052356021,86,96.0,9.0,86,69.0,9.0,3.0,24.0,,,,monday,,
weekly_weekday_path,,3,191,191,106,,-0.0008810572687224,-0.001652370269665912,0.4816753926701571,88,90.0,13.0,79,60.0,22.0,4.0,26.0,,,,monday,,
weekly_weekday_path,,5,191,191,106,,0.0042462845010615,-0.0056247948263039044,0.5130890052356021,88,97.0,6.0,64,60.0,30.0,9.0,28.0,,,,monday,,
weekly_weekday_path,,10,191,191,106,,-0.0207792207792207,-0.017501393964553684,0.387434554973822,114,74.0,3.0,53,41.0,64.0,18.0,15.0,,,,monday,,
weekly_weekday_path,,15,191,191,106,,-0.0051020408163263,-0.009294923157531599,0.4607329842931937,101,88.0,2.0,44,43.0,59.0,35.0,10.0,,,,monday,,
weekly_weekday_path,,20,191,189,106,,-0.0311418685121106,-0.03324109767560513,0.37566137566137564,118,71.0,,43,32.0,75.0,31.0,8.0,2.0,2.0,,monday,,
weekly_weekday_path,,1,119,119,75,,-0.0033167495854063,-0.003360959988215816,0.44537815126050423,63,46.0,10.0,71,46.0,2.0,,,,,,tuesday_A,,
weekly_weekday_path,,2,119,119,75,,-0.0065019505851755,-0.00832873874228311,0.40336134453781514,66,47.0,6.0,66,36.0,6.0,2.0,9.0,,,,tuesday_A,,
weekly_weekday_path,,3,119,119,75,,-0.0135970333745364,-0.006910934126671979,0.37815126050420167,73,42.0,4.0,67,32.0,10.0,4.0,6.0,,,,tuesday_A,,
weekly_weekday_path,,5,119,119,75,,-0.0237885462555065,-0.023159835206236077,0.2773109243697479,84,31.0,4.0,70,24.0,18.0,4.0,3.0,,,,tuesday_A,,
weekly_weekday_path,,10,119,119,75,,-0.0477386934673367,-0.04100909615872433,0.2857142857142857,83,33.0,3.0,61,19.0,25.0,12.0,2.0,,,,tuesday_A,,
weekly_weekday_path,,15,119,115,75,,-0.0482456140350877,-0.049299636073924985,0.20869565217391303,90,24.0,1.0,55,14.0,36.0,7.0,3.0,4.0,4.0,,tuesday_A,,
weekly_weekday_path,,20,119,115,75,,-0.0692615912993701,-0.06517675349606741,0.20869565217391303,90,23.0,2.0,50,11.0,42.0,9.0,3.0,4.0,4.0,,tuesday_A,,
weekly_weekday_path,,1,13,13,11,,-0.0062351914203766,-0.0004085742233673231,0.38461538461538464,7,5.0,1.0,8,5.0,,,,,,,tuesday_B,,
weekly_weekday_path,,2,13,13,11,,-0.0048634493078937,-0.010590961243487492,0.38461538461538464,8,4.0,1.0,8,3.0,1.0,,1.0,,,,tuesday_B,,
weekly_weekday_path,,3,13,13,11,,-0.0142162364384587,-0.01893885146357064,0.23076923076923078,10,3.0,,8,3.0,2.0,,,,,,tuesday_B,,
weekly_weekday_path,,5,13,13,11,,-0.0428134556574923,-0.030163797663825317,0.15384615384615385,10,2.0,1.0,9,2.0,2.0,,,,,,tuesday_B,,
weekly_weekday_path,,10,13,13,11,,-0.0939490445859871,-0.06824338886284077,0.23076923076923078,10,3.0,,9,2.0,1.0,1.0,,,,,tuesday_B,,
weekly_weekday_path,,15,13,13,11,,-0.0590809628008753,-0.06299451806258739,0.23076923076923078,10,3.0,,8,2.0,2.0,1.0,,,,,tuesday_B,,
weekly_weekday_path,,20,13,13,11,,-0.0579868708971554,-0.06382923592452759,0.23076923076923078,10,2.0,1.0,8,2.0,3.0,,,,,,tuesday_B,,
weekly_weekday_path,,1,4,4,4,,0.0017751233876653998,-0.003179957429999425,0.5,2,2.0,,2,2.0,,,,,,,tuesday_C,,
weekly_weekday_path,,2,4,4,4,,-0.025639495564307502,-0.020224988946333775,0.25,3,1.0,,3,1.0,,,,,,,tuesday_C,,
weekly_weekday_path,,3,4,4,4,,-0.0277479412817758,-0.02984686725958655,0.25,3,1.0,,3,1.0,,,,,,,tuesday_C,,
weekly_weekday_path,,5,4,4,4,,-0.0472013366750208,-0.04777704631343815,0.25,3,1.0,,3,1.0,,,,,,,tuesday_C,,
weekly_weekday_path,,10,4,4,4,,-0.07825473850109904,-0.10057908686705669,0.0,4,,,4,,,,,,,,tuesday_C,,
weekly_weekday_path,,15,4,4,4,,-0.0422540647464659,-0.07621750174629673,0.0,4,,,4,,,,,,,,tuesday_C,,
weekly_weekday_path,,20,4,4,4,,-0.07383538210605885,-0.0707880892167091,0.0,4,,,4,,,,,,,,tuesday_C,,
weekly_weekday_path,,1,75,75,56,,0.0013793103448276,0.001947542179507867,0.5066666666666667,34,35.0,6.0,37,35.0,3.0,,,,,,tuesday_gate_failed,,
weekly_weekday_path,,2,75,75,56,,-0.0084210526315789,-0.002344375790224391,0.41333333333333333,42,30.0,3.0,36,24.0,9.0,,6.0,,,,tuesday_gate_failed,,
weekly_weekday_path,,3,75,75,56,,-0.008749356664951,-0.0018968248865851394,0.38666666666666666,45,27.0,3.0,35,21.0,13.0,2.0,4.0,,,,tuesday_gate_failed,,
weekly_weekday_path,,5,75,75,56,,-0.001296176279974,0.006243581328703801,0.49333333333333335,37,36.0,2.0,29,20.0,10.0,7.0,9.0,,,,tuesday_gate_failed,,
weekly_weekday_path,,10,75,75,56,,-0.0275862068965517,-0.00646199782582878,0.37333333333333335,47,28.0,,24,15.0,23.0,5.0,8.0,,,,tuesday_gate_failed,,
weekly_weekday_path,,15,75,73,56,,-0.0094876660341557,0.010738704032795877,0.4657534246575342,38,33.0,2.0,22,14.0,18.0,13.0,6.0,2.0,2.0,,tuesday_gate_failed,,
weekly_weekday_path,,20,75,73,56,,-0.0195865070729053,-0.0015725617785584955,0.4246575342465753,41,31.0,1.0,19,10.0,23.0,17.0,4.0,2.0,2.0,,tuesday_gate_failed,,
weekly_eligibility_state,,1,580,580,148,,-0.0017464678178963499,-0.0018663506493876688,0.453448275862069,288,248.0,44.0,318,248.0,14.0,,,,,,,eligible,
weekly_eligibility_state,,2,580,580,148,,-0.0037803799979447,-0.002682148970984822,0.43448275862068964,309,245.0,26.0,301,190.0,34.0,5.0,50.0,,,,,eligible,
weekly_eligibility_state,,3,580,580,148,,-0.00386613988849965,-0.0015696856677015105,0.4482758620689655,302,251.0,27.0,287,172.0,42.0,14.0,65.0,,,,,eligible,
weekly_eligibility_state,,5,580,580,148,,-0.0091272028117614,-0.0038438755553152925,0.4068965517241379,324,230.0,26.0,272,146.0,78.0,25.0,59.0,,,,,eligible,
weekly_eligibility_state,,10,580,580,148,,-0.0162177372741772,-0.011450698381423319,0.4068965517241379,336,233.0,11.0,206,122.0,141.0,67.0,44.0,,,,,eligible,
weekly_eligibility_state,,15,580,569,148,,-0.0206185567010308,-0.01221943285225109,0.3954305799648506,338,225.0,6.0,172,103.0,172.0,82.0,40.0,11.0,11.0,,,eligible,
weekly_eligibility_state,,20,580,563,148,,-0.0301967172033579,-0.019455432139837657,0.3765541740674956,348,210.0,5.0,159,86.0,194.0,92.0,32.0,17.0,17.0,,,eligible,
weekly_eligibility_state,,1,52,52,39,,-0.0030713568422159497,0.0008250213075967772,0.4423076923076923,28,23.0,1.0,24,23.0,5.0,,,,,,,excluded,
weekly_eligibility_state,,2,52,52,39,,0.0030878455254916503,0.004842890225159326,0.5192307692307693,24,26.0,2.0,21,20.0,5.0,1.0,5.0,,,,,excluded,
weekly_eligibility_state,,3,52,52,39,,-0.0050150451354062,-0.004178200686360896,0.46153846153846156,28,23.0,1.0,20,15.0,9.0,1.0,7.0,,,,,excluded,
weekly_eligibility_state,,5,52,52,39,,-0.0043074960867297,-0.009333918636649407,0.4230769230769231,28,22.0,2.0,15,9.0,15.0,7.0,6.0,,,,,excluded,
weekly_eligibility_state,,10,52,52,39,,-0.0060190904400583,-0.006498123031119376,0.4423076923076923,28,23.0,1.0,15,8.0,14.0,8.0,7.0,,,,,excluded,
weekly_eligibility_state,,15,52,52,39,,-0.0083725842437167,0.007403226302895776,0.4807692307692308,26,25.0,1.0,13,7.0,14.0,15.0,3.0,,,,,excluded,
weekly_eligibility_state,,20,52,52,39,,-0.0592704933326548,-0.035481630482709275,0.38461538461538464,32,19.0,1.0,12,5.0,21.0,11.0,3.0,,,,,excluded,
weekly_eligibility_state,,1,353,353,127,,-0.0049833887043189,-0.004199406034378071,0.39660056657223797,192,137.0,24.0,209,135.0,7.0,2.0,,,,,,observation,
weekly_eligibility_state,,2,353,353,127,,-0.0056022408963585,-0.007517819046617765,0.39660056657223797,196,137.0,20.0,190,97.0,26.0,10.0,30.0,,,,,observation,
weekly_eligibility_state,,3,353,353,127,,-0.0067873303167421,-0.009132011404385158,0.39660056657223797,196,139.0,18.0,174,87.0,40.0,12.0,40.0,,,,,observation,
weekly_eligibility_state,,5,353,353,127,,-0.0107334525939176,-0.007034290282479173,0.43059490084985835,197,150.0,6.0,154,84.0,49.0,23.0,43.0,,,,,observation,
weekly_eligibility_state,,10,353,353,127,,-0.020912547528517,-0.01811871916932087,0.40793201133144474,206,143.0,4.0,125,67.0,85.0,45.0,31.0,,,,,observation,
weekly_eligibility_state,,15,353,352,127,,-0.03681159420289855,-0.01777688936957453,0.375,216,131.0,5.0,108,54.0,113.0,55.0,22.0,1.0,1.0,,,observation,
weekly_eligibility_state,,20,353,333,127,,-0.0554803788903924,-0.024043252614128974,0.33933933933933935,217,111.0,5.0,98,41.0,124.0,54.0,16.0,20.0,20.0,,,observation,
weekly_eligibility_state,,1,75,75,56,,0.0013793103448276,0.001947542179507867,0.5066666666666667,34,35.0,6.0,37,35.0,3.0,,,,,,,unknown,
weekly_eligibility_state,,2,75,75,56,,-0.0084210526315789,-0.002344375790224391,0.41333333333333333,42,30.0,3.0,36,24.0,9.0,,6.0,,,,,unknown,
weekly_eligibility_state,,3,75,75,56,,-0.008749356664951,-0.0018968248865851394,0.38666666666666666,45,27.0,3.0,35,21.0,13.0,2.0,4.0,,,,,unknown,
weekly_eligibility_state,,5,75,75,56,,-0.001296176279974,0.006243581328703801,0.49333333333333335,37,36.0,2.0,29,20.0,10.0,7.0,9.0,,,,,unknown,
weekly_eligibility_state,,10,75,75,56,,-0.0275862068965517,-0.00646199782582878,0.37333333333333335,47,28.0,,24,15.0,23.0,5.0,8.0,,,,,unknown,
weekly_eligibility_state,,15,75,73,56,,-0.0094876660341557,0.010738704032795877,0.4657534246575342,38,33.0,2.0,22,14.0,18.0,13.0,6.0,2.0,2.0,,,unknown,
weekly_eligibility_state,,20,75,73,56,,-0.0195865070729053,-0.0015725617785584955,0.4246575342465753,41,31.0,1.0,19,10.0,23.0,17.0,4.0,2.0,2.0,,,unknown,
half,,1,527,527,139,,-0.0019120458891014,-0.0008558440272391619,0.4573055028462998,260,230.0,37.0,283,230.0,14.0,,,,,,,,2026Q1
half,,2,527,527,139,,-0.0033333333333332,-0.0017481205057766859,0.4250474383301708,275,220.0,32.0,266,162.0,41.0,6.0,52.0,,,,,,2026Q1
half,,3,527,527,139,,-0.0025940337224383,-0.002961250237276122,0.444022770398482,266,225.0,36.0,247,147.0,55.0,14.0,64.0,,,,,,2026Q1
half,,5,527,527,139,,-0.0094161958568739,-0.003520827939446214,0.4155597722960152,300,214.0,13.0,235,128.0,78.0,26.0,60.0,,,,,,2026Q1
half,,10,527,527,139,,-0.0219354838709677,-0.014780172364536642,0.3738140417457306,326,196.0,5.0,199,105.0,132.0,50.0,41.0,,,,,,2026Q1
half,,15,527,527,139,,-0.0298325191905094,-0.011215369462788475,0.38140417457305503,320,200.0,7.0,179,93.0,148.0,77.0,30.0,,,,,,2026Q1
half,,20,527,527,139,,-0.0317460317460318,-0.013835419358221655,0.3889943074003795,317,201.0,9.0,161,78.0,165.0,99.0,24.0,,,,,,2026Q1
half,,1,367,367,108,,-0.0073529411764706,-0.004659899136161037,0.3978201634877384,202,139.0,26.0,219,139.0,9.0,,,,,,,,2026Q2
half,,2,367,367,108,,-0.0081300813008129,-0.005821095131788907,0.4087193460490463,208,146.0,13.0,203,115.0,18.0,10.0,21.0,,,,,,2026Q2
half,,3,367,367,108,,-0.0111524163568772,-0.005312400852404981,0.3869209809264305,218,142.0,7.0,192,101.0,33.0,14.0,27.0,,,,,,2026Q2
half,,5,367,367,108,,-0.0109126984126983,-0.004300832711386737,0.4114441416893733,204,149.0,14.0,167,88.0,51.0,28.0,33.0,,,,,,2026Q2
half,,10,367,367,108,,-0.0152091254752851,-0.00997602928701084,0.4223433242506812,206,155.0,6.0,116,65.0,96.0,60.0,30.0,,,,,,2026Q2
half,,15,367,367,108,,-0.0217983651226157,-0.004580477325775829,0.4114441416893733,211,150.0,6.0,99,55.0,118.0,67.0,28.0,,,,,,2026Q2
half,,20,367,367,108,,-0.055421686746988,-0.027674598574533187,0.31607629427792916,249,116.0,2.0,97,44.0,154.0,51.0,21.0,,,,,,2026Q2
half,,1,166,166,47,,0.0,-0.0012933382529882298,0.463855421686747,80,74.0,12.0,86,72.0,6.0,2.0,,,,,,,2026Q3
half,,2,166,166,47,,-0.0034444050573082,-0.006480921682379332,0.4578313253012048,88,72.0,6.0,79,54.0,15.0,,18.0,,,,,,2026Q3
half,,3,166,166,47,,-0.0030913965670232,-0.005923590526038216,0.463855421686747,87,73.0,6.0,77,47.0,16.0,1.0,25.0,,,,,,2026Q3
half,,5,166,166,47,,-0.0017064846416381,-0.007805816458336833,0.463855421686747,82,75.0,9.0,68,43.0,23.0,8.0,24.0,,,,,,2026Q3
half,,10,166,166,47,,-0.0059396943411813,-0.014515129988598626,0.4759036144578313,85,76.0,5.0,55,42.0,35.0,15.0,19.0,,,,,,2026Q3
half,,15,166,152,47,,-0.0157745068231002,-0.029275620417284026,0.42105263157894735,87,64.0,1.0,37,30.0,51.0,21.0,13.0,14.0,14.0,,,,2026Q3
half,,20,166,127,47,,-0.0131868131868131,-0.02733708292545441,0.4330708661417323,72,54.0,1.0,30,20.0,43.0,24.0,10.0,39.0,39.0,,,,2026Q3
